[OVERALL], RunTime(ms), 9261
[OVERALL], Throughput(ops/sec), 215.959399632869
[TOTAL_GCS_Copy], Count, 6
[TOTAL_GC_TIME_Copy], Time(ms), 36
[TOTAL_GC_TIME_%_Copy], Time(%), 0.3887269193391642
[TOTAL_GCS_MarkSweepCompact], Count, 1
[TOTAL_GC_TIME_MarkSweepCompact], Time(ms), 12
[TOTAL_GC_TIME_%_MarkSweepCompact], Time(%), 0.12957563977972142
[TOTAL_GCs], Count, 7
[TOTAL_GC_TIME], Time(ms), 48
[TOTAL_GC_TIME_%], Time(%), 0.5183025591188857
[CLEANUP], Operations, 8
[CLEANUP], AverageLatency(us), 277379.125
[CLEANUP], MinLatency(us), 2
[CLEANUP], MaxLatency(us), 2220031
[CLEANUP], 95thPercentileLatency(us), 2220031
[CLEANUP], 99thPercentileLatency(us), 2220031
[INSERT], Operations, 2000
[INSERT], AverageLatency(us), 20857.6665
[INSERT], MinLatency(us), 1733
[INSERT], MaxLatency(us), 85887
[INSERT], 95thPercentileLatency(us), 48191
[INSERT], 99thPercentileLatency(us), 56927
[INSERT], Return=OK, 2000
