[OVERALL], RunTime(ms), 5249
[OVERALL], Throughput(ops/sec), 381.02495713469233
[TOTAL_GCS_Copy], Count, 11
[TOTAL_GC_TIME_Copy], Time(ms), 43
[TOTAL_GC_TIME_%_Copy], Time(%), 0.8192036578395885
[TOTAL_GCS_MarkSweepCompact], Count, 1
[TOTAL_GC_TIME_MarkSweepCompact], Time(ms), 12
[TOTAL_GC_TIME_%_MarkSweepCompact], Time(%), 0.2286149742808154
[TOTAL_GCs], Count, 12
[TOTAL_GC_TIME], Time(ms), 55
[TOTAL_GC_TIME_%], Time(%), 1.047818632120404
[CLEANUP], Operations, 128
[CLEANUP], AverageLatency(us), 17385.296875
[CLEANUP], MinLatency(us), 1
[CLEANUP], MaxLatency(us), 2226175
[CLEANUP], 95thPercentileLatency(us), 2
[CLEANUP], 99thPercentileLatency(us), 6
[INSERT], Operations, 2000
[INSERT], AverageLatency(us), 92934.861
[INSERT], MinLatency(us), 2936
[INSERT], MaxLatency(us), 768511
[INSERT], 95thPercentileLatency(us), 560127
[INSERT], 99thPercentileLatency(us), 709631
[INSERT], Return=OK, 2000
