[OVERALL], RunTime(ms), 29635
[OVERALL], Throughput(ops/sec), 101.23165176311794
[TOTAL_GCS_Copy], Count, 7
[TOTAL_GC_TIME_Copy], Time(ms), 36
[TOTAL_GC_TIME_%_Copy], Time(%), 0.12147798211574153
[TOTAL_GCS_MarkSweepCompact], Count, 1
[TOTAL_GC_TIME_MarkSweepCompact], Time(ms), 11
[TOTAL_GC_TIME_%_MarkSweepCompact], Time(%), 0.03711827231314324
[TOTAL_GCs], Count, 8
[TOTAL_GC_TIME], Time(ms), 47
[TOTAL_GC_TIME_%], Time(%), 0.15859625442888478
[READ], Operations, 3000
[READ], AverageLatency(us), 276417.75433333335
[READ], MinLatency(us), 1055
[READ], MaxLatency(us), 24412159
[READ], 95thPercentileLatency(us), 39615
[READ], 99thPercentileLatency(us), 24346623
[READ], Return=OK, 3000
[CLEANUP], Operations, 32
[CLEANUP], AverageLatency(us), 69601.375
[CLEANUP], MinLatency(us), 1
[CLEANUP], MaxLatency(us), 2228223
[CLEANUP], 95thPercentileLatency(us), 2
[CLEANUP], 99thPercentileLatency(us), 2228223
