[OVERALL], RunTime(ms), 51263
[OVERALL], Throughput(ops/sec), 39.014493884478085
[TOTAL_GCS_Copy], Count, 6
[TOTAL_GC_TIME_Copy], Time(ms), 36
[TOTAL_GC_TIME_%_Copy], Time(%), 0.07022608899206055
[TOTAL_GCS_MarkSweepCompact], Count, 1
[TOTAL_GC_TIME_MarkSweepCompact], Time(ms), 11
[TOTAL_GC_TIME_%_MarkSweepCompact], Time(%), 0.021457971636462948
[TOTAL_GCs], Count, 7
[TOTAL_GC_TIME], Time(ms), 47
[TOTAL_GC_TIME_%], Time(%), 0.0916840606285235
[CLEANUP], Operations, 1
[CLEANUP], AverageLatency(us), 2223104.0
[CLEANUP], MinLatency(us), 2222080
[CLEANUP], MaxLatency(us), 2224127
[CLEANUP], 95thPercentileLatency(us), 2224127
[CLEANUP], 99thPercentileLatency(us), 2224127
[INSERT], Operations, 2000
[INSERT], AverageLatency(us), 23763.34
[INSERT], MinLatency(us), 1757
[INSERT], MaxLatency(us), 12058623
[INSERT], 95thPercentileLatency(us), 41535
[INSERT], 99thPercentileLatency(us), 46847
[INSERT], Return=OK, 2000
