[OVERALL], RunTime(ms), 13821
[OVERALL], Throughput(ops/sec), 144.70732942623545
[TOTAL_GCS_Copy], Count, 6
[TOTAL_GC_TIME_Copy], Time(ms), 36
[TOTAL_GC_TIME_%_Copy], Time(%), 0.2604731929672238
[TOTAL_GCS_MarkSweepCompact], Count, 1
[TOTAL_GC_TIME_MarkSweepCompact], Time(ms), 11
[TOTAL_GC_TIME_%_MarkSweepCompact], Time(%), 0.07958903118442949
[TOTAL_GCs], Count, 7
[TOTAL_GC_TIME], Time(ms), 47
[TOTAL_GC_TIME_%], Time(%), 0.34006222415165327
[CLEANUP], Operations, 4
[CLEANUP], AverageLatency(us), 555779.25
[CLEANUP], MinLatency(us), 3
[CLEANUP], MaxLatency(us), 2224127
[CLEANUP], 95thPercentileLatency(us), 2224127
[CLEANUP], 99thPercentileLatency(us), 2224127
[INSERT], Operations, 2000
[INSERT], AverageLatency(us), 19922.0265
[INSERT], MinLatency(us), 1773
[INSERT], MaxLatency(us), 86463
[INSERT], 95thPercentileLatency(us), 46911
[INSERT], 99thPercentileLatency(us), 60991
[INSERT], Return=OK, 2000
