[OVERALL], RunTime(ms), 5229
[OVERALL], Throughput(ops/sec), 382.4823101931536
[TOTAL_GCS_Copy], Count, 8
[TOTAL_GC_TIME_Copy], Time(ms), 37
[TOTAL_GC_TIME_%_Copy], Time(%), 0.707592273857334
[TOTAL_GCS_MarkSweepCompact], Count, 1
[TOTAL_GC_TIME_MarkSweepCompact], Time(ms), 11
[TOTAL_GC_TIME_%_MarkSweepCompact], Time(%), 0.21036527060623444
[TOTAL_GCs], Count, 9
[TOTAL_GC_TIME], Time(ms), 48
[TOTAL_GC_TIME_%], Time(%), 0.9179575444635685
[CLEANUP], Operations, 64
[CLEANUP], AverageLatency(us), 34833.46875
[CLEANUP], MinLatency(us), 1
[CLEANUP], MaxLatency(us), 2230271
[CLEANUP], 95thPercentileLatency(us), 2
[CLEANUP], 99thPercentileLatency(us), 21
[INSERT], Operations, 2000
[INSERT], AverageLatency(us), 46842.514
[INSERT], MinLatency(us), 3968
[INSERT], MaxLatency(us), 433407
[INSERT], 95thPercentileLatency(us), 97087
[INSERT], 99thPercentileLatency(us), 391679
[INSERT], Return=OK, 2000
