[OVERALL], RunTime(ms), 20213
[OVERALL], Throughput(ops/sec), 197.89244545589472
[TOTAL_GCS_Copy], Count, 7
[TOTAL_GC_TIME_Copy], Time(ms), 36
[TOTAL_GC_TIME_%_Copy], Time(%), 0.17810320091030524
[TOTAL_GCS_MarkSweepCompact], Count, 1
[TOTAL_GC_TIME_MarkSweepCompact], Time(ms), 11
[TOTAL_GC_TIME_%_MarkSweepCompact], Time(%), 0.054420422500371046
[TOTAL_GCs], Count, 8
[TOTAL_GC_TIME], Time(ms), 47
[TOTAL_GC_TIME_%], Time(%), 0.2325236234106763
[READ], Operations, 3794
[READ], AverageLatency(us), 66735.99894570374
[READ], MinLatency(us), 1239
[READ], MaxLatency(us), 12279807
[READ], 95thPercentileLatency(us), 23087
[READ], 99thPercentileLatency(us), 34687
[READ], Return=OK, 3794
[CLEANUP], Operations, 16
[CLEANUP], AverageLatency(us), 139074.5
[CLEANUP], MinLatency(us), 1
[CLEANUP], MaxLatency(us), 2226175
[CLEANUP], 95thPercentileLatency(us), 7
[CLEANUP], 99thPercentileLatency(us), 2226175
[INSERT], Operations, 206
[INSERT], AverageLatency(us), 39039.961165048546
[INSERT], MinLatency(us), 20256
[INSERT], MaxLatency(us), 101503
[INSERT], 95thPercentileLatency(us), 71551
[INSERT], 99thPercentileLatency(us), 78271
[INSERT], Return=OK, 206
