[OVERALL], RunTime(ms), 5477
[OVERALL], Throughput(ops/sec), 365.16341062625526
[TOTAL_GCS_Copy], Count, 7
[TOTAL_GC_TIME_Copy], Time(ms), 36
[TOTAL_GC_TIME_%_Copy], Time(%), 0.6572941391272594
[TOTAL_GCS_MarkSweepCompact], Count, 1
[TOTAL_GC_TIME_MarkSweepCompact], Time(ms), 11
[TOTAL_GC_TIME_%_MarkSweepCompact], Time(%), 0.20083987584444038
[TOTAL_GCs], Count, 8
[TOTAL_GC_TIME], Time(ms), 47
[TOTAL_GC_TIME_%], Time(%), 0.8581340149716999
[CLEANUP], Operations, 16
[CLEANUP], AverageLatency(us), 138945.4375
[CLEANUP], MinLatency(us), 1
[CLEANUP], MaxLatency(us), 2224127
[CLEANUP], 95thPercentileLatency(us), 6
[CLEANUP], 99thPercentileLatency(us), 2224127
[INSERT], Operations, 2000
[INSERT], AverageLatency(us), 13124.5015
[INSERT], MinLatency(us), 2092
[INSERT], MaxLatency(us), 128191
[INSERT], 95thPercentileLatency(us), 37407
[INSERT], 99thPercentileLatency(us), 49247
[INSERT], Return=OK, 2000
