[OVERALL], RunTime(ms), 38991
[OVERALL], Throughput(ops/sec), 51.293888333205096
[TOTAL_GCS_Copy], Count, 6
[TOTAL_GC_TIME_Copy], Time(ms), 37
[TOTAL_GC_TIME_%_Copy], Time(%), 0.09489369341642943
[TOTAL_GCS_MarkSweepCompact], Count, 1
[TOTAL_GC_TIME_MarkSweepCompact], Time(ms), 12
[TOTAL_GC_TIME_%_MarkSweepCompact], Time(%), 0.030776332999923058
[TOTAL_GCs], Count, 7
[TOTAL_GC_TIME], Time(ms), 49
[TOTAL_GC_TIME_%], Time(%), 0.1256700264163525
[CLEANUP], Operations, 1
[CLEANUP], AverageLatency(us), 2219008.0
[CLEANUP], MinLatency(us), 2217984
[CLEANUP], MaxLatency(us), 2220031
[CLEANUP], 95thPercentileLatency(us), 2220031
[CLEANUP], 99thPercentileLatency(us), 2220031
[INSERT], Operations, 2000
[INSERT], AverageLatency(us), 17613.8175
[INSERT], MinLatency(us), 2266
[INSERT], MaxLatency(us), 52031
[INSERT], 95thPercentileLatency(us), 41599
[INSERT], 99thPercentileLatency(us), 47071
[INSERT], Return=OK, 2000
