[OVERALL], RunTime(ms), 5491
[OVERALL], Throughput(ops/sec), 364.23238025860496
[TOTAL_GCS_Copy], Count, 5
[TOTAL_GC_TIME_Copy], Time(ms), 34
[TOTAL_GC_TIME_%_Copy], Time(%), 0.6191950464396285
[TOTAL_GCS_MarkSweepCompact], Count, 1
[TOTAL_GC_TIME_MarkSweepCompact], Time(ms), 11
[TOTAL_GC_TIME_%_MarkSweepCompact], Time(%), 0.20032780914223275
[TOTAL_GCs], Count, 6
[TOTAL_GC_TIME], Time(ms), 45
[TOTAL_GC_TIME_%], Time(%), 0.8195228555818612
[READ], Operations, 2000
[READ], AverageLatency(us), 7028.483
[READ], MinLatency(us), 1128
[READ], MaxLatency(us), 81983
[READ], 95thPercentileLatency(us), 13311
[READ], 99thPercentileLatency(us), 18671
[READ], Return=OK, 2000
[CLEANUP], Operations, 8
[CLEANUP], AverageLatency(us), 278659.125
[CLEANUP], MinLatency(us), 1
[CLEANUP], MaxLatency(us), 2230271
[CLEANUP], 95thPercentileLatency(us), 2230271
[CLEANUP], 99thPercentileLatency(us), 2230271
