[OVERALL], RunTime(ms), 14013
[OVERALL], Throughput(ops/sec), 285.44922571897524
[TOTAL_GCS_Copy], Count, 6
[TOTAL_GC_TIME_Copy], Time(ms), 33
[TOTAL_GC_TIME_%_Copy], Time(%), 0.23549561121815457
[TOTAL_GCS_MarkSweepCompact], Count, 1
[TOTAL_GC_TIME_MarkSweepCompact], Time(ms), 12
[TOTAL_GC_TIME_%_MarkSweepCompact], Time(%), 0.08563476771569258
[TOTAL_GCs], Count, 7
[TOTAL_GC_TIME], Time(ms), 45
[TOTAL_GC_TIME_%], Time(%), 0.3211303789338471
[READ], Operations, 2020
[READ], AverageLatency(us), 3893.2173267326734
[READ], MinLatency(us), 793
[READ], MaxLatency(us), 40959
[READ], 95thPercentileLatency(us), 7531
[READ], 99thPercentileLatency(us), 8663
[READ], Return=OK, 2020
[CLEANUP], Operations, 2
[CLEANUP], AverageLatency(us), 1108483.5
[CLEANUP], MinLatency(us), 7
[CLEANUP], MaxLatency(us), 2217983
[CLEANUP], 95thPercentileLatency(us), 2217983
[CLEANUP], 99thPercentileLatency(us), 2217983
[UPDATE], Operations, 1980
[UPDATE], AverageLatency(us), 6337.082828282828
[UPDATE], MinLatency(us), 1640
[UPDATE], MaxLatency(us), 44031
[UPDATE], 95thPercentileLatency(us), 8679
[UPDATE], 99thPercentileLatency(us), 11447
[UPDATE], Return=OK, 1980
