[OVERALL], RunTime(ms), 17296
[OVERALL], Throughput(ops/sec), 115.63367252543941
[TOTAL_GCS_Copy], Count, 11
[TOTAL_GC_TIME_Copy], Time(ms), 44
[TOTAL_GC_TIME_%_Copy], Time(%), 0.2543940795559667
[TOTAL_GCS_MarkSweepCompact], Count, 1
[TOTAL_GC_TIME_MarkSweepCompact], Time(ms), 12
[TOTAL_GC_TIME_%_MarkSweepCompact], Time(%), 0.06938020351526364
[TOTAL_GCs], Count, 12
[TOTAL_GC_TIME], Time(ms), 56
[TOTAL_GC_TIME_%], Time(%), 0.32377428307123035
[CLEANUP], Operations, 128
[CLEANUP], AverageLatency(us), 17481.2109375
[CLEANUP], MinLatency(us), 1
[CLEANUP], MaxLatency(us), 2238463
[CLEANUP], 95thPercentileLatency(us), 2
[CLEANUP], 99thPercentileLatency(us), 6
[INSERT], Operations, 2000
[INSERT], AverageLatency(us), 864486.061
[INSERT], MinLatency(us), 4572
[INSERT], MaxLatency(us), 12845055
[INSERT], 95thPercentileLatency(us), 12607487
[INSERT], 99thPercentileLatency(us), 12771327
[INSERT], Return=OK, 2000
