[OVERALL], RunTime(ms), 6617
[OVERALL], Throughput(ops/sec), 302.2517757291824
[TOTAL_GCS_Copy], Count, 7
[TOTAL_GC_TIME_Copy], Time(ms), 35
[TOTAL_GC_TIME_%_Copy], Time(%), 0.5289406075260692
[TOTAL_GCS_MarkSweepCompact], Count, 1
[TOTAL_GC_TIME_MarkSweepCompact], Time(ms), 11
[TOTAL_GC_TIME_%_MarkSweepCompact], Time(%), 0.16623847665105032
[TOTAL_GCs], Count, 8
[TOTAL_GC_TIME], Time(ms), 46
[TOTAL_GC_TIME_%], Time(%), 0.6951790841771196
[CLEANUP], Operations, 32
[CLEANUP], AverageLatency(us), 69410.125
[CLEANUP], MinLatency(us), 1
[CLEANUP], MaxLatency(us), 2222079
[CLEANUP], 95thPercentileLatency(us), 4
[CLEANUP], 99thPercentileLatency(us), 2222079
[INSERT], Operations, 2000
[INSERT], AverageLatency(us), 44493.828
[INSERT], MinLatency(us), 23200
[INSERT], MaxLatency(us), 264191
[INSERT], 95thPercentileLatency(us), 66111
[INSERT], 99thPercentileLatency(us), 216831
[INSERT], Return=OK, 2000
