[OVERALL], RunTime(ms), 65545
[OVERALL], Throughput(ops/sec), 30.51338774887482
[TOTAL_GCS_Copy], Count, 12
[TOTAL_GC_TIME_Copy], Time(ms), 50
[TOTAL_GC_TIME_%_Copy], Time(%), 0.07628346937218705
[TOTAL_GCS_MarkSweepCompact], Count, 1
[TOTAL_GC_TIME_MarkSweepCompact], Time(ms), 12
[TOTAL_GC_TIME_%_MarkSweepCompact], Time(%), 0.01830803264932489
[TOTAL_GCs], Count, 13
[TOTAL_GC_TIME], Time(ms), 62
[TOTAL_GC_TIME_%], Time(%), 0.09459150202151194
[CLEANUP], Operations, 128
[CLEANUP], AverageLatency(us), 17385.2890625
[CLEANUP], MinLatency(us), 1
[CLEANUP], MaxLatency(us), 2226175
[CLEANUP], 95thPercentileLatency(us), 2
[CLEANUP], 99thPercentileLatency(us), 14
[INSERT], Operations, 2000
[INSERT], AverageLatency(us), 3952074.619
[INSERT], MinLatency(us), 7992
[INSERT], MaxLatency(us), 61079551
[INSERT], 95thPercentileLatency(us), 60882943
[INSERT], 99thPercentileLatency(us), 61046783
[INSERT], Return=OK, 2000
