[OVERALL], RunTime(ms), 32357
[OVERALL], Throughput(ops/sec), 61.8104274191056
[TOTAL_GCS_Copy], Count, 28
[TOTAL_GC_TIME_Copy], Time(ms), 59
[TOTAL_GC_TIME_%_Copy], Time(%), 0.18234076088636153
[TOTAL_GCS_MarkSweepCompact], Count, 1
[TOTAL_GC_TIME_MarkSweepCompact], Time(ms), 11
[TOTAL_GC_TIME_%_MarkSweepCompact], Time(%), 0.033995735080508085
[TOTAL_GCs], Count, 29
[TOTAL_GC_TIME], Time(ms), 70
[TOTAL_GC_TIME_%], Time(%), 0.2163364959668696
[CLEANUP], Operations, 2
[CLEANUP], AverageLatency(us), 1112580.0
[CLEANUP], MinLatency(us), 8
[CLEANUP], MaxLatency(us), 2226175
[CLEANUP], 95thPercentileLatency(us), 2226175
[CLEANUP], 99thPercentileLatency(us), 2226175
[INSERT], Operations, 91
[INSERT], AverageLatency(us), 34729.846153846156
[INSERT], MinLatency(us), 8856
[INSERT], MaxLatency(us), 77055
[INSERT], 95thPercentileLatency(us), 43071
[INSERT], 99thPercentileLatency(us), 46431
[INSERT], Return=OK, 91
[SCAN], Operations, 1909
[SCAN], AverageLatency(us), 28201.13357778942
[SCAN], MinLatency(us), 1651
[SCAN], MaxLatency(us), 12181503
[SCAN], 95thPercentileLatency(us), 24767
[SCAN], 99thPercentileLatency(us), 36863
[SCAN], Return=OK, 1909
