[OVERALL], RunTime(ms), 5825
[OVERALL], Throughput(ops/sec), 343.3476394849785
[TOTAL_GCS_Copy], Count, 7
[TOTAL_GC_TIME_Copy], Time(ms), 40
[TOTAL_GC_TIME_%_Copy], Time(%), 0.6866952789699571
[TOTAL_GCS_MarkSweepCompact], Count, 1
[TOTAL_GC_TIME_MarkSweepCompact], Time(ms), 11
[TOTAL_GC_TIME_%_MarkSweepCompact], Time(%), 0.1888412017167382
[TOTAL_GCs], Count, 8
[TOTAL_GC_TIME], Time(ms), 51
[TOTAL_GC_TIME_%], Time(%), 0.8755364806866953
[CLEANUP], Operations, 16
[CLEANUP], AverageLatency(us), 139202.0
[CLEANUP], MinLatency(us), 1
[CLEANUP], MaxLatency(us), 2228223
[CLEANUP], 95thPercentileLatency(us), 7
[CLEANUP], 99thPercentileLatency(us), 2228223
[INSERT], Operations, 2000
[INSERT], AverageLatency(us), 16813.0
[INSERT], MinLatency(us), 5204
[INSERT], MaxLatency(us), 151423
[INSERT], 95thPercentileLatency(us), 39167
[INSERT], 99thPercentileLatency(us), 69631
[INSERT], Return=OK, 2000
