[OVERALL], RunTime(ms), 8499
[OVERALL], Throughput(ops/sec), 352.98270384751146
[TOTAL_GCS_Copy], Count, 42
[TOTAL_GC_TIME_Copy], Time(ms), 84
[TOTAL_GC_TIME_%_Copy], Time(%), 0.9883515707730322
[TOTAL_GCS_MarkSweepCompact], Count, 1
[TOTAL_GC_TIME_MarkSweepCompact], Time(ms), 11
[TOTAL_GC_TIME_%_MarkSweepCompact], Time(%), 0.1294269914107542
[TOTAL_GCs], Count, 43
[TOTAL_GC_TIME], Time(ms), 95
[TOTAL_GC_TIME_%], Time(%), 1.1177785621837864
[CLEANUP], Operations, 16
[CLEANUP], AverageLatency(us), 139202.25
[CLEANUP], MinLatency(us), 1
[CLEANUP], MaxLatency(us), 2228223
[CLEANUP], 95thPercentileLatency(us), 6
[CLEANUP], 99thPercentileLatency(us), 2228223
[INSERT], Operations, 146
[INSERT], AverageLatency(us), 36892.59589041096
[INSERT], MinLatency(us), 4004
[INSERT], MaxLatency(us), 121599
[INSERT], 95thPercentileLatency(us), 59007
[INSERT], 99thPercentileLatency(us), 83583
[INSERT], Return=OK, 146
[SCAN], Operations, 2854
[SCAN], AverageLatency(us), 23792.861948142956
[SCAN], MinLatency(us), 2836
[SCAN], MaxLatency(us), 189567
[SCAN], 95thPercentileLatency(us), 43135
[SCAN], 99thPercentileLatency(us), 53823
[SCAN], Return=OK, 2854
