[OVERALL], RunTime(ms), 5871
[OVERALL], Throughput(ops/sec), 681.3149378300119
[TOTAL_GCS_Copy], Count, 7
[TOTAL_GC_TIME_Copy], Time(ms), 38
[TOTAL_GC_TIME_%_Copy], Time(%), 0.6472491909385114
[TOTAL_GCS_MarkSweepCompact], Count, 1
[TOTAL_GC_TIME_MarkSweepCompact], Time(ms), 11
[TOTAL_GC_TIME_%_MarkSweepCompact], Time(%), 0.18736160790325326
[TOTAL_GCs], Count, 8
[TOTAL_GC_TIME], Time(ms), 49
[TOTAL_GC_TIME_%], Time(%), 0.8346107988417647
[READ], Operations, 3789
[READ], AverageLatency(us), 8469.978622327792
[READ], MinLatency(us), 812
[READ], MaxLatency(us), 153343
[READ], 95thPercentileLatency(us), 21231
[READ], 99thPercentileLatency(us), 31215
[READ], Return=OK, 3789
[CLEANUP], Operations, 16
[CLEANUP], AverageLatency(us), 139329.9375
[CLEANUP], MinLatency(us), 1
[CLEANUP], MaxLatency(us), 2230271
[CLEANUP], 95thPercentileLatency(us), 6
[CLEANUP], 99thPercentileLatency(us), 2230271
[UPDATE], Operations, 211
[UPDATE], AverageLatency(us), 12225.625592417062
[UPDATE], MinLatency(us), 2300
[UPDATE], MaxLatency(us), 129663
[UPDATE], 95thPercentileLatency(us), 31231
[UPDATE], 99thPercentileLatency(us), 58559
[UPDATE], Return=OK, 211
