[OVERALL], RunTime(ms), 5192
[OVERALL], Throughput(ops/sec), 385.2080123266564
[TOTAL_GCS_Copy], Count, 8
[TOTAL_GC_TIME_Copy], Time(ms), 37
[TOTAL_GC_TIME_%_Copy], Time(%), 0.7126348228043143
[TOTAL_GCS_MarkSweepCompact], Count, 1
[TOTAL_GC_TIME_MarkSweepCompact], Time(ms), 11
[TOTAL_GC_TIME_%_MarkSweepCompact], Time(%), 0.211864406779661
[TOTAL_GCs], Count, 9
[TOTAL_GC_TIME], Time(ms), 48
[TOTAL_GC_TIME_%], Time(%), 0.9244992295839755
[CLEANUP], Operations, 64
[CLEANUP], AverageLatency(us), 34769.25
[CLEANUP], MinLatency(us), 1
[CLEANUP], MaxLatency(us), 2226175
[CLEANUP], 95thPercentileLatency(us), 2
[CLEANUP], 99thPercentileLatency(us), 6
[INSERT], Operations, 2000
[INSERT], AverageLatency(us), 45887.653
[INSERT], MinLatency(us), 5208
[INSERT], MaxLatency(us), 448767
[INSERT], 95thPercentileLatency(us), 94847
[INSERT], 99thPercentileLatency(us), 397311
[INSERT], Return=OK, 2000
