[OVERALL], RunTime(ms), 4681
[OVERALL], Throughput(ops/sec), 213.62956633198036
[TOTAL_GCS_Copy], Count, 6
[TOTAL_GC_TIME_Copy], Time(ms), 32
[TOTAL_GC_TIME_%_Copy], Time(%), 0.6836146122623371
[TOTAL_GCS_MarkSweepCompact], Count, 1
[TOTAL_GC_TIME_MarkSweepCompact], Time(ms), 11
[TOTAL_GC_TIME_%_MarkSweepCompact], Time(%), 0.2349925229651784
[TOTAL_GCs], Count, 7
[TOTAL_GC_TIME], Time(ms), 43
[TOTAL_GC_TIME_%], Time(%), 0.9186071352275156
[READ], Operations, 958
[READ], AverageLatency(us), 29235.717118997913
[READ], MinLatency(us), 1175
[READ], MaxLatency(us), 257151
[READ], 95thPercentileLatency(us), 58207
[READ], 99thPercentileLatency(us), 215167
[READ], Return=OK, 958
[CLEANUP], Operations, 32
[CLEANUP], AverageLatency(us), 69921.15625
[CLEANUP], MinLatency(us), 1
[CLEANUP], MaxLatency(us), 2238463
[CLEANUP], 95thPercentileLatency(us), 2
[CLEANUP], 99thPercentileLatency(us), 2238463
[UPDATE], Operations, 42
[UPDATE], AverageLatency(us), 47144.73809523809
[UPDATE], MinLatency(us), 3044
[UPDATE], MaxLatency(us), 159615
[UPDATE], 95thPercentileLatency(us), 125951
[UPDATE], 99thPercentileLatency(us), 159615
[UPDATE], Return=OK, 42
