[OVERALL], RunTime(ms), 17879
[OVERALL], Throughput(ops/sec), 279.6576989764528
[TOTAL_GCS_Copy], Count, 66
[TOTAL_GC_TIME_Copy], Time(ms), 94
[TOTAL_GC_TIME_%_Copy], Time(%), 0.5257564740757313
[TOTAL_GCS_MarkSweepCompact], Count, 1
[TOTAL_GC_TIME_MarkSweepCompact], Time(ms), 11
[TOTAL_GC_TIME_%_MarkSweepCompact], Time(%), 0.061524693774819623
[TOTAL_GCs], Count, 67
[TOTAL_GC_TIME], Time(ms), 105
[TOTAL_GC_TIME_%], Time(%), 0.587281167850551
[CLEANUP], Operations, 8
[CLEANUP], AverageLatency(us), 278147.5
[CLEANUP], MinLatency(us), 2
[CLEANUP], MaxLatency(us), 2226175
[CLEANUP], 95thPercentileLatency(us), 2226175
[CLEANUP], 99thPercentileLatency(us), 2226175
[INSERT], Operations, 266
[INSERT], AverageLatency(us), 34918.13157894737
[INSERT], MinLatency(us), 3532
[INSERT], MaxLatency(us), 138367
[INSERT], 95thPercentileLatency(us), 46687
[INSERT], 99thPercentileLatency(us), 52319
[INSERT], Return=OK, 266
[SCAN], Operations, 4734
[SCAN], AverageLatency(us), 21567.068863540346
[SCAN], MinLatency(us), 1982
[SCAN], MaxLatency(us), 132607
[SCAN], 95thPercentileLatency(us), 42271
[SCAN], 99thPercentileLatency(us), 48127
[SCAN], Return=OK, 4734
