[OVERALL], RunTime(ms), 29884
[OVERALL], Throughput(ops/sec), 133.8508901084192
[TOTAL_GCS_Copy], Count, 12
[TOTAL_GC_TIME_Copy], Time(ms), 48
[TOTAL_GC_TIME_%_Copy], Time(%), 0.16062106813010307
[TOTAL_GCS_MarkSweepCompact], Count, 1
[TOTAL_GC_TIME_MarkSweepCompact], Time(ms), 12
[TOTAL_GC_TIME_%_MarkSweepCompact], Time(%), 0.04015526703252577
[TOTAL_GCs], Count, 13
[TOTAL_GC_TIME], Time(ms), 60
[TOTAL_GC_TIME_%], Time(%), 0.20077633516262886
[READ], Operations, 2010
[READ], AverageLatency(us), 812376.1636815921
[READ], MinLatency(us), 1063
[READ], MaxLatency(us), 24788991
[READ], 95thPercentileLatency(us), 124735
[READ], 99thPercentileLatency(us), 24657919
[READ], Return=OK, 2010
[CLEANUP], Operations, 128
[CLEANUP], AverageLatency(us), 17401.3671875
[CLEANUP], MinLatency(us), 1
[CLEANUP], MaxLatency(us), 2228223
[CLEANUP], 95thPercentileLatency(us), 2
[CLEANUP], 99thPercentileLatency(us), 6
[UPDATE], Operations, 1990
[UPDATE], AverageLatency(us), 853785.5457286432
[UPDATE], MinLatency(us), 5108
[UPDATE], MaxLatency(us), 24788991
[UPDATE], 95thPercentileLatency(us), 151295
[UPDATE], 99thPercentileLatency(us), 24723455
[UPDATE], Return=OK, 1990
