[OVERALL], RunTime(ms), 7692
[OVERALL], Throughput(ops/sec), 780.0312012480499
[TOTAL_GCS_Copy], Count, 9
[TOTAL_GC_TIME_Copy], Time(ms), 40
[TOTAL_GC_TIME_%_Copy], Time(%), 0.5200208008320333
[TOTAL_GCS_MarkSweepCompact], Count, 1
[TOTAL_GC_TIME_MarkSweepCompact], Time(ms), 11
[TOTAL_GC_TIME_%_MarkSweepCompact], Time(%), 0.14300572022880914
[TOTAL_GCs], Count, 10
[TOTAL_GC_TIME], Time(ms), 51
[TOTAL_GC_TIME_%], Time(%), 0.6630265210608425
[READ], Operations, 5686
[READ], AverageLatency(us), 18724.693633485753
[READ], MinLatency(us), 1659
[READ], MaxLatency(us), 250111
[READ], 95thPercentileLatency(us), 30927
[READ], 99thPercentileLatency(us), 53151
[READ], Return=OK, 5686
[CLEANUP], Operations, 32
[CLEANUP], AverageLatency(us), 69538.09375
[CLEANUP], MinLatency(us), 1
[CLEANUP], MaxLatency(us), 2226175
[CLEANUP], 95thPercentileLatency(us), 3
[CLEANUP], 99thPercentileLatency(us), 2226175
[INSERT], Operations, 314
[INSERT], AverageLatency(us), 49509.07006369427
[INSERT], MinLatency(us), 21920
[INSERT], MaxLatency(us), 246143
[INSERT], 95thPercentileLatency(us), 84927
[INSERT], 99thPercentileLatency(us), 118591
[INSERT], Return=OK, 314
