[OVERALL], RunTime(ms), 6696
[OVERALL], Throughput(ops/sec), 597.3715651135007
[TOTAL_GCS_Copy], Count, 6
[TOTAL_GC_TIME_Copy], Time(ms), 33
[TOTAL_GC_TIME_%_Copy], Time(%), 0.492831541218638
[TOTAL_GCS_MarkSweepCompact], Count, 1
[TOTAL_GC_TIME_MarkSweepCompact], Time(ms), 11
[TOTAL_GC_TIME_%_MarkSweepCompact], Time(%), 0.16427718040621267
[TOTAL_GCs], Count, 7
[TOTAL_GC_TIME], Time(ms), 44
[TOTAL_GC_TIME_%], Time(%), 0.6571087216248507
[READ], Operations, 4000
[READ], AverageLatency(us), 5916.20525
[READ], MinLatency(us), 820
[READ], MaxLatency(us), 86399
[READ], 95thPercentileLatency(us), 11079
[READ], 99thPercentileLatency(us), 15767
[READ], Return=OK, 4000
[CLEANUP], Operations, 8
[CLEANUP], AverageLatency(us), 278146.5
[CLEANUP], MinLatency(us), 2
[CLEANUP], MaxLatency(us), 2226175
[CLEANUP], 95thPercentileLatency(us), 2226175
[CLEANUP], 99thPercentileLatency(us), 2226175
