[OVERALL], RunTime(ms), 52020
[OVERALL], Throughput(ops/sec), 57.67012687427912
[TOTAL_GCS_Copy], Count, 41
[TOTAL_GC_TIME_Copy], Time(ms), 69
[TOTAL_GC_TIME_%_Copy], Time(%), 0.132641291810842
[TOTAL_GCS_MarkSweepCompact], Count, 1
[TOTAL_GC_TIME_MarkSweepCompact], Time(ms), 11
[TOTAL_GC_TIME_%_MarkSweepCompact], Time(%), 0.02114571318723568
[TOTAL_GCs], Count, 42
[TOTAL_GC_TIME], Time(ms), 80
[TOTAL_GC_TIME_%], Time(%), 0.15378700499807768
[CLEANUP], Operations, 1
[CLEANUP], AverageLatency(us), 2216960.0
[CLEANUP], MinLatency(us), 2215936
[CLEANUP], MaxLatency(us), 2217983
[CLEANUP], 95thPercentileLatency(us), 2217983
[CLEANUP], 99thPercentileLatency(us), 2217983
[INSERT], Operations, 150
[INSERT], AverageLatency(us), 30226.506666666668
[INSERT], MinLatency(us), 8896
[INSERT], MaxLatency(us), 46815
[INSERT], 95thPercentileLatency(us), 42463
[INSERT], 99thPercentileLatency(us), 43647
[INSERT], Return=OK, 150
[SCAN], Operations, 2850
[SCAN], AverageLatency(us), 15324.638245614035
[SCAN], MinLatency(us), 1342
[SCAN], MaxLatency(us), 12181503
[SCAN], 95thPercentileLatency(us), 23343
[SCAN], 99thPercentileLatency(us), 26095
[SCAN], Return=OK, 2850
