[OVERALL], RunTime(ms), 5224
[OVERALL], Throughput(ops/sec), 382.84839203675347
[TOTAL_GCS_Copy], Count, 8
[TOTAL_GC_TIME_Copy], Time(ms), 37
[TOTAL_GC_TIME_%_Copy], Time(%), 0.7082695252679938
[TOTAL_GCS_MarkSweepCompact], Count, 1
[TOTAL_GC_TIME_MarkSweepCompact], Time(ms), 11
[TOTAL_GC_TIME_%_MarkSweepCompact], Time(%), 0.2105666156202144
[TOTAL_GCs], Count, 9
[TOTAL_GC_TIME], Time(ms), 48
[TOTAL_GC_TIME_%], Time(%), 0.9188361408882083
[CLEANUP], Operations, 64
[CLEANUP], AverageLatency(us), 34769.125
[CLEANUP], MinLatency(us), 1
[CLEANUP], MaxLatency(us), 2226175
[CLEANUP], 95thPercentileLatency(us), 2
[CLEANUP], 99thPercentileLatency(us), 6
[INSERT], Operations, 2000
[INSERT], AverageLatency(us), 45895.4065
[INSERT], MinLatency(us), 2746
[INSERT], MaxLatency(us), 455679
[INSERT], 95thPercentileLatency(us), 92031
[INSERT], 99thPercentileLatency(us), 402687
[INSERT], Return=OK, 2000
