[OVERALL], RunTime(ms), 6954
[OVERALL], Throughput(ops/sec), 143.80212827149842
[TOTAL_GCS_Copy], Count, 16
[TOTAL_GC_TIME_Copy], Time(ms), 44
[TOTAL_GC_TIME_%_Copy], Time(%), 0.632729364394593
[TOTAL_GCS_MarkSweepCompact], Count, 1
[TOTAL_GC_TIME_MarkSweepCompact], Time(ms), 12
[TOTAL_GC_TIME_%_MarkSweepCompact], Time(%), 0.1725625539257981
[TOTAL_GCs], Count, 17
[TOTAL_GC_TIME], Time(ms), 56
[TOTAL_GC_TIME_%], Time(%), 0.805291918320391
[CLEANUP], Operations, 8
[CLEANUP], AverageLatency(us), 278658.625
[CLEANUP], MinLatency(us), 1
[CLEANUP], MaxLatency(us), 2230271
[CLEANUP], 95thPercentileLatency(us), 2230271
[CLEANUP], 99thPercentileLatency(us), 2230271
[INSERT], Operations, 47
[INSERT], AverageLatency(us), 37245.27659574468
[INSERT], MinLatency(us), 18160
[INSERT], MaxLatency(us), 77247
[INSERT], 95thPercentileLatency(us), 55711
[INSERT], 99thPercentileLatency(us), 77247
[INSERT], Return=OK, 47
[SCAN], Operations, 953
[SCAN], AverageLatency(us), 23782.161594963272
[SCAN], MinLatency(us), 1209
[SCAN], MaxLatency(us), 119487
[SCAN], 95thPercentileLatency(us), 44703
[SCAN], 99thPercentileLatency(us), 65375
[SCAN], Return=OK, 953
