[OVERALL], RunTime(ms), 29093
[OVERALL], Throughput(ops/sec), 171.86264737222012
[TOTAL_GCS_Copy], Count, 7
[TOTAL_GC_TIME_Copy], Time(ms), 33
[TOTAL_GC_TIME_%_Copy], Time(%), 0.11342934726566527
[TOTAL_GCS_MarkSweepCompact], Count, 1
[TOTAL_GC_TIME_MarkSweepCompact], Time(ms), 11
[TOTAL_GC_TIME_%_MarkSweepCompact], Time(%), 0.03780978242188843
[TOTAL_GCs], Count, 8
[TOTAL_GC_TIME], Time(ms), 44
[TOTAL_GC_TIME_%], Time(%), 0.1512391296875537
[READ], Operations, 5000
[READ], AverageLatency(us), 10100.5776
[READ], MinLatency(us), 602
[READ], MaxLatency(us), 12075007
[READ], 95thPercentileLatency(us), 10151
[READ], 99thPercentileLatency(us), 12471
[READ], Return=OK, 5000
[CLEANUP], Operations, 2
[CLEANUP], AverageLatency(us), 1112580.0
[CLEANUP], MinLatency(us), 8
[CLEANUP], MaxLatency(us), 2226175
[CLEANUP], 95thPercentileLatency(us), 2226175
[CLEANUP], 99thPercentileLatency(us), 2226175
