[OVERALL], RunTime(ms), 5292
[OVERALL], Throughput(ops/sec), 377.92894935752076
[TOTAL_GCS_Copy], Count, 8
[TOTAL_GC_TIME_Copy], Time(ms), 38
[TOTAL_GC_TIME_%_Copy], Time(%), 0.7180650037792895
[TOTAL_GCS_MarkSweepCompact], Count, 1
[TOTAL_GC_TIME_MarkSweepCompact], Time(ms), 12
[TOTAL_GC_TIME_%_MarkSweepCompact], Time(%), 0.22675736961451248
[TOTAL_GCs], Count, 9
[TOTAL_GC_TIME], Time(ms), 50
[TOTAL_GC_TIME_%], Time(%), 0.944822373393802
[READ], Operations, 1899
[READ], AverageLatency(us), 44807.40968931017
[READ], MinLatency(us), 1767
[READ], MaxLatency(us), 414719
[READ], 95thPercentileLatency(us), 85695
[READ], 99thPercentileLatency(us), 371455
[READ], Return=OK, 1899
[CLEANUP], Operations, 64
[CLEANUP], AverageLatency(us), 34801.28125
[CLEANUP], MinLatency(us), 1
[CLEANUP], MaxLatency(us), 2228223
[CLEANUP], 95thPercentileLatency(us), 2
[CLEANUP], 99thPercentileLatency(us), 6
[INSERT], Operations, 101
[INSERT], AverageLatency(us), 81575.84158415842
[INSERT], MinLatency(us), 23296
[INSERT], MaxLatency(us), 427775
[INSERT], 95thPercentileLatency(us), 152063
[INSERT], 99thPercentileLatency(us), 427519
[INSERT], Return=OK, 101
