[OVERALL], RunTime(ms), 20880
[OVERALL], Throughput(ops/sec), 95.78544061302682
[TOTAL_GCS_Copy], Count, 6
[TOTAL_GC_TIME_Copy], Time(ms), 40
[TOTAL_GC_TIME_%_Copy], Time(%), 0.19157088122605362
[TOTAL_GCS_MarkSweepCompact], Count, 1
[TOTAL_GC_TIME_MarkSweepCompact], Time(ms), 11
[TOTAL_GC_TIME_%_MarkSweepCompact], Time(%), 0.052681992337164744
[TOTAL_GCs], Count, 7
[TOTAL_GC_TIME], Time(ms), 51
[TOTAL_GC_TIME_%], Time(%), 0.2442528735632184
[CLEANUP], Operations, 2
[CLEANUP], AverageLatency(us), 1114628.0
[CLEANUP], MinLatency(us), 8
[CLEANUP], MaxLatency(us), 2230271
[CLEANUP], 95thPercentileLatency(us), 2230271
[CLEANUP], 99thPercentileLatency(us), 2230271
[INSERT], Operations, 2000
[INSERT], AverageLatency(us), 17042.4945
[INSERT], MinLatency(us), 1599
[INSERT], MaxLatency(us), 81855
[INSERT], 95thPercentileLatency(us), 44031
[INSERT], 99thPercentileLatency(us), 47263
[INSERT], Return=OK, 2000
