[OVERALL], RunTime(ms), 6000
[OVERALL], Throughput(ops/sec), 833.3333333333334
[TOTAL_GCS_Copy], Count, 8
[TOTAL_GC_TIME_Copy], Time(ms), 41
[TOTAL_GC_TIME_%_Copy], Time(%), 0.6833333333333333
[TOTAL_GCS_MarkSweepCompact], Count, 1
[TOTAL_GC_TIME_MarkSweepCompact], Time(ms), 11
[TOTAL_GC_TIME_%_MarkSweepCompact], Time(%), 0.18333333333333332
[TOTAL_GCs], Count, 9
[TOTAL_GC_TIME], Time(ms), 52
[TOTAL_GC_TIME_%], Time(%), 0.8666666666666666
[READ], Operations, 5000
[READ], AverageLatency(us), 14365.8812
[READ], MinLatency(us), 1303
[READ], MaxLatency(us), 209023
[READ], 95thPercentileLatency(us), 35423
[READ], 99thPercentileLatency(us), 55231
[READ], Return=OK, 5000
[CLEANUP], Operations, 32
[CLEANUP], AverageLatency(us), 69665.75
[CLEANUP], MinLatency(us), 1
[CLEANUP], MaxLatency(us), 2230271
[CLEANUP], 95thPercentileLatency(us), 3
[CLEANUP], 99thPercentileLatency(us), 2230271
