[OVERALL], RunTime(ms), 5126
[OVERALL], Throughput(ops/sec), 390.1677721420211
[TOTAL_GCS_Copy], Count, 8
[TOTAL_GC_TIME_Copy], Time(ms), 36
[TOTAL_GC_TIME_%_Copy], Time(%), 0.702301989855638
[TOTAL_GCS_MarkSweepCompact], Count, 1
[TOTAL_GC_TIME_MarkSweepCompact], Time(ms), 12
[TOTAL_GC_TIME_%_MarkSweepCompact], Time(%), 0.23410066328521262
[TOTAL_GCs], Count, 9
[TOTAL_GC_TIME], Time(ms), 48
[TOTAL_GC_TIME_%], Time(%), 0.9364026531408505
[READ], Operations, 2000
[READ], AverageLatency(us), 44755.6095
[READ], MinLatency(us), 1438
[READ], MaxLatency(us), 418047
[READ], 95thPercentileLatency(us), 93183
[READ], 99thPercentileLatency(us), 375551
[READ], Return=OK, 2000
[CLEANUP], Operations, 64
[CLEANUP], AverageLatency(us), 34929.203125
[CLEANUP], MinLatency(us), 1
[CLEANUP], MaxLatency(us), 2236415
[CLEANUP], 95thPercentileLatency(us), 2
[CLEANUP], 99thPercentileLatency(us), 6
