[OVERALL], RunTime(ms), 29589
[OVERALL], Throughput(ops/sec), 67.5926864713238
[TOTAL_GCS_Copy], Count, 8
[TOTAL_GC_TIME_Copy], Time(ms), 37
[TOTAL_GC_TIME_%_Copy], Time(%), 0.12504646997194904
[TOTAL_GCS_MarkSweepCompact], Count, 1
[TOTAL_GC_TIME_MarkSweepCompact], Time(ms), 11
[TOTAL_GC_TIME_%_MarkSweepCompact], Time(%), 0.03717597755922809
[TOTAL_GCs], Count, 9
[TOTAL_GC_TIME], Time(ms), 48
[TOTAL_GC_TIME_%], Time(%), 0.16222244753117712
[CLEANUP], Operations, 64
[CLEANUP], AverageLatency(us), 34801.5
[CLEANUP], MinLatency(us), 1
[CLEANUP], MaxLatency(us), 2228223
[CLEANUP], 95thPercentileLatency(us), 3
[CLEANUP], 99thPercentileLatency(us), 6
[INSERT], Operations, 2000
[INSERT], AverageLatency(us), 823039.66
[INSERT], MinLatency(us), 20752
[INSERT], MaxLatency(us), 24526847
[INSERT], 95thPercentileLatency(us), 72511
[INSERT], 99thPercentileLatency(us), 24494079
[INSERT], Return=OK, 2000
