[OVERALL], RunTime(ms), 17525
[OVERALL], Throughput(ops/sec), 114.12268188302426
[TOTAL_GCS_Copy], Count, 11
[TOTAL_GC_TIME_Copy], Time(ms), 44
[TOTAL_GC_TIME_%_Copy], Time(%), 0.25106990014265335
[TOTAL_GCS_MarkSweepCompact], Count, 1
[TOTAL_GC_TIME_MarkSweepCompact], Time(ms), 13
[TOTAL_GC_TIME_%_MarkSweepCompact], Time(%), 0.07417974322396577
[TOTAL_GCs], Count, 12
[TOTAL_GC_TIME], Time(ms), 57
[TOTAL_GC_TIME_%], Time(%), 0.3252496433666191
[CLEANUP], Operations, 128
[CLEANUP], AverageLatency(us), 17369.3671875
[CLEANUP], MinLatency(us), 1
[CLEANUP], MaxLatency(us), 2224127
[CLEANUP], 95thPercentileLatency(us), 2
[CLEANUP], 99thPercentileLatency(us), 6
[INSERT], Operations, 2000
[INSERT], AverageLatency(us), 874190.156
[INSERT], MinLatency(us), 24688
[INSERT], MaxLatency(us), 12787711
[INSERT], 95thPercentileLatency(us), 12681215
[INSERT], 99thPercentileLatency(us), 12754943
[INSERT], Return=OK, 2000
