[OVERALL], RunTime(ms), 15740
[OVERALL], Throughput(ops/sec), 127.06480304955528
[TOTAL_GCS_Copy], Count, 6
[TOTAL_GC_TIME_Copy], Time(ms), 32
[TOTAL_GC_TIME_%_Copy], Time(%), 0.20330368487928843
[TOTAL_GCS_MarkSweepCompact], Count, 1
[TOTAL_GC_TIME_MarkSweepCompact], Time(ms), 11
[TOTAL_GC_TIME_%_MarkSweepCompact], Time(%), 0.0698856416772554
[TOTAL_GCs], Count, 7
[TOTAL_GC_TIME], Time(ms), 43
[TOTAL_GC_TIME_%], Time(%), 0.2731893265565439
[CLEANUP], Operations, 8
[CLEANUP], AverageLatency(us), 278915.375
[CLEANUP], MinLatency(us), 3
[CLEANUP], MaxLatency(us), 2232319
[CLEANUP], 95thPercentileLatency(us), 2232319
[CLEANUP], 99thPercentileLatency(us), 2232319
[INSERT], Operations, 2000
[INSERT], AverageLatency(us), 46052.694
[INSERT], MinLatency(us), 8004
[INSERT], MaxLatency(us), 146303
[INSERT], 95thPercentileLatency(us), 86463
[INSERT], 99thPercentileLatency(us), 105471
[INSERT], Return=OK, 2000
