[OVERALL], RunTime(ms), 5256
[OVERALL], Throughput(ops/sec), 380.517503805175
[TOTAL_GCS_Copy], Count, 7
[TOTAL_GC_TIME_Copy], Time(ms), 36
[TOTAL_GC_TIME_%_Copy], Time(%), 0.684931506849315
[TOTAL_GCS_MarkSweepCompact], Count, 1
[TOTAL_GC_TIME_MarkSweepCompact], Time(ms), 11
[TOTAL_GC_TIME_%_MarkSweepCompact], Time(%), 0.20928462709284626
[TOTAL_GCs], Count, 8
[TOTAL_GC_TIME], Time(ms), 47
[TOTAL_GC_TIME_%], Time(%), 0.8942161339421613
[CLEANUP], Operations, 32
[CLEANUP], AverageLatency(us), 69729.15625
[CLEANUP], MinLatency(us), 1
[CLEANUP], MaxLatency(us), 2232319
[CLEANUP], 95thPercentileLatency(us), 2
[CLEANUP], 99thPercentileLatency(us), 2232319
[INSERT], Operations, 2000
[INSERT], AverageLatency(us), 24074.3825
[INSERT], MinLatency(us), 2045
[INSERT], MaxLatency(us), 281343
[INSERT], 95thPercentileLatency(us), 48863
[INSERT], 99thPercentileLatency(us), 217599
[INSERT], Return=OK, 2000
