[OVERALL], RunTime(ms), 5346
[OVERALL], Throughput(ops/sec), 374.11148522259634
[TOTAL_GCS_Copy], Count, 5
[TOTAL_GC_TIME_Copy], Time(ms), 30
[TOTAL_GC_TIME_%_Copy], Time(%), 0.5611672278338945
[TOTAL_GCS_MarkSweepCompact], Count, 1
[TOTAL_GC_TIME_MarkSweepCompact], Time(ms), 12
[TOTAL_GC_TIME_%_MarkSweepCompact], Time(%), 0.22446689113355783
[TOTAL_GCs], Count, 6
[TOTAL_GC_TIME], Time(ms), 42
[TOTAL_GC_TIME_%], Time(%), 0.7856341189674524
[READ], Operations, 1894
[READ], AverageLatency(us), 6159.90813093981
[READ], MinLatency(us), 894
[READ], MaxLatency(us), 111679
[READ], 95thPercentileLatency(us), 13535
[READ], 99thPercentileLatency(us), 21903
[READ], Return=OK, 1894
[CLEANUP], Operations, 8
[CLEANUP], AverageLatency(us), 278914.375
[CLEANUP], MinLatency(us), 1
[CLEANUP], MaxLatency(us), 2232319
[CLEANUP], 95thPercentileLatency(us), 2232319
[CLEANUP], 99thPercentileLatency(us), 2232319
[UPDATE], Operations, 106
[UPDATE], AverageLatency(us), 10062.896226415094
[UPDATE], MinLatency(us), 2354
[UPDATE], MaxLatency(us), 85951
[UPDATE], 95thPercentileLatency(us), 28495
[UPDATE], 99thPercentileLatency(us), 47455
[UPDATE], Return=OK, 106
