[OVERALL], RunTime(ms), 6468
[OVERALL], Throughput(ops/sec), 309.2145949288806
[TOTAL_GCS_Copy], Count, 5
[TOTAL_GC_TIME_Copy], Time(ms), 32
[TOTAL_GC_TIME_%_Copy], Time(%), 0.49474335188620905
[TOTAL_GCS_MarkSweepCompact], Count, 1
[TOTAL_GC_TIME_MarkSweepCompact], Time(ms), 11
[TOTAL_GC_TIME_%_MarkSweepCompact], Time(%), 0.17006802721088435
[TOTAL_GCs], Count, 6
[TOTAL_GC_TIME], Time(ms), 43
[TOTAL_GC_TIME_%], Time(%), 0.6648113790970933
[READ], Operations, 969
[READ], AverageLatency(us), 3805.327141382869
[READ], MinLatency(us), 763
[READ], MaxLatency(us), 53055
[READ], 95thPercentileLatency(us), 6775
[READ], 99thPercentileLatency(us), 10503
[READ], Return=OK, 969
[CLEANUP], Operations, 4
[CLEANUP], AverageLatency(us), 556291.25
[CLEANUP], MinLatency(us), 3
[CLEANUP], MaxLatency(us), 2226175
[CLEANUP], 95thPercentileLatency(us), 2226175
[CLEANUP], 99thPercentileLatency(us), 2226175
[UPDATE], Operations, 1031
[UPDATE], AverageLatency(us), 6933.575169738118
[UPDATE], MinLatency(us), 1776
[UPDATE], MaxLatency(us), 61119
[UPDATE], 95thPercentileLatency(us), 9199
[UPDATE], 99thPercentileLatency(us), 19247
[UPDATE], Return=OK, 1031
