[OVERALL], RunTime(ms), 24078
[OVERALL], Throughput(ops/sec), 166.12675471384665
[TOTAL_GCS_Copy], Count, 6
[TOTAL_GC_TIME_Copy], Time(ms), 32
[TOTAL_GC_TIME_%_Copy], Time(%), 0.13290140377107734
[TOTAL_GCS_MarkSweepCompact], Count, 1
[TOTAL_GC_TIME_MarkSweepCompact], Time(ms), 11
[TOTAL_GC_TIME_%_MarkSweepCompact], Time(%), 0.045684857546307835
[TOTAL_GCs], Count, 7
[TOTAL_GC_TIME], Time(ms), 43
[TOTAL_GC_TIME_%], Time(%), 0.17858626131738517
[READ], Operations, 1984
[READ], AverageLatency(us), 4051.1048387096776
[READ], MinLatency(us), 818
[READ], MaxLatency(us), 33759
[READ], 95thPercentileLatency(us), 7347
[READ], 99thPercentileLatency(us), 8239
[READ], Return=OK, 1984
[CLEANUP], Operations, 1
[CLEANUP], AverageLatency(us), 2219008.0
[CLEANUP], MinLatency(us), 2217984
[CLEANUP], MaxLatency(us), 2220031
[CLEANUP], 95thPercentileLatency(us), 2220031
[CLEANUP], 99thPercentileLatency(us), 2220031
[UPDATE], Operations, 2016
[UPDATE], AverageLatency(us), 6108.642857142857
[UPDATE], MinLatency(us), 1660
[UPDATE], MaxLatency(us), 16559
[UPDATE], 95thPercentileLatency(us), 8535
[UPDATE], 99thPercentileLatency(us), 10903
[UPDATE], Return=OK, 2016
