[OVERALL], RunTime(ms), 15500
[OVERALL], Throughput(ops/sec), 129.03225806451613
[TOTAL_GCS_Copy], Count, 6
[TOTAL_GC_TIME_Copy], Time(ms), 31
[TOTAL_GC_TIME_%_Copy], Time(%), 0.2
[TOTAL_GCS_MarkSweepCompact], Count, 1
[TOTAL_GC_TIME_MarkSweepCompact], Time(ms), 11
[TOTAL_GC_TIME_%_MarkSweepCompact], Time(%), 0.07096774193548387
[TOTAL_GCs], Count, 7
[TOTAL_GC_TIME], Time(ms), 42
[TOTAL_GC_TIME_%], Time(%), 0.2709677419354839
[CLEANUP], Operations, 8
[CLEANUP], AverageLatency(us), 278659.125
[CLEANUP], MinLatency(us), 2
[CLEANUP], MaxLatency(us), 2230271
[CLEANUP], 95thPercentileLatency(us), 2230271
[CLEANUP], 99thPercentileLatency(us), 2230271
[INSERT], Operations, 2000
[INSERT], AverageLatency(us), 46101.005
[INSERT], MinLatency(us), 5572
[INSERT], MaxLatency(us), 141055
[INSERT], 95thPercentileLatency(us), 83775
[INSERT], 99thPercentileLatency(us), 108031
[INSERT], Return=OK, 2000
