[OVERALL], RunTime(ms), 36366
[OVERALL], Throughput(ops/sec), 82.49463784853984
[TOTAL_GCS_Copy], Count, 6
[TOTAL_GC_TIME_Copy], Time(ms), 33
[TOTAL_GC_TIME_%_Copy], Time(%), 0.09074410163339383
[TOTAL_GCS_MarkSweepCompact], Count, 1
[TOTAL_GC_TIME_MarkSweepCompact], Time(ms), 11
[TOTAL_GC_TIME_%_MarkSweepCompact], Time(%), 0.030248033877797946
[TOTAL_GCs], Count, 7
[TOTAL_GC_TIME], Time(ms), 44
[TOTAL_GC_TIME_%], Time(%), 0.12099213551119178
[READ], Operations, 2849
[READ], AverageLatency(us), 21387.11161811162
[READ], MinLatency(us), 680
[READ], MaxLatency(us), 12165119
[READ], 95thPercentileLatency(us), 19519
[READ], 99thPercentileLatency(us), 24783
[READ], Return=OK, 2849
[CLEANUP], Operations, 2
[CLEANUP], AverageLatency(us), 1112580.0
[CLEANUP], MinLatency(us), 8
[CLEANUP], MaxLatency(us), 2226175
[CLEANUP], 95thPercentileLatency(us), 2226175
[CLEANUP], 99thPercentileLatency(us), 2226175
[INSERT], Operations, 151
[INSERT], AverageLatency(us), 27525.205298013247
[INSERT], MinLatency(us), 4512
[INSERT], MaxLatency(us), 63167
[INSERT], 95thPercentileLatency(us), 39231
[INSERT], 99thPercentileLatency(us), 44255
[INSERT], Return=OK, 151
