[OVERALL], RunTime(ms), 41482
[OVERALL], Throughput(ops/sec), 48.21368304324768
[TOTAL_GCS_Copy], Count, 5
[TOTAL_GC_TIME_Copy], Time(ms), 37
[TOTAL_GC_TIME_%_Copy], Time(%), 0.0891953136300082
[TOTAL_GCS_MarkSweepCompact], Count, 1
[TOTAL_GC_TIME_MarkSweepCompact], Time(ms), 11
[TOTAL_GC_TIME_%_MarkSweepCompact], Time(%), 0.026517525673786218
[TOTAL_GCs], Count, 6
[TOTAL_GC_TIME], Time(ms), 48
[TOTAL_GC_TIME_%], Time(%), 0.1157128393037944
[READ], Operations, 1896
[READ], AverageLatency(us), 18460.66033755274
[READ], MinLatency(us), 898
[READ], MaxLatency(us), 12124159
[READ], 95thPercentileLatency(us), 18943
[READ], 99thPercentileLatency(us), 22287
[READ], Return=OK, 1896
[CLEANUP], Operations, 1
[CLEANUP], AverageLatency(us), 2225152.0
[CLEANUP], MinLatency(us), 2224128
[CLEANUP], MaxLatency(us), 2226175
[CLEANUP], 95thPercentileLatency(us), 2226175
[CLEANUP], 99thPercentileLatency(us), 2226175
[INSERT], Operations, 104
[INSERT], AverageLatency(us), 26041.346153846152
[INSERT], MinLatency(us), 4416
[INSERT], MaxLatency(us), 39935
[INSERT], 95thPercentileLatency(us), 37919
[INSERT], 99thPercentileLatency(us), 39487
[INSERT], Return=OK, 104
