[OVERALL], RunTime(ms), 5461
[OVERALL], Throughput(ops/sec), 366.2332906061161
[TOTAL_GCS_Copy], Count, 8
[TOTAL_GC_TIME_Copy], Time(ms), 37
[TOTAL_GC_TIME_%_Copy], Time(%), 0.6775315876213148
[TOTAL_GCS_MarkSweepCompact], Count, 1
[TOTAL_GC_TIME_MarkSweepCompact], Time(ms), 12
[TOTAL_GC_TIME_%_MarkSweepCompact], Time(%), 0.21973997436366965
[TOTAL_GCs], Count, 9
[TOTAL_GC_TIME], Time(ms), 49
[TOTAL_GC_TIME_%], Time(%), 0.8972715619849845
[CLEANUP], Operations, 64
[CLEANUP], AverageLatency(us), 34833.46875
[CLEANUP], MinLatency(us), 1
[CLEANUP], MaxLatency(us), 2230271
[CLEANUP], 95thPercentileLatency(us), 3
[CLEANUP], 99thPercentileLatency(us), 9
[INSERT], Operations, 2000
[INSERT], AverageLatency(us), 52666.668
[INSERT], MinLatency(us), 10640
[INSERT], MaxLatency(us), 434431
[INSERT], 95thPercentileLatency(us), 80639
[INSERT], 99thPercentileLatency(us), 381183
[INSERT], Return=OK, 2000
