[OVERALL], RunTime(ms), 5251
[OVERALL], Throughput(ops/sec), 380.8798324128737
[TOTAL_GCS_Copy], Count, 11
[TOTAL_GC_TIME_Copy], Time(ms), 43
[TOTAL_GC_TIME_%_Copy], Time(%), 0.8188916396876786
[TOTAL_GCS_MarkSweepCompact], Count, 1
[TOTAL_GC_TIME_MarkSweepCompact], Time(ms), 12
[TOTAL_GC_TIME_%_MarkSweepCompact], Time(%), 0.22852789944772423
[TOTAL_GCs], Count, 12
[TOTAL_GC_TIME], Time(ms), 55
[TOTAL_GC_TIME_%], Time(%), 1.0474195391354029
[CLEANUP], Operations, 128
[CLEANUP], AverageLatency(us), 17449.234375
[CLEANUP], MinLatency(us), 1
[CLEANUP], MaxLatency(us), 2234367
[CLEANUP], 95thPercentileLatency(us), 2
[CLEANUP], 99thPercentileLatency(us), 9
[INSERT], Operations, 2000
[INSERT], AverageLatency(us), 93397.574
[INSERT], MinLatency(us), 5832
[INSERT], MaxLatency(us), 855039
[INSERT], 95thPercentileLatency(us), 493823
[INSERT], 99thPercentileLatency(us), 693247
[INSERT], Return=OK, 2000
