[OVERALL], RunTime(ms), 18942
[OVERALL], Throughput(ops/sec), 158.37820715869498
[TOTAL_GCS_Copy], Count, 5
[TOTAL_GC_TIME_Copy], Time(ms), 27
[TOTAL_GC_TIME_%_Copy], Time(%), 0.14254038644282546
[TOTAL_GCS_MarkSweepCompact], Count, 1
[TOTAL_GC_TIME_MarkSweepCompact], Time(ms), 14
[TOTAL_GC_TIME_%_MarkSweepCompact], Time(%), 0.07390983000739099
[TOTAL_GCs], Count, 6
[TOTAL_GC_TIME], Time(ms), 41
[TOTAL_GC_TIME_%], Time(%), 0.21645021645021645
[READ], Operations, 2835
[READ], AverageLatency(us), 10550.335802469135
[READ], MinLatency(us), 639
[READ], MaxLatency(us), 12091391
[READ], 95thPercentileLatency(us), 3807
[READ], 99thPercentileLatency(us), 6523
[READ], Return=OK, 2835
[CLEANUP], Operations, 2
[CLEANUP], AverageLatency(us), 1111555.5
[CLEANUP], MinLatency(us), 7
[CLEANUP], MaxLatency(us), 2224127
[CLEANUP], 95thPercentileLatency(us), 2224127
[CLEANUP], 99thPercentileLatency(us), 2224127
[UPDATE], Operations, 165
[UPDATE], AverageLatency(us), 3520.860606060606
[UPDATE], MinLatency(us), 1681
[UPDATE], MaxLatency(us), 14279
[UPDATE], 95thPercentileLatency(us), 8495
[UPDATE], 99thPercentileLatency(us), 11431
[UPDATE], Return=OK, 165
