[OVERALL], RunTime(ms), 9526
[OVERALL], Throughput(ops/sec), 209.95171110644552
[TOTAL_GCS_Copy], Count, 7
[TOTAL_GC_TIME_Copy], Time(ms), 34
[TOTAL_GC_TIME_%_Copy], Time(%), 0.35691790888095737
[TOTAL_GCS_MarkSweepCompact], Count, 1
[TOTAL_GC_TIME_MarkSweepCompact], Time(ms), 12
[TOTAL_GC_TIME_%_MarkSweepCompact], Time(%), 0.1259710266638673
[TOTAL_GCs], Count, 8
[TOTAL_GC_TIME], Time(ms), 46
[TOTAL_GC_TIME_%], Time(%), 0.48288893554482465
[CLEANUP], Operations, 16
[CLEANUP], AverageLatency(us), 138946.8125
[CLEANUP], MinLatency(us), 1
[CLEANUP], MaxLatency(us), 2224127
[CLEANUP], 95thPercentileLatency(us), 8
[CLEANUP], 99thPercentileLatency(us), 2224127
[INSERT], Operations, 2000
[INSERT], AverageLatency(us), 44657.178
[INSERT], MinLatency(us), 14328
[INSERT], MaxLatency(us), 158591
[INSERT], 95thPercentileLatency(us), 70847
[INSERT], 99thPercentileLatency(us), 109311
[INSERT], Return=OK, 2000
