[OVERALL], RunTime(ms), 6010
[OVERALL], Throughput(ops/sec), 332.77870216306155
[TOTAL_GCS_Copy], Count, 5
[TOTAL_GC_TIME_Copy], Time(ms), 33
[TOTAL_GC_TIME_%_Copy], Time(%), 0.5490848585690515
[TOTAL_GCS_MarkSweepCompact], Count, 1
[TOTAL_GC_TIME_MarkSweepCompact], Time(ms), 11
[TOTAL_GC_TIME_%_MarkSweepCompact], Time(%), 0.18302828618968386
[TOTAL_GCs], Count, 6
[TOTAL_GC_TIME], Time(ms), 44
[TOTAL_GC_TIME_%], Time(%), 0.7321131447587355
[READ], Operations, 1900
[READ], AverageLatency(us), 2136.372631578947
[READ], MinLatency(us), 708
[READ], MaxLatency(us), 44383
[READ], 95thPercentileLatency(us), 3819
[READ], 99thPercentileLatency(us), 5367
[READ], Return=OK, 1900
[CLEANUP], Operations, 2
[CLEANUP], AverageLatency(us), 1113610.0
[CLEANUP], MinLatency(us), 20
[CLEANUP], MaxLatency(us), 2228223
[CLEANUP], 95thPercentileLatency(us), 2228223
[CLEANUP], 99thPercentileLatency(us), 2228223
[UPDATE], Operations, 100
[UPDATE], AverageLatency(us), 3747.68
[UPDATE], MinLatency(us), 1565
[UPDATE], MaxLatency(us), 15183
[UPDATE], 95thPercentileLatency(us), 9879
[UPDATE], 99thPercentileLatency(us), 14983
[UPDATE], Return=OK, 100
