[OVERALL], RunTime(ms), 9707
[OVERALL], Throughput(ops/sec), 206.0368806016277
[TOTAL_GCS_Copy], Count, 7
[TOTAL_GC_TIME_Copy], Time(ms), 34
[TOTAL_GC_TIME_%_Copy], Time(%), 0.3502626970227671
[TOTAL_GCS_MarkSweepCompact], Count, 1
[TOTAL_GC_TIME_MarkSweepCompact], Time(ms), 11
[TOTAL_GC_TIME_%_MarkSweepCompact], Time(%), 0.11332028433089522
[TOTAL_GCs], Count, 8
[TOTAL_GC_TIME], Time(ms), 45
[TOTAL_GC_TIME_%], Time(%), 0.46358298135366227
[CLEANUP], Operations, 16
[CLEANUP], AverageLatency(us), 139074.75
[CLEANUP], MinLatency(us), 1
[CLEANUP], MaxLatency(us), 2226175
[CLEANUP], 95thPercentileLatency(us), 8
[CLEANUP], 99thPercentileLatency(us), 2226175
[INSERT], Operations, 2000
[INSERT], AverageLatency(us), 45980.48
[INSERT], MinLatency(us), 9712
[INSERT], MaxLatency(us), 168447
[INSERT], 95thPercentileLatency(us), 81855
[INSERT], 99thPercentileLatency(us), 110015
[INSERT], Return=OK, 2000
