[OVERALL], RunTime(ms), 81744
[OVERALL], Throughput(ops/sec), 24.466627520062634
[TOTAL_GCS_Copy], Count, 6
[TOTAL_GC_TIME_Copy], Time(ms), 32
[TOTAL_GC_TIME_%_Copy], Time(%), 0.03914660403210021
[TOTAL_GCS_MarkSweepCompact], Count, 1
[TOTAL_GC_TIME_MarkSweepCompact], Time(ms), 12
[TOTAL_GC_TIME_%_MarkSweepCompact], Time(%), 0.01467997651203758
[TOTAL_GCs], Count, 7
[TOTAL_GC_TIME], Time(ms), 44
[TOTAL_GC_TIME_%], Time(%), 0.053826580544137796
[CLEANUP], Operations, 1
[CLEANUP], AverageLatency(us), 2221056.0
[CLEANUP], MinLatency(us), 2220032
[CLEANUP], MaxLatency(us), 2222079
[CLEANUP], 95thPercentileLatency(us), 2222079
[CLEANUP], 99thPercentileLatency(us), 2222079
[INSERT], Operations, 2000
[INSERT], AverageLatency(us), 38987.957
[INSERT], MinLatency(us), 5412
[INSERT], MaxLatency(us), 12173311
[INSERT], 95thPercentileLatency(us), 55935
[INSERT], 99thPercentileLatency(us), 65023
[INSERT], Return=OK, 2000
