[OVERALL], RunTime(ms), 25735
[OVERALL], Throughput(ops/sec), 155.43034777540313
[TOTAL_GCS_Copy], Count, 54
[TOTAL_GC_TIME_Copy], Time(ms), 83
[TOTAL_GC_TIME_%_Copy], Time(%), 0.3225179716339615
[TOTAL_GCS_MarkSweepCompact], Count, 1
[TOTAL_GC_TIME_MarkSweepCompact], Time(ms), 11
[TOTAL_GC_TIME_%_MarkSweepCompact], Time(%), 0.04274334563823587
[TOTAL_GCs], Count, 55
[TOTAL_GC_TIME], Time(ms), 94
[TOTAL_GC_TIME_%], Time(%), 0.3652613172721974
[CLEANUP], Operations, 4
[CLEANUP], AverageLatency(us), 556803.75
[CLEANUP], MinLatency(us), 3
[CLEANUP], MaxLatency(us), 2228223
[CLEANUP], 95thPercentileLatency(us), 2228223
[CLEANUP], 99thPercentileLatency(us), 2228223
[INSERT], Operations, 193
[INSERT], AverageLatency(us), 35134.0518134715
[INSERT], MinLatency(us), 8728
[INSERT], MaxLatency(us), 69247
[INSERT], 95thPercentileLatency(us), 45087
[INSERT], 99thPercentileLatency(us), 47999
[INSERT], Return=OK, 193
[SCAN], Operations, 3807
[SCAN], AverageLatency(us), 21242.918571053324
[SCAN], MinLatency(us), 1049
[SCAN], MaxLatency(us), 92991
[SCAN], 95thPercentileLatency(us), 42559
[SCAN], 99thPercentileLatency(us), 45759
[SCAN], Return=OK, 3807
