[OVERALL], RunTime(ms), 9148
[OVERALL], Throughput(ops/sec), 218.62702229995628
[TOTAL_GCS_Copy], Count, 6
[TOTAL_GC_TIME_Copy], Time(ms), 32
[TOTAL_GC_TIME_%_Copy], Time(%), 0.34980323567993005
[TOTAL_GCS_MarkSweepCompact], Count, 1
[TOTAL_GC_TIME_MarkSweepCompact], Time(ms), 12
[TOTAL_GC_TIME_%_MarkSweepCompact], Time(%), 0.13117621337997376
[TOTAL_GCs], Count, 7
[TOTAL_GC_TIME], Time(ms), 44
[TOTAL_GC_TIME_%], Time(%), 0.4809794490599038
[CLEANUP], Operations, 8
[CLEANUP], AverageLatency(us), 278916.5
[CLEANUP], MinLatency(us), 2
[CLEANUP], MaxLatency(us), 2232319
[CLEANUP], 95thPercentileLatency(us), 2232319
[CLEANUP], 99thPercentileLatency(us), 2232319
[INSERT], Operations, 2000
[INSERT], AverageLatency(us), 20812.232
[INSERT], MinLatency(us), 3136
[INSERT], MaxLatency(us), 119871
[INSERT], 95thPercentileLatency(us), 48191
[INSERT], 99thPercentileLatency(us), 62655
[INSERT], Return=OK, 2000
