[OVERALL], RunTime(ms), 7573
[OVERALL], Throughput(ops/sec), 660.2403274792024
[TOTAL_GCS_Copy], Count, 7
[TOTAL_GC_TIME_Copy], Time(ms), 37
[TOTAL_GC_TIME_%_Copy], Time(%), 0.4885778423346098
[TOTAL_GCS_MarkSweepCompact], Count, 1
[TOTAL_GC_TIME_MarkSweepCompact], Time(ms), 12
[TOTAL_GC_TIME_%_MarkSweepCompact], Time(%), 0.1584576785950086
[TOTAL_GCs], Count, 8
[TOTAL_GC_TIME], Time(ms), 49
[TOTAL_GC_TIME_%], Time(%), 0.6470355209296185
[READ], Operations, 4744
[READ], AverageLatency(us), 732.974915682968
[READ], MinLatency(us), 478
[READ], MaxLatency(us), 36319
[READ], 95thPercentileLatency(us), 1084
[READ], 99thPercentileLatency(us), 3651
[READ], Return=OK, 4744
[CLEANUP], Operations, 1
[CLEANUP], AverageLatency(us), 2227200.0
[CLEANUP], MinLatency(us), 2226176
[CLEANUP], MaxLatency(us), 2228223
[CLEANUP], 95thPercentileLatency(us), 2228223
[CLEANUP], 99thPercentileLatency(us), 2228223
[UPDATE], Operations, 256
[UPDATE], AverageLatency(us), 1189.2109375
[UPDATE], MinLatency(us), 763
[UPDATE], MaxLatency(us), 10135
[UPDATE], 95thPercentileLatency(us), 1706
[UPDATE], 99thPercentileLatency(us), 5819
[UPDATE], Return=OK, 256
