[OVERALL], RunTime(ms), 23741
[OVERALL], Throughput(ops/sec), 168.48489954087864
[TOTAL_GCS_Copy], Count, 6
[TOTAL_GC_TIME_Copy], Time(ms), 34
[TOTAL_GC_TIME_%_Copy], Time(%), 0.14321216460974684
[TOTAL_GCS_MarkSweepCompact], Count, 1
[TOTAL_GC_TIME_MarkSweepCompact], Time(ms), 11
[TOTAL_GC_TIME_%_MarkSweepCompact], Time(%), 0.04633334737374163
[TOTAL_GCs], Count, 7
[TOTAL_GC_TIME], Time(ms), 45
[TOTAL_GC_TIME_%], Time(%), 0.18954551198348848
[READ], Operations, 3818
[READ], AverageLatency(us), 39942.351231011
[READ], MinLatency(us), 793
[READ], MaxLatency(us), 12181503
[READ], 95thPercentileLatency(us), 21679
[READ], 99thPercentileLatency(us), 33183
[READ], Return=OK, 3818
[CLEANUP], Operations, 8
[CLEANUP], AverageLatency(us), 277378.875
[CLEANUP], MinLatency(us), 2
[CLEANUP], MaxLatency(us), 2220031
[CLEANUP], 95thPercentileLatency(us), 2220031
[CLEANUP], 99thPercentileLatency(us), 2220031
[INSERT], Operations, 182
[INSERT], AverageLatency(us), 34218.06593406593
[INSERT], MinLatency(us), 19488
[INSERT], MaxLatency(us), 62655
[INSERT], 95thPercentileLatency(us), 46399
[INSERT], 99thPercentileLatency(us), 58111
[INSERT], Return=OK, 182
