[OVERALL], RunTime(ms), 5209
[OVERALL], Throughput(ops/sec), 383.9508542906508
[TOTAL_GCS_Copy], Count, 7
[TOTAL_GC_TIME_Copy], Time(ms), 35
[TOTAL_GC_TIME_%_Copy], Time(%), 0.6719139950086389
[TOTAL_GCS_MarkSweepCompact], Count, 1
[TOTAL_GC_TIME_MarkSweepCompact], Time(ms), 12
[TOTAL_GC_TIME_%_MarkSweepCompact], Time(%), 0.2303705125743905
[TOTAL_GCs], Count, 8
[TOTAL_GC_TIME], Time(ms), 47
[TOTAL_GC_TIME_%], Time(%), 0.9022845075830294
[CLEANUP], Operations, 32
[CLEANUP], AverageLatency(us), 69537.3125
[CLEANUP], MinLatency(us), 1
[CLEANUP], MaxLatency(us), 2226175
[CLEANUP], 95thPercentileLatency(us), 2
[CLEANUP], 99thPercentileLatency(us), 2226175
[INSERT], Operations, 2000
[INSERT], AverageLatency(us), 23938.013
[INSERT], MinLatency(us), 6228
[INSERT], MaxLatency(us), 254847
[INSERT], 95thPercentileLatency(us), 44447
[INSERT], 99thPercentileLatency(us), 168063
[INSERT], Return=OK, 2000
