[OVERALL], RunTime(ms), 30178
[OVERALL], Throughput(ops/sec), 99.41016634634502
[TOTAL_GCS_Copy], Count, 6
[TOTAL_GC_TIME_Copy], Time(ms), 38
[TOTAL_GC_TIME_%_Copy], Time(%), 0.1259195440387037
[TOTAL_GCS_MarkSweepCompact], Count, 1
[TOTAL_GC_TIME_MarkSweepCompact], Time(ms), 11
[TOTAL_GC_TIME_%_MarkSweepCompact], Time(%), 0.03645039432699317
[TOTAL_GCs], Count, 7
[TOTAL_GC_TIME], Time(ms), 49
[TOTAL_GC_TIME_%], Time(%), 0.16236993836569688
[READ], Operations, 3000
[READ], AverageLatency(us), 8827.425666666666
[READ], MinLatency(us), 679
[READ], MaxLatency(us), 12075007
[READ], 95thPercentileLatency(us), 8599
[READ], 99thPercentileLatency(us), 12031
[READ], Return=OK, 3000
[CLEANUP], Operations, 1
[CLEANUP], AverageLatency(us), 2227200.0
[CLEANUP], MinLatency(us), 2226176
[CLEANUP], MaxLatency(us), 2228223
[CLEANUP], 95thPercentileLatency(us), 2228223
[CLEANUP], 99thPercentileLatency(us), 2228223
