[OVERALL], RunTime(ms), 4709
[OVERALL], Throughput(ops/sec), 212.35931195582927
[TOTAL_GCS_Copy], Count, 4
[TOTAL_GC_TIME_Copy], Time(ms), 27
[TOTAL_GC_TIME_%_Copy], Time(%), 0.573370142280739
[TOTAL_GCS_MarkSweepCompact], Count, 1
[TOTAL_GC_TIME_MarkSweepCompact], Time(ms), 11
[TOTAL_GC_TIME_%_MarkSweepCompact], Time(%), 0.23359524315141217
[TOTAL_GCs], Count, 5
[TOTAL_GC_TIME], Time(ms), 38
[TOTAL_GC_TIME_%], Time(%), 0.8069653854321512
[READ], Operations, 956
[READ], AverageLatency(us), 7568.10669456067
[READ], MinLatency(us), 1017
[READ], MaxLatency(us), 95039
[READ], 95thPercentileLatency(us), 15471
[READ], 99thPercentileLatency(us), 19407
[READ], Return=OK, 956
[CLEANUP], Operations, 8
[CLEANUP], AverageLatency(us), 279169.5
[CLEANUP], MinLatency(us), 1
[CLEANUP], MaxLatency(us), 2234367
[CLEANUP], 95thPercentileLatency(us), 2234367
[CLEANUP], 99thPercentileLatency(us), 2234367
[UPDATE], Operations, 44
[UPDATE], AverageLatency(us), 13875.65909090909
[UPDATE], MinLatency(us), 2898
[UPDATE], MaxLatency(us), 85375
[UPDATE], 95thPercentileLatency(us), 31615
[UPDATE], 99thPercentileLatency(us), 85375
[UPDATE], Return=OK, 44
