[OVERALL], RunTime(ms), 5343
[OVERALL], Throughput(ops/sec), 374.3215422047539
[TOTAL_GCS_Copy], Count, 7
[TOTAL_GC_TIME_Copy], Time(ms), 34
[TOTAL_GC_TIME_%_Copy], Time(%), 0.6363466217480817
[TOTAL_GCS_MarkSweepCompact], Count, 1
[TOTAL_GC_TIME_MarkSweepCompact], Time(ms), 11
[TOTAL_GC_TIME_%_MarkSweepCompact], Time(%), 0.20587684821261462
[TOTAL_GCs], Count, 8
[TOTAL_GC_TIME], Time(ms), 45
[TOTAL_GC_TIME_%], Time(%), 0.8422234699606962
[CLEANUP], Operations, 16
[CLEANUP], AverageLatency(us), 139329.25
[CLEANUP], MinLatency(us), 1
[CLEANUP], MaxLatency(us), 2230271
[CLEANUP], 95thPercentileLatency(us), 6
[CLEANUP], 99thPercentileLatency(us), 2230271
[INSERT], Operations, 2000
[INSERT], AverageLatency(us), 13138.3925
[INSERT], MinLatency(us), 2368
[INSERT], MaxLatency(us), 149119
[INSERT], 95thPercentileLatency(us), 38687
[INSERT], 99thPercentileLatency(us), 54687
[INSERT], Return=OK, 2000
