[OVERALL], RunTime(ms), 5907
[OVERALL], Throughput(ops/sec), 677.1626883358726
[TOTAL_GCS_Copy], Count, 7
[TOTAL_GC_TIME_Copy], Time(ms), 36
[TOTAL_GC_TIME_%_Copy], Time(%), 0.6094464195022855
[TOTAL_GCS_MarkSweepCompact], Count, 1
[TOTAL_GC_TIME_MarkSweepCompact], Time(ms), 11
[TOTAL_GC_TIME_%_MarkSweepCompact], Time(%), 0.186219739292365
[TOTAL_GCs], Count, 8
[TOTAL_GC_TIME], Time(ms), 47
[TOTAL_GC_TIME_%], Time(%), 0.7956661587946504
[READ], Operations, 1971
[READ], AverageLatency(us), 15070.07864028412
[READ], MinLatency(us), 1165
[READ], MaxLatency(us), 243967
[READ], 95thPercentileLatency(us), 36511
[READ], 99thPercentileLatency(us), 56031
[READ], Return=OK, 1971
[CLEANUP], Operations, 32
[CLEANUP], AverageLatency(us), 69474.8125
[CLEANUP], MinLatency(us), 1
[CLEANUP], MaxLatency(us), 2224127
[CLEANUP], 95thPercentileLatency(us), 2
[CLEANUP], 99thPercentileLatency(us), 2224127
[UPDATE], Operations, 2029
[UPDATE], AverageLatency(us), 19516.415968457368
[UPDATE], MinLatency(us), 5124
[UPDATE], MaxLatency(us), 254079
[UPDATE], 95thPercentileLatency(us), 41503
[UPDATE], 99thPercentileLatency(us), 72191
[UPDATE], Return=OK, 2029
