[OVERALL], RunTime(ms), 29274
[OVERALL], Throughput(ops/sec), 68.32001093120175
[TOTAL_GCS_Copy], Count, 8
[TOTAL_GC_TIME_Copy], Time(ms), 37
[TOTAL_GC_TIME_%_Copy], Time(%), 0.12639202022272322
[TOTAL_GCS_MarkSweepCompact], Count, 1
[TOTAL_GC_TIME_MarkSweepCompact], Time(ms), 11
[TOTAL_GC_TIME_%_MarkSweepCompact], Time(%), 0.03757600601216096
[TOTAL_GCs], Count, 9
[TOTAL_GC_TIME], Time(ms), 48
[TOTAL_GC_TIME_%], Time(%), 0.1639680262348842
[CLEANUP], Operations, 64
[CLEANUP], AverageLatency(us), 34833.1875
[CLEANUP], MinLatency(us), 1
[CLEANUP], MaxLatency(us), 2230271
[CLEANUP], 95thPercentileLatency(us), 2
[CLEANUP], 99thPercentileLatency(us), 6
[INSERT], Operations, 2000
[INSERT], AverageLatency(us), 817293.385
[INSERT], MinLatency(us), 5464
[INSERT], MaxLatency(us), 24592383
[INSERT], 95thPercentileLatency(us), 88511
[INSERT], 99thPercentileLatency(us), 24543231
[INSERT], Return=OK, 2000
