[OVERALL], RunTime(ms), 9554
[OVERALL], Throughput(ops/sec), 209.33640360058615
[TOTAL_GCS_Copy], Count, 7
[TOTAL_GC_TIME_Copy], Time(ms), 34
[TOTAL_GC_TIME_%_Copy], Time(%), 0.3558718861209964
[TOTAL_GCS_MarkSweepCompact], Count, 1
[TOTAL_GC_TIME_MarkSweepCompact], Time(ms), 14
[TOTAL_GC_TIME_%_MarkSweepCompact], Time(%), 0.1465354825204103
[TOTAL_GCs], Count, 8
[TOTAL_GC_TIME], Time(ms), 48
[TOTAL_GC_TIME_%], Time(%), 0.5024073686414068
[CLEANUP], Operations, 16
[CLEANUP], AverageLatency(us), 138946.125
[CLEANUP], MinLatency(us), 1
[CLEANUP], MaxLatency(us), 2224127
[CLEANUP], 95thPercentileLatency(us), 7
[CLEANUP], 99thPercentileLatency(us), 2224127
[INSERT], Operations, 2000
[INSERT], AverageLatency(us), 45235.652
[INSERT], MinLatency(us), 21392
[INSERT], MaxLatency(us), 145279
[INSERT], 95thPercentileLatency(us), 78463
[INSERT], 99thPercentileLatency(us), 96639
[INSERT], Return=OK, 2000
