[OVERALL], RunTime(ms), 9063
[OVERALL], Throughput(ops/sec), 220.67747986317997
[TOTAL_GCS_Copy], Count, 6
[TOTAL_GC_TIME_Copy], Time(ms), 36
[TOTAL_GC_TIME_%_Copy], Time(%), 0.3972194637537239
[TOTAL_GCS_MarkSweepCompact], Count, 1
[TOTAL_GC_TIME_MarkSweepCompact], Time(ms), 11
[TOTAL_GC_TIME_%_MarkSweepCompact], Time(%), 0.12137261392474899
[TOTAL_GCs], Count, 7
[TOTAL_GC_TIME], Time(ms), 47
[TOTAL_GC_TIME_%], Time(%), 0.5185920776784729
[CLEANUP], Operations, 8
[CLEANUP], AverageLatency(us), 277635.125
[CLEANUP], MinLatency(us), 1
[CLEANUP], MaxLatency(us), 2222079
[CLEANUP], 95thPercentileLatency(us), 2222079
[CLEANUP], 99thPercentileLatency(us), 2222079
[INSERT], Operations, 2000
[INSERT], AverageLatency(us), 20722.0015
[INSERT], MinLatency(us), 1842
[INSERT], MaxLatency(us), 89215
[INSERT], 95thPercentileLatency(us), 48543
[INSERT], 99thPercentileLatency(us), 64063
[INSERT], Return=OK, 2000
