[OVERALL], RunTime(ms), 33219
[OVERALL], Throughput(ops/sec), 60.20650832354978
[TOTAL_GCS_Copy], Count, 6
[TOTAL_GC_TIME_Copy], Time(ms), 33
[TOTAL_GC_TIME_%_Copy], Time(%), 0.09934073873385714
[TOTAL_GCS_MarkSweepCompact], Count, 1
[TOTAL_GC_TIME_MarkSweepCompact], Time(ms), 11
[TOTAL_GC_TIME_%_MarkSweepCompact], Time(%), 0.03311357957795238
[TOTAL_GCs], Count, 7
[TOTAL_GC_TIME], Time(ms), 44
[TOTAL_GC_TIME_%], Time(%), 0.1324543183118095
[CLEANUP], Operations, 2
[CLEANUP], AverageLatency(us), 1111556.0
[CLEANUP], MinLatency(us), 8
[CLEANUP], MaxLatency(us), 2224127
[CLEANUP], 95thPercentileLatency(us), 2224127
[CLEANUP], 99thPercentileLatency(us), 2224127
[INSERT], Operations, 2000
[INSERT], AverageLatency(us), 29430.295
[INSERT], MinLatency(us), 1374
[INSERT], MaxLatency(us), 12066815
[INSERT], 95thPercentileLatency(us), 44223
[INSERT], 99thPercentileLatency(us), 48575
[INSERT], Return=OK, 2000
