[OVERALL], RunTime(ms), 9494
[OVERALL], Throughput(ops/sec), 210.6593638087213
[TOTAL_GCS_Copy], Count, 7
[TOTAL_GC_TIME_Copy], Time(ms), 40
[TOTAL_GC_TIME_%_Copy], Time(%), 0.42131872761744255
[TOTAL_GCS_MarkSweepCompact], Count, 1
[TOTAL_GC_TIME_MarkSweepCompact], Time(ms), 11
[TOTAL_GC_TIME_%_MarkSweepCompact], Time(%), 0.11586265009479672
[TOTAL_GCs], Count, 8
[TOTAL_GC_TIME], Time(ms), 51
[TOTAL_GC_TIME_%], Time(%), 0.5371813777122393
[CLEANUP], Operations, 16
[CLEANUP], AverageLatency(us), 139074.9375
[CLEANUP], MinLatency(us), 1
[CLEANUP], MaxLatency(us), 2226175
[CLEANUP], 95thPercentileLatency(us), 7
[CLEANUP], 99thPercentileLatency(us), 2226175
[INSERT], Operations, 2000
[INSERT], AverageLatency(us), 44456.782
[INSERT], MinLatency(us), 15520
[INSERT], MaxLatency(us), 153855
[INSERT], 95thPercentileLatency(us), 78271
[INSERT], 99thPercentileLatency(us), 95999
[INSERT], Return=OK, 2000
