[OVERALL], RunTime(ms), 5378
[OVERALL], Throughput(ops/sec), 371.8854592785422
[TOTAL_GCS_Copy], Count, 7
[TOTAL_GC_TIME_Copy], Time(ms), 36
[TOTAL_GC_TIME_%_Copy], Time(%), 0.669393826701376
[TOTAL_GCS_MarkSweepCompact], Count, 1
[TOTAL_GC_TIME_MarkSweepCompact], Time(ms), 13
[TOTAL_GC_TIME_%_MarkSweepCompact], Time(%), 0.24172554853105244
[TOTAL_GCs], Count, 8
[TOTAL_GC_TIME], Time(ms), 49
[TOTAL_GC_TIME_%], Time(%), 0.9111193752324285
[CLEANUP], Operations, 16
[CLEANUP], AverageLatency(us), 139457.8125
[CLEANUP], MinLatency(us), 1
[CLEANUP], MaxLatency(us), 2232319
[CLEANUP], 95thPercentileLatency(us), 5
[CLEANUP], 99thPercentileLatency(us), 2232319
[INSERT], Operations, 2000
[INSERT], AverageLatency(us), 12878.729
[INSERT], MinLatency(us), 4792
[INSERT], MaxLatency(us), 148607
[INSERT], 95thPercentileLatency(us), 24847
[INSERT], 99thPercentileLatency(us), 56511
[INSERT], Return=OK, 2000
