[OVERALL], RunTime(ms), 6247
[OVERALL], Throughput(ops/sec), 800.384184408516
[TOTAL_GCS_Copy], Count, 13
[TOTAL_GC_TIME_Copy], Time(ms), 48
[TOTAL_GC_TIME_%_Copy], Time(%), 0.7683688170321754
[TOTAL_GCS_MarkSweepCompact], Count, 1
[TOTAL_GC_TIME_MarkSweepCompact], Time(ms), 12
[TOTAL_GC_TIME_%_MarkSweepCompact], Time(%), 0.19209220425804385
[TOTAL_GCs], Count, 14
[TOTAL_GC_TIME], Time(ms), 60
[TOTAL_GC_TIME_%], Time(%), 0.9604610212902194
[READ], Operations, 4755
[READ], AverageLatency(us), 58124.80105152471
[READ], MinLatency(us), 2368
[READ], MaxLatency(us), 763903
[READ], 95thPercentileLatency(us), 133759
[READ], 99thPercentileLatency(us), 653311
[READ], Return=OK, 4755
[CLEANUP], Operations, 128
[CLEANUP], AverageLatency(us), 17385.5625
[CLEANUP], MinLatency(us), 1
[CLEANUP], MaxLatency(us), 2226175
[CLEANUP], 95thPercentileLatency(us), 2
[CLEANUP], 99thPercentileLatency(us), 18
[INSERT], Operations, 245
[INSERT], AverageLatency(us), 84997.71428571429
[INSERT], MinLatency(us), 21264
[INSERT], MaxLatency(us), 619519
[INSERT], 95thPercentileLatency(us), 182783
[INSERT], 99thPercentileLatency(us), 613887
[INSERT], Return=OK, 245
