[OVERALL], RunTime(ms), 24600
[OVERALL], Throughput(ops/sec), 81.30081300813008
[TOTAL_GCS_Copy], Count, 6
[TOTAL_GC_TIME_Copy], Time(ms), 37
[TOTAL_GC_TIME_%_Copy], Time(%), 0.15040650406504066
[TOTAL_GCS_MarkSweepCompact], Count, 1
[TOTAL_GC_TIME_MarkSweepCompact], Time(ms), 11
[TOTAL_GC_TIME_%_MarkSweepCompact], Time(%), 0.044715447154471545
[TOTAL_GCs], Count, 7
[TOTAL_GC_TIME], Time(ms), 48
[TOTAL_GC_TIME_%], Time(%), 0.1951219512195122
[CLEANUP], Operations, 4
[CLEANUP], AverageLatency(us), 555267.5
[CLEANUP], MinLatency(us), 3
[CLEANUP], MaxLatency(us), 2222079
[CLEANUP], 95thPercentileLatency(us), 2222079
[CLEANUP], 99thPercentileLatency(us), 2222079
[INSERT], Operations, 2000
[INSERT], AverageLatency(us), 41299.266
[INSERT], MinLatency(us), 4880
[INSERT], MaxLatency(us), 119679
[INSERT], 95thPercentileLatency(us), 76799
[INSERT], 99thPercentileLatency(us), 93887
[INSERT], Return=OK, 2000
