[OVERALL], RunTime(ms), 5470
[OVERALL], Throughput(ops/sec), 365.6307129798903
[TOTAL_GCS_Copy], Count, 7
[TOTAL_GC_TIME_Copy], Time(ms), 34
[TOTAL_GC_TIME_%_Copy], Time(%), 0.6215722120658135
[TOTAL_GCS_MarkSweepCompact], Count, 1
[TOTAL_GC_TIME_MarkSweepCompact], Time(ms), 11
[TOTAL_GC_TIME_%_MarkSweepCompact], Time(%), 0.20109689213893966
[TOTAL_GCs], Count, 8
[TOTAL_GC_TIME], Time(ms), 45
[TOTAL_GC_TIME_%], Time(%), 0.8226691042047531
[CLEANUP], Operations, 16
[CLEANUP], AverageLatency(us), 138690.0625
[CLEANUP], MinLatency(us), 1
[CLEANUP], MaxLatency(us), 2220031
[CLEANUP], 95thPercentileLatency(us), 6
[CLEANUP], 99thPercentileLatency(us), 2220031
[INSERT], Operations, 2000
[INSERT], AverageLatency(us), 13224.836
[INSERT], MinLatency(us), 4852
[INSERT], MaxLatency(us), 127167
[INSERT], 95thPercentileLatency(us), 27663
[INSERT], 99thPercentileLatency(us), 49087
[INSERT], Return=OK, 2000
