[OVERALL], RunTime(ms), 5547
[OVERALL], Throughput(ops/sec), 540.8328826392644
[TOTAL_GCS_Copy], Count, 7
[TOTAL_GC_TIME_Copy], Time(ms), 36
[TOTAL_GC_TIME_%_Copy], Time(%), 0.6489994591671173
[TOTAL_GCS_MarkSweepCompact], Count, 1
[TOTAL_GC_TIME_MarkSweepCompact], Time(ms), 11
[TOTAL_GC_TIME_%_MarkSweepCompact], Time(%), 0.19830539030106364
[TOTAL_GCs], Count, 8
[TOTAL_GC_TIME], Time(ms), 47
[TOTAL_GC_TIME_%], Time(%), 0.847304849468181
[READ], Operations, 2858
[READ], AverageLatency(us), 19028.008047585725
[READ], MinLatency(us), 995
[READ], MaxLatency(us), 269055
[READ], 95thPercentileLatency(us), 44543
[READ], 99thPercentileLatency(us), 151039
[READ], Return=OK, 2858
[CLEANUP], Operations, 32
[CLEANUP], AverageLatency(us), 69729.375
[CLEANUP], MinLatency(us), 1
[CLEANUP], MaxLatency(us), 2232319
[CLEANUP], 95thPercentileLatency(us), 2
[CLEANUP], 99thPercentileLatency(us), 2232319
[UPDATE], Operations, 142
[UPDATE], AverageLatency(us), 25869.535211267605
[UPDATE], MinLatency(us), 2966
[UPDATE], MaxLatency(us), 143103
[UPDATE], 95thPercentileLatency(us), 98367
[UPDATE], 99thPercentileLatency(us), 142207
[UPDATE], Return=OK, 142
