[OVERALL], RunTime(ms), 15067
[OVERALL], Throughput(ops/sec), 132.74042609676778
[TOTAL_GCS_Copy], Count, 6
[TOTAL_GC_TIME_Copy], Time(ms), 35
[TOTAL_GC_TIME_%_Copy], Time(%), 0.2322957456693436
[TOTAL_GCS_MarkSweepCompact], Count, 1
[TOTAL_GC_TIME_MarkSweepCompact], Time(ms), 11
[TOTAL_GC_TIME_%_MarkSweepCompact], Time(%), 0.07300723435322228
[TOTAL_GCs], Count, 7
[TOTAL_GC_TIME], Time(ms), 46
[TOTAL_GC_TIME_%], Time(%), 0.3053029800225659
[CLEANUP], Operations, 8
[CLEANUP], AverageLatency(us), 278659.25
[CLEANUP], MinLatency(us), 3
[CLEANUP], MaxLatency(us), 2230271
[CLEANUP], 95thPercentileLatency(us), 2230271
[CLEANUP], 99thPercentileLatency(us), 2230271
[INSERT], Operations, 2000
[INSERT], AverageLatency(us), 44053.105
[INSERT], MinLatency(us), 5208
[INSERT], MaxLatency(us), 144767
[INSERT], 95thPercentileLatency(us), 75583
[INSERT], 99thPercentileLatency(us), 98623
[INSERT], Return=OK, 2000
