[OVERALL], RunTime(ms), 14603
[OVERALL], Throughput(ops/sec), 273.9163185646785
[TOTAL_GCS_Copy], Count, 6
[TOTAL_GC_TIME_Copy], Time(ms), 36
[TOTAL_GC_TIME_%_Copy], Time(%), 0.24652468670821065
[TOTAL_GCS_MarkSweepCompact], Count, 1
[TOTAL_GC_TIME_MarkSweepCompact], Time(ms), 11
[TOTAL_GC_TIME_%_MarkSweepCompact], Time(%), 0.07532698760528658
[TOTAL_GCs], Count, 7
[TOTAL_GC_TIME], Time(ms), 47
[TOTAL_GC_TIME_%], Time(%), 0.3218516743134972
[READ], Operations, 4000
[READ], AverageLatency(us), 5385.05125
[READ], MinLatency(us), 648
[READ], MaxLatency(us), 42367
[READ], 95thPercentileLatency(us), 10871
[READ], 99thPercentileLatency(us), 12519
[READ], Return=OK, 4000
[CLEANUP], Operations, 2
[CLEANUP], AverageLatency(us), 1114628.0
[CLEANUP], MinLatency(us), 8
[CLEANUP], MaxLatency(us), 2230271
[CLEANUP], 95thPercentileLatency(us), 2230271
[CLEANUP], 99thPercentileLatency(us), 2230271
