[OVERALL], RunTime(ms), 61544
[OVERALL], Throughput(ops/sec), 64.99415052645261
[TOTAL_GCS_Copy], Count, 54
[TOTAL_GC_TIME_Copy], Time(ms), 80
[TOTAL_GC_TIME_%_Copy], Time(%), 0.12998830105290524
[TOTAL_GCS_MarkSweepCompact], Count, 1
[TOTAL_GC_TIME_MarkSweepCompact], Time(ms), 12
[TOTAL_GC_TIME_%_MarkSweepCompact], Time(%), 0.019498245157935783
[TOTAL_GCs], Count, 55
[TOTAL_GC_TIME], Time(ms), 92
[TOTAL_GC_TIME_%], Time(%), 0.14948654621084104
[CLEANUP], Operations, 2
[CLEANUP], AverageLatency(us), 1111556.0
[CLEANUP], MinLatency(us), 8
[CLEANUP], MaxLatency(us), 2224127
[CLEANUP], 95thPercentileLatency(us), 2224127
[CLEANUP], 99thPercentileLatency(us), 2224127
[INSERT], Operations, 194
[INSERT], AverageLatency(us), 34111.463917525776
[INSERT], MinLatency(us), 16120
[INSERT], MaxLatency(us), 71935
[INSERT], 95thPercentileLatency(us), 43295
[INSERT], 99thPercentileLatency(us), 46655
[INSERT], Return=OK, 194
[SCAN], Operations, 3806
[SCAN], AverageLatency(us), 28506.12427745665
[SCAN], MinLatency(us), 1189
[SCAN], MaxLatency(us), 24264703
[SCAN], 95thPercentileLatency(us), 24735
[SCAN], 99thPercentileLatency(us), 40063
[SCAN], Return=OK, 3806
