[OVERALL], RunTime(ms), 5973
[OVERALL], Throughput(ops/sec), 334.8401138456387
[TOTAL_GCS_Copy], Count, 6
[TOTAL_GC_TIME_Copy], Time(ms), 34
[TOTAL_GC_TIME_%_Copy], Time(%), 0.5692281935375858
[TOTAL_GCS_MarkSweepCompact], Count, 1
[TOTAL_GC_TIME_MarkSweepCompact], Time(ms), 11
[TOTAL_GC_TIME_%_MarkSweepCompact], Time(%), 0.1841620626151013
[TOTAL_GCs], Count, 7
[TOTAL_GC_TIME], Time(ms), 45
[TOTAL_GC_TIME_%], Time(%), 0.7533902561526872
[CLEANUP], Operations, 1
[CLEANUP], AverageLatency(us), 2235392.0
[CLEANUP], MinLatency(us), 2234368
[CLEANUP], MaxLatency(us), 2236415
[CLEANUP], 95thPercentileLatency(us), 2236415
[CLEANUP], 99thPercentileLatency(us), 2236415
[INSERT], Operations, 2000
[INSERT], AverageLatency(us), 1111.0715
[INSERT], MinLatency(us), 728
[INSERT], MaxLatency(us), 32143
[INSERT], 95thPercentileLatency(us), 1521
[INSERT], 99thPercentileLatency(us), 4015
[INSERT], Return=OK, 2000
