[OVERALL], RunTime(ms), 5318
[OVERALL], Throughput(ops/sec), 376.081233546446
[TOTAL_GCS_Copy], Count, 7
[TOTAL_GC_TIME_Copy], Time(ms), 37
[TOTAL_GC_TIME_%_Copy], Time(%), 0.6957502820609252
[TOTAL_GCS_MarkSweepCompact], Count, 1
[TOTAL_GC_TIME_MarkSweepCompact], Time(ms), 11
[TOTAL_GC_TIME_%_MarkSweepCompact], Time(%), 0.2068446784505453
[TOTAL_GCs], Count, 8
[TOTAL_GC_TIME], Time(ms), 48
[TOTAL_GC_TIME_%], Time(%), 0.9025949605114705
[CLEANUP], Operations, 32
[CLEANUP], AverageLatency(us), 69729.5
[CLEANUP], MinLatency(us), 1
[CLEANUP], MaxLatency(us), 2232319
[CLEANUP], 95thPercentileLatency(us), 6
[CLEANUP], 99thPercentileLatency(us), 2232319
[INSERT], Operations, 2000
[INSERT], AverageLatency(us), 24656.763
[INSERT], MinLatency(us), 4964
[INSERT], MaxLatency(us), 258943
[INSERT], 95thPercentileLatency(us), 46335
[INSERT], 99thPercentileLatency(us), 190591
[INSERT], Return=OK, 2000
