[OVERALL], RunTime(ms), 7296
[OVERALL], Throughput(ops/sec), 685.3070175438596
[TOTAL_GCS_Copy], Count, 8
[TOTAL_GC_TIME_Copy], Time(ms), 39
[TOTAL_GC_TIME_%_Copy], Time(%), 0.5345394736842105
[TOTAL_GCS_MarkSweepCompact], Count, 1
[TOTAL_GC_TIME_MarkSweepCompact], Time(ms), 12
[TOTAL_GC_TIME_%_MarkSweepCompact], Time(%), 0.1644736842105263
[TOTAL_GCs], Count, 9
[TOTAL_GC_TIME], Time(ms), 51
[TOTAL_GC_TIME_%], Time(%), 0.6990131578947368
[READ], Operations, 4740
[READ], AverageLatency(us), 20129.039662447256
[READ], MinLatency(us), 2013
[READ], MaxLatency(us), 252543
[READ], 95thPercentileLatency(us), 35967
[READ], 99thPercentileLatency(us), 57151
[READ], Return=OK, 4740
[CLEANUP], Operations, 32
[CLEANUP], AverageLatency(us), 69538.34375
[CLEANUP], MinLatency(us), 1
[CLEANUP], MaxLatency(us), 2226175
[CLEANUP], 95thPercentileLatency(us), 4
[CLEANUP], 99thPercentileLatency(us), 2226175
[INSERT], Operations, 260
[INSERT], AverageLatency(us), 51723.04615384615
[INSERT], MinLatency(us), 21696
[INSERT], MaxLatency(us), 262399
[INSERT], 95thPercentileLatency(us), 92863
[INSERT], 99thPercentileLatency(us), 200063
[INSERT], Return=OK, 260
