[OVERALL], RunTime(ms), 7311
[OVERALL], Throughput(ops/sec), 820.6811653672548
[TOTAL_GCS_Copy], Count, 8
[TOTAL_GC_TIME_Copy], Time(ms), 40
[TOTAL_GC_TIME_%_Copy], Time(%), 0.5471207769115032
[TOTAL_GCS_MarkSweepCompact], Count, 1
[TOTAL_GC_TIME_MarkSweepCompact], Time(ms), 11
[TOTAL_GC_TIME_%_MarkSweepCompact], Time(%), 0.1504582136506634
[TOTAL_GCs], Count, 9
[TOTAL_GC_TIME], Time(ms), 51
[TOTAL_GC_TIME_%], Time(%), 0.6975789905621665
[READ], Operations, 5715
[READ], AverageLatency(us), 2291.1305336832897
[READ], MinLatency(us), 647
[READ], MaxLatency(us), 58079
[READ], 95thPercentileLatency(us), 5243
[READ], 99thPercentileLatency(us), 9063
[READ], Return=OK, 5715
[CLEANUP], Operations, 4
[CLEANUP], AverageLatency(us), 557314.5
[CLEANUP], MinLatency(us), 2
[CLEANUP], MaxLatency(us), 2230271
[CLEANUP], 95thPercentileLatency(us), 2230271
[CLEANUP], 99thPercentileLatency(us), 2230271
[UPDATE], Operations, 285
[UPDATE], AverageLatency(us), 4197.645614035087
[UPDATE], MinLatency(us), 1951
[UPDATE], MaxLatency(us), 32127
[UPDATE], 95thPercentileLatency(us), 8407
[UPDATE], 99thPercentileLatency(us), 23183
[UPDATE], Return=OK, 285
