[OVERALL], RunTime(ms), 29212
[OVERALL], Throughput(ops/sec), 68.46501437765302
[TOTAL_GCS_Copy], Count, 8
[TOTAL_GC_TIME_Copy], Time(ms), 42
[TOTAL_GC_TIME_%_Copy], Time(%), 0.14377653019307135
[TOTAL_GCS_MarkSweepCompact], Count, 1
[TOTAL_GC_TIME_MarkSweepCompact], Time(ms), 13
[TOTAL_GC_TIME_%_MarkSweepCompact], Time(%), 0.044502259345474464
[TOTAL_GCs], Count, 9
[TOTAL_GC_TIME], Time(ms), 55
[TOTAL_GC_TIME_%], Time(%), 0.1882787895385458
[CLEANUP], Operations, 64
[CLEANUP], AverageLatency(us), 34865.046875
[CLEANUP], MinLatency(us), 1
[CLEANUP], MaxLatency(us), 2232319
[CLEANUP], 95thPercentileLatency(us), 1
[CLEANUP], 99thPercentileLatency(us), 5
[INSERT], Operations, 2000
[INSERT], AverageLatency(us), 815218.522
[INSERT], MinLatency(us), 8312
[INSERT], MaxLatency(us), 24526847
[INSERT], 95thPercentileLatency(us), 85119
[INSERT], 99thPercentileLatency(us), 24510463
[INSERT], Return=OK, 2000
