[OVERALL], RunTime(ms), 15608
[OVERALL], Throughput(ops/sec), 128.1394156842645
[TOTAL_GCS_Copy], Count, 6
[TOTAL_GC_TIME_Copy], Time(ms), 32
[TOTAL_GC_TIME_%_Copy], Time(%), 0.20502306509482315
[TOTAL_GCS_MarkSweepCompact], Count, 1
[TOTAL_GC_TIME_MarkSweepCompact], Time(ms), 11
[TOTAL_GC_TIME_%_MarkSweepCompact], Time(%), 0.07047667862634546
[TOTAL_GCs], Count, 7
[TOTAL_GC_TIME], Time(ms), 43
[TOTAL_GC_TIME_%], Time(%), 0.27549974372116864
[CLEANUP], Operations, 8
[CLEANUP], AverageLatency(us), 278148.25
[CLEANUP], MinLatency(us), 3
[CLEANUP], MaxLatency(us), 2226175
[CLEANUP], 95thPercentileLatency(us), 2226175
[CLEANUP], 99thPercentileLatency(us), 2226175
[INSERT], Operations, 2000
[INSERT], AverageLatency(us), 46182.558
[INSERT], MinLatency(us), 4592
[INSERT], MaxLatency(us), 121087
[INSERT], 95thPercentileLatency(us), 87359
[INSERT], 99thPercentileLatency(us), 99327
[INSERT], Return=OK, 2000
