[OVERALL], RunTime(ms), 6104
[OVERALL], Throughput(ops/sec), 327.653997378768
[TOTAL_GCS_Copy], Count, 6
[TOTAL_GC_TIME_Copy], Time(ms), 37
[TOTAL_GC_TIME_%_Copy], Time(%), 0.6061598951507209
[TOTAL_GCS_MarkSweepCompact], Count, 1
[TOTAL_GC_TIME_MarkSweepCompact], Time(ms), 11
[TOTAL_GC_TIME_%_MarkSweepCompact], Time(%), 0.18020969855832242
[TOTAL_GCs], Count, 7
[TOTAL_GC_TIME], Time(ms), 48
[TOTAL_GC_TIME_%], Time(%), 0.7863695937090431
[CLEANUP], Operations, 1
[CLEANUP], AverageLatency(us), 2231296.0
[CLEANUP], MinLatency(us), 2230272
[CLEANUP], MaxLatency(us), 2232319
[CLEANUP], 95thPercentileLatency(us), 2232319
[CLEANUP], 99thPercentileLatency(us), 2232319
[INSERT], Operations, 2000
[INSERT], AverageLatency(us), 1143.901
[INSERT], MinLatency(us), 747
[INSERT], MaxLatency(us), 30527
[INSERT], 95thPercentileLatency(us), 1565
[INSERT], 99thPercentileLatency(us), 4335
[INSERT], Return=OK, 2000
