[OVERALL], RunTime(ms), 15416
[OVERALL], Throughput(ops/sec), 129.73533990659055
[TOTAL_GCS_Copy], Count, 6
[TOTAL_GC_TIME_Copy], Time(ms), 37
[TOTAL_GC_TIME_%_Copy], Time(%), 0.24001037882719253
[TOTAL_GCS_MarkSweepCompact], Count, 1
[TOTAL_GC_TIME_MarkSweepCompact], Time(ms), 11
[TOTAL_GC_TIME_%_MarkSweepCompact], Time(%), 0.0713544369486248
[TOTAL_GCs], Count, 7
[TOTAL_GC_TIME], Time(ms), 48
[TOTAL_GC_TIME_%], Time(%), 0.3113648157758173
[CLEANUP], Operations, 4
[CLEANUP], AverageLatency(us), 556803.5
[CLEANUP], MinLatency(us), 3
[CLEANUP], MaxLatency(us), 2228223
[CLEANUP], 95thPercentileLatency(us), 2228223
[CLEANUP], 99thPercentileLatency(us), 2228223
[INSERT], Operations, 2000
[INSERT], AverageLatency(us), 23148.4785
[INSERT], MinLatency(us), 2130
[INSERT], MaxLatency(us), 85247
[INSERT], 95thPercentileLatency(us), 50975
[INSERT], 99thPercentileLatency(us), 62655
[INSERT], Return=OK, 2000
