[OVERALL], RunTime(ms), 6319
[OVERALL], Throughput(ops/sec), 949.5173286912486
[TOTAL_GCS_Copy], Count, 8
[TOTAL_GC_TIME_Copy], Time(ms), 36
[TOTAL_GC_TIME_%_Copy], Time(%), 0.5697103972147493
[TOTAL_GCS_MarkSweepCompact], Count, 1
[TOTAL_GC_TIME_MarkSweepCompact], Time(ms), 11
[TOTAL_GC_TIME_%_MarkSweepCompact], Time(%), 0.1740781769267289
[TOTAL_GCs], Count, 9
[TOTAL_GC_TIME], Time(ms), 47
[TOTAL_GC_TIME_%], Time(%), 0.7437885741414781
[READ], Operations, 3041
[READ], AverageLatency(us), 11803.447550147977
[READ], MinLatency(us), 1145
[READ], MaxLatency(us), 239743
[READ], 95thPercentileLatency(us), 32367
[READ], 99thPercentileLatency(us), 49567
[READ], Return=OK, 3041
[CLEANUP], Operations, 32
[CLEANUP], AverageLatency(us), 69729.8125
[CLEANUP], MinLatency(us), 1
[CLEANUP], MaxLatency(us), 2232319
[CLEANUP], 95thPercentileLatency(us), 3
[CLEANUP], 99thPercentileLatency(us), 2232319
[UPDATE], Operations, 2959
[UPDATE], AverageLatency(us), 15722.300101385603
[UPDATE], MinLatency(us), 4396
[UPDATE], MaxLatency(us), 241407
[UPDATE], 95thPercentileLatency(us), 36095
[UPDATE], 99thPercentileLatency(us), 55583
[UPDATE], Return=OK, 2959
