[OVERALL], RunTime(ms), 5490
[OVERALL], Throughput(ops/sec), 364.29872495446267
[TOTAL_GCS_Copy], Count, 8
[TOTAL_GC_TIME_Copy], Time(ms), 43
[TOTAL_GC_TIME_%_Copy], Time(%), 0.7832422586520946
[TOTAL_GCS_MarkSweepCompact], Count, 1
[TOTAL_GC_TIME_MarkSweepCompact], Time(ms), 11
[TOTAL_GC_TIME_%_MarkSweepCompact], Time(%), 0.20036429872495445
[TOTAL_GCs], Count, 9
[TOTAL_GC_TIME], Time(ms), 54
[TOTAL_GC_TIME_%], Time(%), 0.9836065573770493
[CLEANUP], Operations, 64
[CLEANUP], AverageLatency(us), 34801.375
[CLEANUP], MinLatency(us), 1
[CLEANUP], MaxLatency(us), 2228223
[CLEANUP], 95thPercentileLatency(us), 2
[CLEANUP], 99thPercentileLatency(us), 6
[INSERT], Operations, 2000
[INSERT], AverageLatency(us), 54335.316
[INSERT], MinLatency(us), 24320
[INSERT], MaxLatency(us), 449535
[INSERT], 95thPercentileLatency(us), 77695
[INSERT], 99thPercentileLatency(us), 415743
[INSERT], Return=OK, 2000
