[OVERALL], RunTime(ms), 8987
[OVERALL], Throughput(ops/sec), 556.3591854901524
[TOTAL_GCS_Copy], Count, 8
[TOTAL_GC_TIME_Copy], Time(ms), 38
[TOTAL_GC_TIME_%_Copy], Time(%), 0.42283298097251587
[TOTAL_GCS_MarkSweepCompact], Count, 1
[TOTAL_GC_TIME_MarkSweepCompact], Time(ms), 11
[TOTAL_GC_TIME_%_MarkSweepCompact], Time(%), 0.12239902080783352
[TOTAL_GCs], Count, 9
[TOTAL_GC_TIME], Time(ms), 49
[TOTAL_GC_TIME_%], Time(%), 0.5452320017803494
[READ], Operations, 4742
[READ], AverageLatency(us), 14822.762758329818
[READ], MinLatency(us), 907
[READ], MaxLatency(us), 144767
[READ], 95thPercentileLatency(us), 22207
[READ], 99thPercentileLatency(us), 30863
[READ], Return=OK, 4742
[CLEANUP], Operations, 16
[CLEANUP], AverageLatency(us), 138947.625
[CLEANUP], MinLatency(us), 1
[CLEANUP], MaxLatency(us), 2224127
[CLEANUP], 95thPercentileLatency(us), 25
[CLEANUP], 99thPercentileLatency(us), 2224127
[INSERT], Operations, 258
[INSERT], AverageLatency(us), 40672.682170542634
[INSERT], MinLatency(us), 21408
[INSERT], MaxLatency(us), 152703
[INSERT], 95thPercentileLatency(us), 77631
[INSERT], 99thPercentileLatency(us), 98239
[INSERT], Return=OK, 258
