[OVERALL], RunTime(ms), 33348
[OVERALL], Throughput(ops/sec), 59.97361161089121
[TOTAL_GCS_Copy], Count, 6
[TOTAL_GC_TIME_Copy], Time(ms), 35
[TOTAL_GC_TIME_%_Copy], Time(%), 0.10495382031905962
[TOTAL_GCS_MarkSweepCompact], Count, 1
[TOTAL_GC_TIME_MarkSweepCompact], Time(ms), 11
[TOTAL_GC_TIME_%_MarkSweepCompact], Time(%), 0.032985486385990165
[TOTAL_GCs], Count, 7
[TOTAL_GC_TIME], Time(ms), 46
[TOTAL_GC_TIME_%], Time(%), 0.13793930670504978
[CLEANUP], Operations, 2
[CLEANUP], AverageLatency(us), 1109508.0
[CLEANUP], MinLatency(us), 8
[CLEANUP], MaxLatency(us), 2220031
[CLEANUP], 95thPercentileLatency(us), 2220031
[CLEANUP], 99thPercentileLatency(us), 2220031
[INSERT], Operations, 2000
[INSERT], AverageLatency(us), 29500.7955
[INSERT], MinLatency(us), 1809
[INSERT], MaxLatency(us), 12050431
[INSERT], 95thPercentileLatency(us), 43679
[INSERT], 99thPercentileLatency(us), 47775
[INSERT], Return=OK, 2000
