[OVERALL], RunTime(ms), 6009
[OVERALL], Throughput(ops/sec), 665.6681644200366
[TOTAL_GCS_Copy], Count, 7
[TOTAL_GC_TIME_Copy], Time(ms), 34
[TOTAL_GC_TIME_%_Copy], Time(%), 0.5658179397570311
[TOTAL_GCS_MarkSweepCompact], Count, 1
[TOTAL_GC_TIME_MarkSweepCompact], Time(ms), 14
[TOTAL_GC_TIME_%_MarkSweepCompact], Time(%), 0.2329838575470128
[TOTAL_GCs], Count, 8
[TOTAL_GC_TIME], Time(ms), 48
[TOTAL_GC_TIME_%], Time(%), 0.798801797304044
[READ], Operations, 2022
[READ], AverageLatency(us), 6867.181008902077
[READ], MinLatency(us), 1111
[READ], MaxLatency(us), 141311
[READ], 95thPercentileLatency(us), 17199
[READ], 99thPercentileLatency(us), 26031
[READ], Return=OK, 2022
[CLEANUP], Operations, 16
[CLEANUP], AverageLatency(us), 139330.125
[CLEANUP], MinLatency(us), 1
[CLEANUP], MaxLatency(us), 2230271
[CLEANUP], 95thPercentileLatency(us), 8
[CLEANUP], 99thPercentileLatency(us), 2230271
[UPDATE], Operations, 1978
[UPDATE], AverageLatency(us), 11229.74721941355
[UPDATE], MinLatency(us), 4300
[UPDATE], MaxLatency(us), 130239
[UPDATE], 95thPercentileLatency(us), 22463
[UPDATE], 99thPercentileLatency(us), 43967
[UPDATE], Return=OK, 1978
