[OVERALL], RunTime(ms), 8832
[OVERALL], Throughput(ops/sec), 566.1231884057971
[TOTAL_GCS_Copy], Count, 64
[TOTAL_GC_TIME_Copy], Time(ms), 114
[TOTAL_GC_TIME_%_Copy], Time(%), 1.2907608695652173
[TOTAL_GCS_MarkSweepCompact], Count, 1
[TOTAL_GC_TIME_MarkSweepCompact], Time(ms), 11
[TOTAL_GC_TIME_%_MarkSweepCompact], Time(%), 0.12454710144927535
[TOTAL_GCs], Count, 65
[TOTAL_GC_TIME], Time(ms), 125
[TOTAL_GC_TIME_%], Time(%), 1.4153079710144927
[CLEANUP], Operations, 32
[CLEANUP], AverageLatency(us), 69602.625
[CLEANUP], MinLatency(us), 1
[CLEANUP], MaxLatency(us), 2228223
[CLEANUP], 95thPercentileLatency(us), 6
[CLEANUP], 99thPercentileLatency(us), 2228223
[INSERT], Operations, 262
[INSERT], AverageLatency(us), 47655.98473282443
[INSERT], MinLatency(us), 11088
[INSERT], MaxLatency(us), 316159
[INSERT], 95thPercentileLatency(us), 82367
[INSERT], 99thPercentileLatency(us), 167551
[INSERT], Return=OK, 262
[SCAN], Operations, 4738
[SCAN], AverageLatency(us), 30577.165470662727
[SCAN], MinLatency(us), 3296
[SCAN], MaxLatency(us), 314623
[SCAN], 95thPercentileLatency(us), 59167
[SCAN], 99thPercentileLatency(us), 122047
[SCAN], Return=OK, 4738
