[OVERALL], RunTime(ms), 52598
[OVERALL], Throughput(ops/sec), 38.02425947754667
[TOTAL_GCS_Copy], Count, 6
[TOTAL_GC_TIME_Copy], Time(ms), 40
[TOTAL_GC_TIME_%_Copy], Time(%), 0.07604851895509335
[TOTAL_GCS_MarkSweepCompact], Count, 1
[TOTAL_GC_TIME_MarkSweepCompact], Time(ms), 11
[TOTAL_GC_TIME_%_MarkSweepCompact], Time(%), 0.02091334271265067
[TOTAL_GCs], Count, 7
[TOTAL_GC_TIME], Time(ms), 51
[TOTAL_GC_TIME_%], Time(%), 0.09696186166774402
[CLEANUP], Operations, 2
[CLEANUP], AverageLatency(us), 1109508.0
[CLEANUP], MinLatency(us), 8
[CLEANUP], MaxLatency(us), 2220031
[CLEANUP], 95thPercentileLatency(us), 2220031
[CLEANUP], 99thPercentileLatency(us), 2220031
[INSERT], Operations, 2000
[INSERT], AverageLatency(us), 48880.664
[INSERT], MinLatency(us), 3078
[INSERT], MaxLatency(us), 12107775
[INSERT], 95thPercentileLatency(us), 64703
[INSERT], 99thPercentileLatency(us), 80511
[INSERT], Return=OK, 2000
