[OVERALL], RunTime(ms), 6565
[OVERALL], Throughput(ops/sec), 304.64584920030467
[TOTAL_GCS_Copy], Count, 7
[TOTAL_GC_TIME_Copy], Time(ms), 35
[TOTAL_GC_TIME_%_Copy], Time(%), 0.5331302361005331
[TOTAL_GCS_MarkSweepCompact], Count, 1
[TOTAL_GC_TIME_MarkSweepCompact], Time(ms), 11
[TOTAL_GC_TIME_%_MarkSweepCompact], Time(%), 0.16755521706016757
[TOTAL_GCs], Count, 8
[TOTAL_GC_TIME], Time(ms), 46
[TOTAL_GC_TIME_%], Time(%), 0.7006854531607006
[CLEANUP], Operations, 32
[CLEANUP], AverageLatency(us), 69537.84375
[CLEANUP], MinLatency(us), 1
[CLEANUP], MaxLatency(us), 2226175
[CLEANUP], 95thPercentileLatency(us), 3
[CLEANUP], 99thPercentileLatency(us), 2226175
[INSERT], Operations, 2000
[INSERT], AverageLatency(us), 42997.899
[INSERT], MinLatency(us), 7148
[INSERT], MaxLatency(us), 248447
[INSERT], 95thPercentileLatency(us), 64287
[INSERT], 99thPercentileLatency(us), 225279
[INSERT], Return=OK, 2000
