[OVERALL], RunTime(ms), 17435
[OVERALL], Throughput(ops/sec), 114.71178663607685
[TOTAL_GCS_Copy], Count, 11
[TOTAL_GC_TIME_Copy], Time(ms), 45
[TOTAL_GC_TIME_%_Copy], Time(%), 0.2581015199311729
[TOTAL_GCS_MarkSweepCompact], Count, 1
[TOTAL_GC_TIME_MarkSweepCompact], Time(ms), 14
[TOTAL_GC_TIME_%_MarkSweepCompact], Time(%), 0.08029825064525381
[TOTAL_GCs], Count, 12
[TOTAL_GC_TIME], Time(ms), 59
[TOTAL_GC_TIME_%], Time(%), 0.33839977057642673
[CLEANUP], Operations, 128
[CLEANUP], AverageLatency(us), 17385.25
[CLEANUP], MinLatency(us), 1
[CLEANUP], MaxLatency(us), 2226175
[CLEANUP], 95thPercentileLatency(us), 2
[CLEANUP], 99thPercentileLatency(us), 6
[INSERT], Operations, 2000
[INSERT], AverageLatency(us), 868978.44
[INSERT], MinLatency(us), 22960
[INSERT], MaxLatency(us), 12763135
[INSERT], 95thPercentileLatency(us), 12582911
[INSERT], 99thPercentileLatency(us), 12730367
[INSERT], Return=OK, 2000
