[OVERALL], RunTime(ms), 6559
[OVERALL], Throughput(ops/sec), 304.9245311785333
[TOTAL_GCS_Copy], Count, 7
[TOTAL_GC_TIME_Copy], Time(ms), 34
[TOTAL_GC_TIME_%_Copy], Time(%), 0.5183717030035067
[TOTAL_GCS_MarkSweepCompact], Count, 1
[TOTAL_GC_TIME_MarkSweepCompact], Time(ms), 11
[TOTAL_GC_TIME_%_MarkSweepCompact], Time(%), 0.16770849214819333
[TOTAL_GCs], Count, 8
[TOTAL_GC_TIME], Time(ms), 45
[TOTAL_GC_TIME_%], Time(%), 0.6860801951516999
[CLEANUP], Operations, 32
[CLEANUP], AverageLatency(us), 69409.90625
[CLEANUP], MinLatency(us), 1
[CLEANUP], MaxLatency(us), 2222079
[CLEANUP], 95thPercentileLatency(us), 3
[CLEANUP], 99thPercentileLatency(us), 2222079
[INSERT], Operations, 2000
[INSERT], AverageLatency(us), 43933.616
[INSERT], MinLatency(us), 18624
[INSERT], MaxLatency(us), 251391
[INSERT], 95thPercentileLatency(us), 67199
[INSERT], 99thPercentileLatency(us), 182911
[INSERT], Return=OK, 2000
