[OVERALL], RunTime(ms), 6516
[OVERALL], Throughput(ops/sec), 306.9367710251688
[TOTAL_GCS_Copy], Count, 26
[TOTAL_GC_TIME_Copy], Time(ms), 193
[TOTAL_GC_TIME_%_Copy], Time(%), 2.961939840392879
[TOTAL_GCS_MarkSweepCompact], Count, 3
[TOTAL_GC_TIME_MarkSweepCompact], Time(ms), 60
[TOTAL_GC_TIME_%_MarkSweepCompact], Time(%), 0.9208103130755065
[TOTAL_GCs], Count, 29
[TOTAL_GC_TIME], Time(ms), 253
[TOTAL_GC_TIME_%], Time(%), 3.8827501534683853
[CLEANUP], Operations, 128
[CLEANUP], AverageLatency(us), 17356.0703125
[CLEANUP], MinLatency(us), 1
[CLEANUP], MaxLatency(us), 2222079
[CLEANUP], 95thPercentileLatency(us), 3
[CLEANUP], 99thPercentileLatency(us), 256
[INSERT], Operations, 107
[INSERT], AverageLatency(us), 174675.8878504673
[INSERT], MinLatency(us), 17552
[INSERT], MaxLatency(us), 901631
[INSERT], 95thPercentileLatency(us), 581119
[INSERT], 99thPercentileLatency(us), 817151
[INSERT], Return=OK, 107
[SCAN], Operations, 1893
[SCAN], AverageLatency(us), 160178.96883254094
[SCAN], MinLatency(us), 5408
[SCAN], MaxLatency(us), 946175
[SCAN], 95thPercentileLatency(us), 536063
[SCAN], 99thPercentileLatency(us), 822271
[SCAN], Return=OK, 1893
