[OVERALL], RunTime(ms), 6208
[OVERALL], Throughput(ops/sec), 966.4948453608248
[TOTAL_GCS_Copy], Count, 12
[TOTAL_GC_TIME_Copy], Time(ms), 47
[TOTAL_GC_TIME_%_Copy], Time(%), 0.7570876288659794
[TOTAL_GCS_MarkSweepCompact], Count, 1
[TOTAL_GC_TIME_MarkSweepCompact], Time(ms), 21
[TOTAL_GC_TIME_%_MarkSweepCompact], Time(%), 0.3382731958762887
[TOTAL_GCs], Count, 13
[TOTAL_GC_TIME], Time(ms), 68
[TOTAL_GC_TIME_%], Time(%), 1.095360824742268
[READ], Operations, 3007
[READ], AverageLatency(us), 47461.15696707682
[READ], MinLatency(us), 1371
[READ], MaxLatency(us), 683007
[READ], 95thPercentileLatency(us), 122431
[READ], 99thPercentileLatency(us), 590847
[READ], Return=OK, 3007
[CLEANUP], Operations, 128
[CLEANUP], AverageLatency(us), 17369.6015625
[CLEANUP], MinLatency(us), 1
[CLEANUP], MaxLatency(us), 2224127
[CLEANUP], 95thPercentileLatency(us), 2
[CLEANUP], 99thPercentileLatency(us), 9
[UPDATE], Operations, 2993
[UPDATE], AverageLatency(us), 53803.4330103575
[UPDATE], MinLatency(us), 2982
[UPDATE], MaxLatency(us), 710143
[UPDATE], 95thPercentileLatency(us), 142335
[UPDATE], 99thPercentileLatency(us), 532479
[UPDATE], Return=OK, 2993
