[OVERALL], RunTime(ms), 4782
[OVERALL], Throughput(ops/sec), 209.11752404851526
[TOTAL_GCS_Copy], Count, 10
[TOTAL_GC_TIME_Copy], Time(ms), 40
[TOTAL_GC_TIME_%_Copy], Time(%), 0.8364700961940611
[TOTAL_GCS_MarkSweepCompact], Count, 1
[TOTAL_GC_TIME_MarkSweepCompact], Time(ms), 12
[TOTAL_GC_TIME_%_MarkSweepCompact], Time(%), 0.2509410288582183
[TOTAL_GCs], Count, 11
[TOTAL_GC_TIME], Time(ms), 52
[TOTAL_GC_TIME_%], Time(%), 1.0874111250522793
[READ], Operations, 481
[READ], AverageLatency(us), 119618.85446985447
[READ], MinLatency(us), 1238
[READ], MaxLatency(us), 637439
[READ], 95thPercentileLatency(us), 575999
[READ], 99thPercentileLatency(us), 623615
[READ], Return=OK, 481
[CLEANUP], Operations, 128
[CLEANUP], AverageLatency(us), 17385.03125
[CLEANUP], MinLatency(us), 1
[CLEANUP], MaxLatency(us), 2226175
[CLEANUP], 95thPercentileLatency(us), 1
[CLEANUP], 99thPercentileLatency(us), 5
[UPDATE], Operations, 519
[UPDATE], AverageLatency(us), 134444.2543352601
[UPDATE], MinLatency(us), 4196
[UPDATE], MaxLatency(us), 657919
[UPDATE], 95thPercentileLatency(us), 598527
[UPDATE], 99thPercentileLatency(us), 643583
[UPDATE], Return=OK, 519
