[OVERALL], RunTime(ms), 5201
[OVERALL], Throughput(ops/sec), 384.5414343395501
[TOTAL_GCS_Copy], Count, 8
[TOTAL_GC_TIME_Copy], Time(ms), 37
[TOTAL_GC_TIME_%_Copy], Time(%), 0.7114016535281676
[TOTAL_GCS_MarkSweepCompact], Count, 1
[TOTAL_GC_TIME_MarkSweepCompact], Time(ms), 12
[TOTAL_GC_TIME_%_MarkSweepCompact], Time(%), 0.23072486060373007
[TOTAL_GCs], Count, 9
[TOTAL_GC_TIME], Time(ms), 49
[TOTAL_GC_TIME_%], Time(%), 0.9421265141318977
[CLEANUP], Operations, 64
[CLEANUP], AverageLatency(us), 34993.21875
[CLEANUP], MinLatency(us), 1
[CLEANUP], MaxLatency(us), 2240511
[CLEANUP], 95thPercentileLatency(us), 2
[CLEANUP], 99thPercentileLatency(us), 6
[INSERT], Operations, 2000
[INSERT], AverageLatency(us), 46415.1515
[INSERT], MinLatency(us), 2342
[INSERT], MaxLatency(us), 446975
[INSERT], 95thPercentileLatency(us), 97727
[INSERT], 99thPercentileLatency(us), 362751
[INSERT], Return=OK, 2000
