[OVERALL], RunTime(ms), 47038
[OVERALL], Throughput(ops/sec), 42.51881457544964
[TOTAL_GCS_Copy], Count, 6
[TOTAL_GC_TIME_Copy], Time(ms), 33
[TOTAL_GC_TIME_%_Copy], Time(%), 0.0701560440494919
[TOTAL_GCS_MarkSweepCompact], Count, 1
[TOTAL_GC_TIME_MarkSweepCompact], Time(ms), 11
[TOTAL_GC_TIME_%_MarkSweepCompact], Time(%), 0.0233853480164973
[TOTAL_GCs], Count, 7
[TOTAL_GC_TIME], Time(ms), 44
[TOTAL_GC_TIME_%], Time(%), 0.0935413920659892
[CLEANUP], Operations, 1
[CLEANUP], AverageLatency(us), 2221056.0
[CLEANUP], MinLatency(us), 2220032
[CLEANUP], MaxLatency(us), 2222079
[CLEANUP], 95thPercentileLatency(us), 2222079
[CLEANUP], 99thPercentileLatency(us), 2222079
[INSERT], Operations, 2000
[INSERT], AverageLatency(us), 21664.007
[INSERT], MinLatency(us), 1735
[INSERT], MaxLatency(us), 12066815
[INSERT], 95thPercentileLatency(us), 40127
[INSERT], 99thPercentileLatency(us), 43967
[INSERT], Return=OK, 2000
