[OVERALL], RunTime(ms), 50711
[OVERALL], Throughput(ops/sec), 39.43917493246041
[TOTAL_GCS_Copy], Count, 6
[TOTAL_GC_TIME_Copy], Time(ms), 33
[TOTAL_GC_TIME_%_Copy], Time(%), 0.06507463863855968
[TOTAL_GCS_MarkSweepCompact], Count, 1
[TOTAL_GC_TIME_MarkSweepCompact], Time(ms), 12
[TOTAL_GC_TIME_%_MarkSweepCompact], Time(%), 0.023663504959476247
[TOTAL_GCs], Count, 7
[TOTAL_GC_TIME], Time(ms), 45
[TOTAL_GC_TIME_%], Time(%), 0.08873814359803593
[CLEANUP], Operations, 1
[CLEANUP], AverageLatency(us), 2219008.0
[CLEANUP], MinLatency(us), 2217984
[CLEANUP], MaxLatency(us), 2220031
[CLEANUP], 95thPercentileLatency(us), 2220031
[CLEANUP], 99thPercentileLatency(us), 2220031
[INSERT], Operations, 2000
[INSERT], AverageLatency(us), 23490.175
[INSERT], MinLatency(us), 2031
[INSERT], MaxLatency(us), 12050431
[INSERT], 95thPercentileLatency(us), 40607
[INSERT], 99thPercentileLatency(us), 44991
[INSERT], Return=OK, 2000
