[OVERALL], RunTime(ms), 23320
[OVERALL], Throughput(ops/sec), 128.64493996569468
[TOTAL_GCS_Copy], Count, 6
[TOTAL_GC_TIME_Copy], Time(ms), 37
[TOTAL_GC_TIME_%_Copy], Time(%), 0.15866209262435677
[TOTAL_GCS_MarkSweepCompact], Count, 1
[TOTAL_GC_TIME_MarkSweepCompact], Time(ms), 11
[TOTAL_GC_TIME_%_MarkSweepCompact], Time(%), 0.04716981132075472
[TOTAL_GCs], Count, 7
[TOTAL_GC_TIME], Time(ms), 48
[TOTAL_GC_TIME_%], Time(%), 0.2058319039451115
[READ], Operations, 1483
[READ], AverageLatency(us), 11919.8105192178
[READ], MinLatency(us), 778
[READ], MaxLatency(us), 12050431
[READ], 95thPercentileLatency(us), 7483
[READ], 99thPercentileLatency(us), 8127
[READ], Return=OK, 1483
[CLEANUP], Operations, 2
[CLEANUP], AverageLatency(us), 1115652.0
[CLEANUP], MinLatency(us), 8
[CLEANUP], MaxLatency(us), 2232319
[CLEANUP], 95thPercentileLatency(us), 2232319
[CLEANUP], 99thPercentileLatency(us), 2232319
[UPDATE], Operations, 1517
[UPDATE], AverageLatency(us), 14116.36783124588
[UPDATE], MinLatency(us), 2070
[UPDATE], MaxLatency(us), 12066815
[UPDATE], 95thPercentileLatency(us), 8303
[UPDATE], 99thPercentileLatency(us), 11335
[UPDATE], Return=OK, 1517
