[OVERALL], RunTime(ms), 5533
[OVERALL], Throughput(ops/sec), 361.4675582866438
[TOTAL_GCS_Copy], Count, 8
[TOTAL_GC_TIME_Copy], Time(ms), 39
[TOTAL_GC_TIME_%_Copy], Time(%), 0.7048617386589554
[TOTAL_GCS_MarkSweepCompact], Count, 1
[TOTAL_GC_TIME_MarkSweepCompact], Time(ms), 12
[TOTAL_GC_TIME_%_MarkSweepCompact], Time(%), 0.21688053497198626
[TOTAL_GCs], Count, 9
[TOTAL_GC_TIME], Time(ms), 51
[TOTAL_GC_TIME_%], Time(%), 0.9217422736309415
[CLEANUP], Operations, 64
[CLEANUP], AverageLatency(us), 34769.5
[CLEANUP], MinLatency(us), 1
[CLEANUP], MaxLatency(us), 2226175
[CLEANUP], 95thPercentileLatency(us), 3
[CLEANUP], 99thPercentileLatency(us), 7
[INSERT], Operations, 2000
[INSERT], AverageLatency(us), 55516.796
[INSERT], MinLatency(us), 22928
[INSERT], MaxLatency(us), 432639
[INSERT], 95thPercentileLatency(us), 73663
[INSERT], 99thPercentileLatency(us), 395007
[INSERT], Return=OK, 2000
