[OVERALL], RunTime(ms), 5155
[OVERALL], Throughput(ops/sec), 387.97284190106694
[TOTAL_GCS_Copy], Count, 8
[TOTAL_GC_TIME_Copy], Time(ms), 40
[TOTAL_GC_TIME_%_Copy], Time(%), 0.7759456838021339
[TOTAL_GCS_MarkSweepCompact], Count, 1
[TOTAL_GC_TIME_MarkSweepCompact], Time(ms), 12
[TOTAL_GC_TIME_%_MarkSweepCompact], Time(%), 0.23278370514064015
[TOTAL_GCs], Count, 9
[TOTAL_GC_TIME], Time(ms), 52
[TOTAL_GC_TIME_%], Time(%), 1.008729388942774
[CLEANUP], Operations, 64
[CLEANUP], AverageLatency(us), 34833.25
[CLEANUP], MinLatency(us), 1
[CLEANUP], MaxLatency(us), 2230271
[CLEANUP], 95thPercentileLatency(us), 2
[CLEANUP], 99thPercentileLatency(us), 6
[INSERT], Operations, 2000
[INSERT], AverageLatency(us), 44936.1755
[INSERT], MinLatency(us), 2486
[INSERT], MaxLatency(us), 401151
[INSERT], 95thPercentileLatency(us), 86207
[INSERT], 99thPercentileLatency(us), 366591
[INSERT], Return=OK, 2000
