[OVERALL], RunTime(ms), 4655
[OVERALL], Throughput(ops/sec), 214.82277121374867
[TOTAL_GCS_Copy], Count, 7
[TOTAL_GC_TIME_Copy], Time(ms), 33
[TOTAL_GC_TIME_%_Copy], Time(%), 0.7089151450053706
[TOTAL_GCS_MarkSweepCompact], Count, 1
[TOTAL_GC_TIME_MarkSweepCompact], Time(ms), 12
[TOTAL_GC_TIME_%_MarkSweepCompact], Time(%), 0.25778732545649835
[TOTAL_GCs], Count, 8
[TOTAL_GC_TIME], Time(ms), 45
[TOTAL_GC_TIME_%], Time(%), 0.966702470461869
[READ], Operations, 1000
[READ], AverageLatency(us), 58628.731
[READ], MinLatency(us), 1738
[READ], MaxLatency(us), 421887
[READ], 95thPercentileLatency(us), 283903
[READ], 99thPercentileLatency(us), 383999
[READ], Return=OK, 1000
[CLEANUP], Operations, 64
[CLEANUP], AverageLatency(us), 34801.203125
[CLEANUP], MinLatency(us), 1
[CLEANUP], MaxLatency(us), 2228223
[CLEANUP], 95thPercentileLatency(us), 2
[CLEANUP], 99thPercentileLatency(us), 5
