[OVERALL], RunTime(ms), 4646
[OVERALL], Throughput(ops/sec), 215.2389151958674
[TOTAL_GCS_Copy], Count, 5
[TOTAL_GC_TIME_Copy], Time(ms), 26
[TOTAL_GC_TIME_%_Copy], Time(%), 0.5596211795092553
[TOTAL_GCS_MarkSweepCompact], Count, 1
[TOTAL_GC_TIME_MarkSweepCompact], Time(ms), 12
[TOTAL_GC_TIME_%_MarkSweepCompact], Time(%), 0.2582866982350409
[TOTAL_GCs], Count, 6
[TOTAL_GC_TIME], Time(ms), 38
[TOTAL_GC_TIME_%], Time(%), 0.8179078777442962
[READ], Operations, 523
[READ], AverageLatency(us), 12559.292543021033
[READ], MinLatency(us), 1455
[READ], MaxLatency(us), 110271
[READ], 95thPercentileLatency(us), 26687
[READ], 99thPercentileLatency(us), 95359
[READ], Return=OK, 523
[CLEANUP], Operations, 16
[CLEANUP], AverageLatency(us), 139073.3125
[CLEANUP], MinLatency(us), 1
[CLEANUP], MaxLatency(us), 2226175
[CLEANUP], 95thPercentileLatency(us), 6
[CLEANUP], 99thPercentileLatency(us), 2226175
[UPDATE], Operations, 477
[UPDATE], AverageLatency(us), 17771.132075471698
[UPDATE], MinLatency(us), 4996
[UPDATE], MaxLatency(us), 141439
[UPDATE], 95thPercentileLatency(us), 32095
[UPDATE], 99thPercentileLatency(us), 132607
[UPDATE], Return=OK, 477
