[OVERALL], RunTime(ms), 29917
[OVERALL], Throughput(ops/sec), 66.85162282314403
[TOTAL_GCS_Copy], Count, 7
[TOTAL_GC_TIME_Copy], Time(ms), 34
[TOTAL_GC_TIME_%_Copy], Time(%), 0.11364775879934486
[TOTAL_GCS_MarkSweepCompact], Count, 1
[TOTAL_GC_TIME_MarkSweepCompact], Time(ms), 11
[TOTAL_GC_TIME_%_MarkSweepCompact], Time(%), 0.03676839255272922
[TOTAL_GCs], Count, 8
[TOTAL_GC_TIME], Time(ms), 45
[TOTAL_GC_TIME_%], Time(%), 0.15041615135207406
[CLEANUP], Operations, 16
[CLEANUP], AverageLatency(us), 139074.125
[CLEANUP], MinLatency(us), 1
[CLEANUP], MaxLatency(us), 2226175
[CLEANUP], 95thPercentileLatency(us), 7
[CLEANUP], 99thPercentileLatency(us), 2226175
[INSERT], Operations, 2000
[INSERT], AverageLatency(us), 209260.466
[INSERT], MinLatency(us), 3156
[INSERT], MaxLatency(us), 24346623
[INSERT], 95thPercentileLatency(us), 31311
[INSERT], 99thPercentileLatency(us), 61407
[INSERT], Return=OK, 2000
