[OVERALL], RunTime(ms), 33692
[OVERALL], Throughput(ops/sec), 59.36127270568681
[TOTAL_GCS_Copy], Count, 6
[TOTAL_GC_TIME_Copy], Time(ms), 32
[TOTAL_GC_TIME_%_Copy], Time(%), 0.0949780363290989
[TOTAL_GCS_MarkSweepCompact], Count, 1
[TOTAL_GC_TIME_MarkSweepCompact], Time(ms), 11
[TOTAL_GC_TIME_%_MarkSweepCompact], Time(%), 0.03264869998812774
[TOTAL_GCs], Count, 7
[TOTAL_GC_TIME], Time(ms), 43
[TOTAL_GC_TIME_%], Time(%), 0.12762673631722662
[CLEANUP], Operations, 2
[CLEANUP], AverageLatency(us), 1111556.0
[CLEANUP], MinLatency(us), 8
[CLEANUP], MaxLatency(us), 2224127
[CLEANUP], 95thPercentileLatency(us), 2224127
[CLEANUP], 99thPercentileLatency(us), 2224127
[INSERT], Operations, 2000
[INSERT], AverageLatency(us), 29837.4745
[INSERT], MinLatency(us), 1242
[INSERT], MaxLatency(us), 12083199
[INSERT], 95thPercentileLatency(us), 44351
[INSERT], 99thPercentileLatency(us), 47487
[INSERT], Return=OK, 2000
