[OVERALL], RunTime(ms), 24197
[OVERALL], Throughput(ops/sec), 82.65487457122784
[TOTAL_GCS_Copy], Count, 6
[TOTAL_GC_TIME_Copy], Time(ms), 36
[TOTAL_GC_TIME_%_Copy], Time(%), 0.1487787742282101
[TOTAL_GCS_MarkSweepCompact], Count, 1
[TOTAL_GC_TIME_MarkSweepCompact], Time(ms), 11
[TOTAL_GC_TIME_%_MarkSweepCompact], Time(%), 0.04546018101417531
[TOTAL_GCs], Count, 7
[TOTAL_GC_TIME], Time(ms), 47
[TOTAL_GC_TIME_%], Time(%), 0.1942389552423854
[CLEANUP], Operations, 4
[CLEANUP], AverageLatency(us), 556803.0
[CLEANUP], MinLatency(us), 2
[CLEANUP], MaxLatency(us), 2228223
[CLEANUP], 95thPercentileLatency(us), 2228223
[CLEANUP], 99thPercentileLatency(us), 2228223
[INSERT], Operations, 2000
[INSERT], AverageLatency(us), 40431.776
[INSERT], MinLatency(us), 4452
[INSERT], MaxLatency(us), 130815
[INSERT], 95thPercentileLatency(us), 68031
[INSERT], 99thPercentileLatency(us), 87103
[INSERT], Return=OK, 2000
