[OVERALL], RunTime(ms), 5481
[OVERALL], Throughput(ops/sec), 364.8969166210546
[TOTAL_GCS_Copy], Count, 5
[TOTAL_GC_TIME_Copy], Time(ms), 35
[TOTAL_GC_TIME_%_Copy], Time(%), 0.6385696040868455
[TOTAL_GCS_MarkSweepCompact], Count, 1
[TOTAL_GC_TIME_MarkSweepCompact], Time(ms), 12
[TOTAL_GC_TIME_%_MarkSweepCompact], Time(%), 0.21893814997263275
[TOTAL_GCs], Count, 6
[TOTAL_GC_TIME], Time(ms), 47
[TOTAL_GC_TIME_%], Time(%), 0.8575077540594781
[READ], Operations, 994
[READ], AverageLatency(us), 4838.0764587525155
[READ], MinLatency(us), 1082
[READ], MaxLatency(us), 79359
[READ], 95thPercentileLatency(us), 9719
[READ], 99thPercentileLatency(us), 17391
[READ], Return=OK, 994
[CLEANUP], Operations, 8
[CLEANUP], AverageLatency(us), 278146.0
[CLEANUP], MinLatency(us), 1
[CLEANUP], MaxLatency(us), 2226175
[CLEANUP], 95thPercentileLatency(us), 2226175
[CLEANUP], 99thPercentileLatency(us), 2226175
[UPDATE], Operations, 1006
[UPDATE], AverageLatency(us), 9126.96421471173
[UPDATE], MinLatency(us), 4232
[UPDATE], MaxLatency(us), 102719
[UPDATE], 95thPercentileLatency(us), 13607
[UPDATE], 99thPercentileLatency(us), 32095
[UPDATE], Return=OK, 1006
