[OVERALL], RunTime(ms), 9808
[OVERALL], Throughput(ops/sec), 203.9151712887439
[TOTAL_GCS_Copy], Count, 6
[TOTAL_GC_TIME_Copy], Time(ms), 32
[TOTAL_GC_TIME_%_Copy], Time(%), 0.3262642740619902
[TOTAL_GCS_MarkSweepCompact], Count, 1
[TOTAL_GC_TIME_MarkSweepCompact], Time(ms), 11
[TOTAL_GC_TIME_%_MarkSweepCompact], Time(%), 0.11215334420880912
[TOTAL_GCs], Count, 7
[TOTAL_GC_TIME], Time(ms), 43
[TOTAL_GC_TIME_%], Time(%), 0.4384176182707994
[CLEANUP], Operations, 8
[CLEANUP], AverageLatency(us), 277379.125
[CLEANUP], MinLatency(us), 2
[CLEANUP], MaxLatency(us), 2220031
[CLEANUP], 95thPercentileLatency(us), 2220031
[CLEANUP], 99thPercentileLatency(us), 2220031
[INSERT], Operations, 2000
[INSERT], AverageLatency(us), 23512.8555
[INSERT], MinLatency(us), 3626
[INSERT], MaxLatency(us), 100927
[INSERT], 95thPercentileLatency(us), 53471
[INSERT], 99thPercentileLatency(us), 66687
[INSERT], Return=OK, 2000
