[OVERALL], RunTime(ms), 4730
[OVERALL], Throughput(ops/sec), 211.41649048625794
[TOTAL_GCS_Copy], Count, 7
[TOTAL_GC_TIME_Copy], Time(ms), 33
[TOTAL_GC_TIME_%_Copy], Time(%), 0.6976744186046512
[TOTAL_GCS_MarkSweepCompact], Count, 1
[TOTAL_GC_TIME_MarkSweepCompact], Time(ms), 11
[TOTAL_GC_TIME_%_MarkSweepCompact], Time(%), 0.23255813953488372
[TOTAL_GCs], Count, 8
[TOTAL_GC_TIME], Time(ms), 44
[TOTAL_GC_TIME_%], Time(%), 0.9302325581395349
[READ], Operations, 954
[READ], AverageLatency(us), 60695.50733752621
[READ], MinLatency(us), 2332
[READ], MaxLatency(us), 408063
[READ], 95thPercentileLatency(us), 299007
[READ], 99thPercentileLatency(us), 380927
[READ], Return=OK, 954
[CLEANUP], Operations, 64
[CLEANUP], AverageLatency(us), 34801.15625
[CLEANUP], MinLatency(us), 1
[CLEANUP], MaxLatency(us), 2228223
[CLEANUP], 95thPercentileLatency(us), 1
[CLEANUP], 99thPercentileLatency(us), 12
[INSERT], Operations, 46
[INSERT], AverageLatency(us), 68320.0
[INSERT], MinLatency(us), 26112
[INSERT], MaxLatency(us), 332287
[INSERT], 95thPercentileLatency(us), 120383
[INSERT], 99thPercentileLatency(us), 332287
[INSERT], Return=OK, 46
