[OVERALL], RunTime(ms), 57178
[OVERALL], Throughput(ops/sec), 104.93546468921613
[TOTAL_GCS_Copy], Count, 53
[TOTAL_GC_TIME_Copy], Time(ms), 356
[TOTAL_GC_TIME_%_Copy], Time(%), 0.6226170904893491
[TOTAL_GCS_MarkSweepCompact], Count, 4
[TOTAL_GC_TIME_MarkSweepCompact], Time(ms), 93
[TOTAL_GC_TIME_%_MarkSweepCompact], Time(%), 0.162649970268285
[TOTAL_GCs], Count, 57
[TOTAL_GC_TIME], Time(ms), 449
[TOTAL_GC_TIME_%], Time(%), 0.7852670607576341
[CLEANUP], Operations, 128
[CLEANUP], AverageLatency(us), 17369.953125
[CLEANUP], MinLatency(us), 1
[CLEANUP], MaxLatency(us), 2224127
[CLEANUP], 95thPercentileLatency(us), 3
[CLEANUP], 99thPercentileLatency(us), 14
[INSERT], Operations, 326
[INSERT], AverageLatency(us), 864346.6625766872
[INSERT], MinLatency(us), 13888
[INSERT], MaxLatency(us), 48922623
[INSERT], 95thPercentileLatency(us), 401919
[INSERT], 99thPercentileLatency(us), 48889855
[INSERT], Return=OK, 326
[SCAN], Operations, 5674
[SCAN], AverageLatency(us), 1149280.4055340148
[SCAN], MinLatency(us), 2852
[SCAN], MaxLatency(us), 49348607
[SCAN], 95thPercentileLatency(us), 363007
[SCAN], 99thPercentileLatency(us), 48955391
[SCAN], Return=OK, 5674
