[OVERALL], RunTime(ms), 7625
[OVERALL], Throughput(ops/sec), 524.5901639344262
[TOTAL_GCS_Copy], Count, 37
[TOTAL_GC_TIME_Copy], Time(ms), 209
[TOTAL_GC_TIME_%_Copy], Time(%), 2.740983606557377
[TOTAL_GCS_MarkSweepCompact], Count, 2
[TOTAL_GC_TIME_MarkSweepCompact], Time(ms), 33
[TOTAL_GC_TIME_%_MarkSweepCompact], Time(%), 0.4327868852459016
[TOTAL_GCs], Count, 39
[TOTAL_GC_TIME], Time(ms), 242
[TOTAL_GC_TIME_%], Time(%), 3.1737704918032787
[CLEANUP], Operations, 128
[CLEANUP], AverageLatency(us), 17386.4140625
[CLEANUP], MinLatency(us), 1
[CLEANUP], MaxLatency(us), 2226175
[CLEANUP], 95thPercentileLatency(us), 3
[CLEANUP], 99thPercentileLatency(us), 39
[INSERT], Operations, 216
[INSERT], AverageLatency(us), 129940.33333333333
[INSERT], MinLatency(us), 18608
[INSERT], MaxLatency(us), 795135
[INSERT], 95thPercentileLatency(us), 283391
[INSERT], 99thPercentileLatency(us), 365055
[INSERT], Return=OK, 216
[SCAN], Operations, 3784
[SCAN], AverageLatency(us), 115011.77986257928
[SCAN], MinLatency(us), 3836
[SCAN], MaxLatency(us), 903679
[SCAN], 95thPercentileLatency(us), 313087
[SCAN], 99thPercentileLatency(us), 732159
[SCAN], Return=OK, 3784
