[OVERALL], RunTime(ms), 5327
[OVERALL], Throughput(ops/sec), 375.44584193730054
[TOTAL_GCS_Copy], Count, 6
[TOTAL_GC_TIME_Copy], Time(ms), 31
[TOTAL_GC_TIME_%_Copy], Time(%), 0.5819410550028158
[TOTAL_GCS_MarkSweepCompact], Count, 1
[TOTAL_GC_TIME_MarkSweepCompact], Time(ms), 11
[TOTAL_GC_TIME_%_MarkSweepCompact], Time(%), 0.2064952130655153
[TOTAL_GCs], Count, 7
[TOTAL_GC_TIME], Time(ms), 42
[TOTAL_GC_TIME_%], Time(%), 0.7884362680683311
[READ], Operations, 1906
[READ], AverageLatency(us), 23730.61385099685
[READ], MinLatency(us), 1800
[READ], MaxLatency(us), 231167
[READ], 95thPercentileLatency(us), 41311
[READ], 99thPercentileLatency(us), 187519
[READ], Return=OK, 1906
[CLEANUP], Operations, 32
[CLEANUP], AverageLatency(us), 69602.0
[CLEANUP], MinLatency(us), 1
[CLEANUP], MaxLatency(us), 2228223
[CLEANUP], 95thPercentileLatency(us), 5
[CLEANUP], 99thPercentileLatency(us), 2228223
[INSERT], Operations, 94
[INSERT], AverageLatency(us), 44222.55319148936
[INSERT], MinLatency(us), 22288
[INSERT], MaxLatency(us), 132863
[INSERT], 95thPercentileLatency(us), 70399
[INSERT], 99thPercentileLatency(us), 85695
[INSERT], Return=OK, 94
