[OVERALL], RunTime(ms), 37783
[OVERALL], Throughput(ops/sec), 132.33464785750206
[TOTAL_GCS_Copy], Count, 7
[TOTAL_GC_TIME_Copy], Time(ms), 34
[TOTAL_GC_TIME_%_Copy], Time(%), 0.08998756054310139
[TOTAL_GCS_MarkSweepCompact], Count, 1
[TOTAL_GC_TIME_MarkSweepCompact], Time(ms), 11
[TOTAL_GC_TIME_%_MarkSweepCompact], Time(%), 0.029113622528650452
[TOTAL_GCs], Count, 8
[TOTAL_GC_TIME], Time(ms), 45
[TOTAL_GC_TIME_%], Time(%), 0.11910118307175185
[READ], Operations, 4757
[READ], AverageLatency(us), 12771.687408030271
[READ], MinLatency(us), 734
[READ], MaxLatency(us), 73791
[READ], 95thPercentileLatency(us), 19391
[READ], 99thPercentileLatency(us), 23119
[READ], Return=OK, 4757
[CLEANUP], Operations, 2
[CLEANUP], AverageLatency(us), 1109508.5
[CLEANUP], MinLatency(us), 9
[CLEANUP], MaxLatency(us), 2220031
[CLEANUP], 95thPercentileLatency(us), 2220031
[CLEANUP], 99thPercentileLatency(us), 2220031
[INSERT], Operations, 243
[INSERT], AverageLatency(us), 27860.213991769546
[INSERT], MinLatency(us), 5836
[INSERT], MaxLatency(us), 58879
[INSERT], 95thPercentileLatency(us), 38367
[INSERT], 99thPercentileLatency(us), 42143
[INSERT], Return=OK, 243
