[OVERALL], RunTime(ms), 5512
[OVERALL], Throughput(ops/sec), 362.84470246734395
[TOTAL_GCS_Copy], Count, 5
[TOTAL_GC_TIME_Copy], Time(ms), 30
[TOTAL_GC_TIME_%_Copy], Time(%), 0.5442670537010159
[TOTAL_GCS_MarkSweepCompact], Count, 1
[TOTAL_GC_TIME_MarkSweepCompact], Time(ms), 11
[TOTAL_GC_TIME_%_MarkSweepCompact], Time(%), 0.19956458635703916
[TOTAL_GCs], Count, 6
[TOTAL_GC_TIME], Time(ms), 41
[TOTAL_GC_TIME_%], Time(%), 0.7438316400580551
[READ], Operations, 1910
[READ], AverageLatency(us), 3461.5392670157066
[READ], MinLatency(us), 862
[READ], MaxLatency(us), 54463
[READ], 95thPercentileLatency(us), 8223
[READ], 99thPercentileLatency(us), 11087
[READ], Return=OK, 1910
[CLEANUP], Operations, 4
[CLEANUP], AverageLatency(us), 557315.75
[CLEANUP], MinLatency(us), 2
[CLEANUP], MaxLatency(us), 2230271
[CLEANUP], 95thPercentileLatency(us), 2230271
[CLEANUP], 99thPercentileLatency(us), 2230271
[UPDATE], Operations, 90
[UPDATE], AverageLatency(us), 5910.233333333334
[UPDATE], MinLatency(us), 2186
[UPDATE], MaxLatency(us), 27727
[UPDATE], 95thPercentileLatency(us), 17807
[UPDATE], 99thPercentileLatency(us), 25439
[UPDATE], Return=OK, 90
