[OVERALL], RunTime(ms), 7985
[OVERALL], Throughput(ops/sec), 751.4088916718848
[TOTAL_GCS_Copy], Count, 7
[TOTAL_GC_TIME_Copy], Time(ms), 35
[TOTAL_GC_TIME_%_Copy], Time(%), 0.4383218534752661
[TOTAL_GCS_MarkSweepCompact], Count, 1
[TOTAL_GC_TIME_MarkSweepCompact], Time(ms), 11
[TOTAL_GC_TIME_%_MarkSweepCompact], Time(%), 0.1377582968065122
[TOTAL_GCs], Count, 8
[TOTAL_GC_TIME], Time(ms), 46
[TOTAL_GC_TIME_%], Time(%), 0.5760801502817783
[READ], Operations, 6000
[READ], AverageLatency(us), 5629.424333333333
[READ], MinLatency(us), 832
[READ], MaxLatency(us), 81599
[READ], 95thPercentileLatency(us), 10271
[READ], 99thPercentileLatency(us), 14247
[READ], Return=OK, 6000
[CLEANUP], Operations, 8
[CLEANUP], AverageLatency(us), 278403.375
[CLEANUP], MinLatency(us), 2
[CLEANUP], MaxLatency(us), 2228223
[CLEANUP], 95thPercentileLatency(us), 2228223
[CLEANUP], 99thPercentileLatency(us), 2228223
