[OVERALL], RunTime(ms), 5212
[OVERALL], Throughput(ops/sec), 383.7298541826554
[TOTAL_GCS_Copy], Count, 11
[TOTAL_GC_TIME_Copy], Time(ms), 45
[TOTAL_GC_TIME_%_Copy], Time(%), 0.8633921719109747
[TOTAL_GCS_MarkSweepCompact], Count, 1
[TOTAL_GC_TIME_MarkSweepCompact], Time(ms), 12
[TOTAL_GC_TIME_%_MarkSweepCompact], Time(%), 0.23023791250959325
[TOTAL_GCs], Count, 12
[TOTAL_GC_TIME], Time(ms), 57
[TOTAL_GC_TIME_%], Time(%), 1.093630084420568
[CLEANUP], Operations, 128
[CLEANUP], AverageLatency(us), 17433.3046875
[CLEANUP], MinLatency(us), 1
[CLEANUP], MaxLatency(us), 2232319
[CLEANUP], 95thPercentileLatency(us), 2
[CLEANUP], 99thPercentileLatency(us), 21
[INSERT], Operations, 2000
[INSERT], AverageLatency(us), 92260.776
[INSERT], MinLatency(us), 2144
[INSERT], MaxLatency(us), 767487
[INSERT], 95thPercentileLatency(us), 548351
[INSERT], 99thPercentileLatency(us), 683519
[INSERT], Return=OK, 2000
