[OVERALL], RunTime(ms), 5237
[OVERALL], Throughput(ops/sec), 381.89803322512887
[TOTAL_GCS_Copy], Count, 6
[TOTAL_GC_TIME_Copy], Time(ms), 32
[TOTAL_GC_TIME_%_Copy], Time(%), 0.6110368531602063
[TOTAL_GCS_MarkSweepCompact], Count, 1
[TOTAL_GC_TIME_MarkSweepCompact], Time(ms), 11
[TOTAL_GC_TIME_%_MarkSweepCompact], Time(%), 0.2100439182738209
[TOTAL_GCs], Count, 7
[TOTAL_GC_TIME], Time(ms), 43
[TOTAL_GC_TIME_%], Time(%), 0.8210807714340271
[READ], Operations, 1917
[READ], AverageLatency(us), 22934.13719353156
[READ], MinLatency(us), 897
[READ], MaxLatency(us), 237695
[READ], 95thPercentileLatency(us), 49791
[READ], 99thPercentileLatency(us), 204543
[READ], Return=OK, 1917
[CLEANUP], Operations, 32
[CLEANUP], AverageLatency(us), 69601.21875
[CLEANUP], MinLatency(us), 1
[CLEANUP], MaxLatency(us), 2228223
[CLEANUP], 95thPercentileLatency(us), 2
[CLEANUP], 99thPercentileLatency(us), 2228223
[UPDATE], Operations, 83
[UPDATE], AverageLatency(us), 40318.12048192771
[UPDATE], MinLatency(us), 2614
[UPDATE], MaxLatency(us), 206847
[UPDATE], 95thPercentileLatency(us), 132351
[UPDATE], 99thPercentileLatency(us), 160767
[UPDATE], Return=OK, 83
