[OVERALL], RunTime(ms), 24351
[OVERALL], Throughput(ops/sec), 41.066075315182125
[TOTAL_GCS_Copy], Count, 17
[TOTAL_GC_TIME_Copy], Time(ms), 42
[TOTAL_GC_TIME_%_Copy], Time(%), 0.17247751632376493
[TOTAL_GCS_MarkSweepCompact], Count, 1
[TOTAL_GC_TIME_MarkSweepCompact], Time(ms), 11
[TOTAL_GC_TIME_%_MarkSweepCompact], Time(%), 0.04517268284670034
[TOTAL_GCs], Count, 18
[TOTAL_GC_TIME], Time(ms), 53
[TOTAL_GC_TIME_%], Time(%), 0.21765019917046527
[CLEANUP], Operations, 2
[CLEANUP], AverageLatency(us), 1114628.5
[CLEANUP], MinLatency(us), 9
[CLEANUP], MaxLatency(us), 2230271
[CLEANUP], 95thPercentileLatency(us), 2230271
[CLEANUP], 99thPercentileLatency(us), 2230271
[INSERT], Operations, 52
[INSERT], AverageLatency(us), 33236.46153846154
[INSERT], MinLatency(us), 8984
[INSERT], MaxLatency(us), 60863
[INSERT], 95thPercentileLatency(us), 43167
[INSERT], 99thPercentileLatency(us), 44383
[INSERT], Return=OK, 52
[SCAN], Operations, 948
[SCAN], AverageLatency(us), 41410.20253164557
[SCAN], MinLatency(us), 1681
[SCAN], MaxLatency(us), 12115967
[SCAN], 95thPercentileLatency(us), 27535
[SCAN], 99thPercentileLatency(us), 42527
[SCAN], Return=OK, 948
