[OVERALL], RunTime(ms), 5608
[OVERALL], Throughput(ops/sec), 534.9500713266762
[TOTAL_GCS_Copy], Count, 7
[TOTAL_GC_TIME_Copy], Time(ms), 38
[TOTAL_GC_TIME_%_Copy], Time(%), 0.6776034236804565
[TOTAL_GCS_MarkSweepCompact], Count, 1
[TOTAL_GC_TIME_MarkSweepCompact], Time(ms), 11
[TOTAL_GC_TIME_%_MarkSweepCompact], Time(%), 0.19614835948644793
[TOTAL_GCs], Count, 8
[TOTAL_GC_TIME], Time(ms), 49
[TOTAL_GC_TIME_%], Time(%), 0.8737517831669045
[READ], Operations, 3000
[READ], AverageLatency(us), 10037.827
[READ], MinLatency(us), 920
[READ], MaxLatency(us), 140799
[READ], 95thPercentileLatency(us), 21599
[READ], 99thPercentileLatency(us), 31759
[READ], Return=OK, 3000
[CLEANUP], Operations, 16
[CLEANUP], AverageLatency(us), 139329.6875
[CLEANUP], MinLatency(us), 1
[CLEANUP], MaxLatency(us), 2230271
[CLEANUP], 95thPercentileLatency(us), 7
[CLEANUP], 99thPercentileLatency(us), 2230271
