[OVERALL], RunTime(ms), 15913
[OVERALL], Throughput(ops/sec), 125.68340350656696
[TOTAL_GCS_Copy], Count, 6
[TOTAL_GC_TIME_Copy], Time(ms), 36
[TOTAL_GC_TIME_%_Copy], Time(%), 0.22623012631182052
[TOTAL_GCS_MarkSweepCompact], Count, 1
[TOTAL_GC_TIME_MarkSweepCompact], Time(ms), 12
[TOTAL_GC_TIME_%_MarkSweepCompact], Time(%), 0.07541004210394017
[TOTAL_GCs], Count, 7
[TOTAL_GC_TIME], Time(ms), 48
[TOTAL_GC_TIME_%], Time(%), 0.3016401684157607
[CLEANUP], Operations, 4
[CLEANUP], AverageLatency(us), 555267.5
[CLEANUP], MinLatency(us), 3
[CLEANUP], MaxLatency(us), 2222079
[CLEANUP], 95thPercentileLatency(us), 2222079
[CLEANUP], 99thPercentileLatency(us), 2222079
[INSERT], Operations, 2000
[INSERT], AverageLatency(us), 23725.4065
[INSERT], MinLatency(us), 3860
[INSERT], MaxLatency(us), 87295
[INSERT], 95thPercentileLatency(us), 51167
[INSERT], 99thPercentileLatency(us), 61727
[INSERT], Return=OK, 2000
