[OVERALL], RunTime(ms), 21377
[OVERALL], Throughput(ops/sec), 46.779248725265475
[TOTAL_GCS_Copy], Count, 4
[TOTAL_GC_TIME_Copy], Time(ms), 28
[TOTAL_GC_TIME_%_Copy], Time(%), 0.13098189643074332
[TOTAL_GCS_MarkSweepCompact], Count, 1
[TOTAL_GC_TIME_MarkSweepCompact], Time(ms), 11
[TOTAL_GC_TIME_%_MarkSweepCompact], Time(%), 0.05145717359779202
[TOTAL_GCs], Count, 5
[TOTAL_GC_TIME], Time(ms), 39
[TOTAL_GC_TIME_%], Time(%), 0.18243907002853532
[READ], Operations, 501
[READ], AverageLatency(us), 28713.788423153692
[READ], MinLatency(us), 1163
[READ], MaxLatency(us), 12148735
[READ], 95thPercentileLatency(us), 7443
[READ], 99thPercentileLatency(us), 8503
[READ], Return=OK, 501
[CLEANUP], Operations, 1
[CLEANUP], AverageLatency(us), 2227200.0
[CLEANUP], MinLatency(us), 2226176
[CLEANUP], MaxLatency(us), 2228223
[CLEANUP], 95thPercentileLatency(us), 2228223
[CLEANUP], 99thPercentileLatency(us), 2228223
[UPDATE], Operations, 499
[UPDATE], AverageLatency(us), 6600.51503006012
[UPDATE], MinLatency(us), 1926
[UPDATE], MaxLatency(us), 27983
[UPDATE], 95thPercentileLatency(us), 9119
[UPDATE], 99thPercentileLatency(us), 18959
[UPDATE], Return=OK, 499
