[OVERALL], RunTime(ms), 9234
[OVERALL], Throughput(ops/sec), 649.772579597141
[TOTAL_GCS_Copy], Count, 85
[TOTAL_GC_TIME_Copy], Time(ms), 167
[TOTAL_GC_TIME_%_Copy], Time(%), 1.8085336798787093
[TOTAL_GCS_MarkSweepCompact], Count, 1
[TOTAL_GC_TIME_MarkSweepCompact], Time(ms), 12
[TOTAL_GC_TIME_%_MarkSweepCompact], Time(%), 0.1299545159194282
[TOTAL_GCs], Count, 86
[TOTAL_GC_TIME], Time(ms), 179
[TOTAL_GC_TIME_%], Time(%), 1.9384881957981375
[CLEANUP], Operations, 64
[CLEANUP], AverageLatency(us), 34802.046875
[CLEANUP], MinLatency(us), 1
[CLEANUP], MaxLatency(us), 2228223
[CLEANUP], 95thPercentileLatency(us), 3
[CLEANUP], 99thPercentileLatency(us), 7
[INSERT], Operations, 314
[INSERT], AverageLatency(us), 67539.1974522293
[INSERT], MinLatency(us), 12168
[INSERT], MaxLatency(us), 535551
[INSERT], 95thPercentileLatency(us), 116415
[INSERT], 99thPercentileLatency(us), 240767
[INSERT], Return=OK, 314
[SCAN], Operations, 5686
[SCAN], AverageLatency(us), 55069.656876538866
[SCAN], MinLatency(us), 2228
[SCAN], MaxLatency(us), 596479
[SCAN], 95thPercentileLatency(us), 120767
[SCAN], 99thPercentileLatency(us), 262399
[SCAN], Return=OK, 5686
