[OVERALL], RunTime(ms), 22246
[OVERALL], Throughput(ops/sec), 224.75950732715995
[TOTAL_GCS_Copy], Count, 7
[TOTAL_GC_TIME_Copy], Time(ms), 37
[TOTAL_GC_TIME_%_Copy], Time(%), 0.16632203542209834
[TOTAL_GCS_MarkSweepCompact], Count, 1
[TOTAL_GC_TIME_MarkSweepCompact], Time(ms), 12
[TOTAL_GC_TIME_%_MarkSweepCompact], Time(%), 0.05394228175851838
[TOTAL_GCs], Count, 8
[TOTAL_GC_TIME], Time(ms), 49
[TOTAL_GC_TIME_%], Time(%), 0.22026431718061676
[READ], Operations, 4741
[READ], AverageLatency(us), 13663.841805526261
[READ], MinLatency(us), 696
[READ], MaxLatency(us), 72831
[READ], 95thPercentileLatency(us), 20303
[READ], 99thPercentileLatency(us), 31023
[READ], Return=OK, 4741
[CLEANUP], Operations, 4
[CLEANUP], AverageLatency(us), 557315.75
[CLEANUP], MinLatency(us), 3
[CLEANUP], MaxLatency(us), 2230271
[CLEANUP], 95thPercentileLatency(us), 2230271
[CLEANUP], 99thPercentileLatency(us), 2230271
[INSERT], Operations, 259
[INSERT], AverageLatency(us), 31026.58687258687
[INSERT], MinLatency(us), 6784
[INSERT], MaxLatency(us), 77503
[INSERT], 95thPercentileLatency(us), 39167
[INSERT], 99thPercentileLatency(us), 41951
[INSERT], Return=OK, 259
