[OVERALL], RunTime(ms), 73650
[OVERALL], Throughput(ops/sec), 67.88866259334691
[TOTAL_GCS_Copy], Count, 66
[TOTAL_GC_TIME_Copy], Time(ms), 95
[TOTAL_GC_TIME_%_Copy], Time(%), 0.12898845892735913
[TOTAL_GCS_MarkSweepCompact], Count, 1
[TOTAL_GC_TIME_MarkSweepCompact], Time(ms), 11
[TOTAL_GC_TIME_%_MarkSweepCompact], Time(%), 0.014935505770536322
[TOTAL_GCs], Count, 67
[TOTAL_GC_TIME], Time(ms), 106
[TOTAL_GC_TIME_%], Time(%), 0.14392396469789545
[CLEANUP], Operations, 1
[CLEANUP], AverageLatency(us), 2219008.0
[CLEANUP], MinLatency(us), 2217984
[CLEANUP], MaxLatency(us), 2220031
[CLEANUP], 95thPercentileLatency(us), 2220031
[CLEANUP], 99thPercentileLatency(us), 2220031
[INSERT], Operations, 257
[INSERT], AverageLatency(us), 31475.19455252918
[INSERT], MinLatency(us), 3328
[INSERT], MaxLatency(us), 79935
[INSERT], 95thPercentileLatency(us), 42815
[INSERT], 99thPercentileLatency(us), 45951
[INSERT], Return=OK, 257
[SCAN], Operations, 4743
[SCAN], AverageLatency(us), 13024.519713261649
[SCAN], MinLatency(us), 886
[SCAN], MaxLatency(us), 12107775
[SCAN], 95thPercentileLatency(us), 23247
[SCAN], 99thPercentileLatency(us), 25647
[SCAN], Return=OK, 4743
