[OVERALL], RunTime(ms), 7066
[OVERALL], Throughput(ops/sec), 566.0911406736485
[TOTAL_GCS_Copy], Count, 6
[TOTAL_GC_TIME_Copy], Time(ms), 37
[TOTAL_GC_TIME_%_Copy], Time(%), 0.5236343051231248
[TOTAL_GCS_MarkSweepCompact], Count, 1
[TOTAL_GC_TIME_MarkSweepCompact], Time(ms), 14
[TOTAL_GC_TIME_%_MarkSweepCompact], Time(%), 0.19813189923577695
[TOTAL_GCs], Count, 7
[TOTAL_GC_TIME], Time(ms), 51
[TOTAL_GC_TIME_%], Time(%), 0.7217662043589017
[READ], Operations, 3821
[READ], AverageLatency(us), 781.8024077466632
[READ], MinLatency(us), 456
[READ], MaxLatency(us), 33823
[READ], 95thPercentileLatency(us), 1272
[READ], 99thPercentileLatency(us), 4013
[READ], Return=OK, 3821
[CLEANUP], Operations, 1
[CLEANUP], AverageLatency(us), 2227200.0
[CLEANUP], MinLatency(us), 2226176
[CLEANUP], MaxLatency(us), 2228223
[CLEANUP], 95thPercentileLatency(us), 2228223
[CLEANUP], 99thPercentileLatency(us), 2228223
[UPDATE], Operations, 179
[UPDATE], AverageLatency(us), 1316.145251396648
[UPDATE], MinLatency(us), 733
[UPDATE], MaxLatency(us), 10743
[UPDATE], 95thPercentileLatency(us), 3119
[UPDATE], 99thPercentileLatency(us), 6911
[UPDATE], Return=OK, 179
