[OVERALL], RunTime(ms), 9729
[OVERALL], Throughput(ops/sec), 205.57097337855896
[TOTAL_GCS_Copy], Count, 7
[TOTAL_GC_TIME_Copy], Time(ms), 33
[TOTAL_GC_TIME_%_Copy], Time(%), 0.33919210607462225
[TOTAL_GCS_MarkSweepCompact], Count, 1
[TOTAL_GC_TIME_MarkSweepCompact], Time(ms), 11
[TOTAL_GC_TIME_%_MarkSweepCompact], Time(%), 0.11306403535820743
[TOTAL_GCs], Count, 8
[TOTAL_GC_TIME], Time(ms), 44
[TOTAL_GC_TIME_%], Time(%), 0.4522561414328297
[CLEANUP], Operations, 16
[CLEANUP], AverageLatency(us), 139587.0625
[CLEANUP], MinLatency(us), 2
[CLEANUP], MaxLatency(us), 2234367
[CLEANUP], 95thPercentileLatency(us), 7
[CLEANUP], 99thPercentileLatency(us), 2234367
[INSERT], Operations, 2000
[INSERT], AverageLatency(us), 45895.256
[INSERT], MinLatency(us), 5496
[INSERT], MaxLatency(us), 169215
[INSERT], 95thPercentileLatency(us), 93887
[INSERT], 99thPercentileLatency(us), 121087
[INSERT], Return=OK, 2000
