[OVERALL], RunTime(ms), 5841
[OVERALL], Throughput(ops/sec), 171.2035610340695
[TOTAL_GCS_Copy], Count, 4
[TOTAL_GC_TIME_Copy], Time(ms), 23
[TOTAL_GC_TIME_%_Copy], Time(%), 0.39376819037835986
[TOTAL_GCS_MarkSweepCompact], Count, 1
[TOTAL_GC_TIME_MarkSweepCompact], Time(ms), 18
[TOTAL_GC_TIME_%_MarkSweepCompact], Time(%), 0.30816640986132515
[TOTAL_GCs], Count, 5
[TOTAL_GC_TIME], Time(ms), 41
[TOTAL_GC_TIME_%], Time(%), 0.701934600239685
[READ], Operations, 950
[READ], AverageLatency(us), 1992.1
[READ], MinLatency(us), 815
[READ], MaxLatency(us), 34623
[READ], 95thPercentileLatency(us), 3463
[READ], 99thPercentileLatency(us), 5495
[READ], Return=OK, 950
[CLEANUP], Operations, 1
[CLEANUP], AverageLatency(us), 2233344.0
[CLEANUP], MinLatency(us), 2232320
[CLEANUP], MaxLatency(us), 2234367
[CLEANUP], 95thPercentileLatency(us), 2234367
[CLEANUP], 99thPercentileLatency(us), 2234367
[UPDATE], Operations, 50
[UPDATE], AverageLatency(us), 4341.26
[UPDATE], MinLatency(us), 2138
[UPDATE], MaxLatency(us), 33695
[UPDATE], 95thPercentileLatency(us), 10215
[UPDATE], 99thPercentileLatency(us), 33695
[UPDATE], Return=OK, 50
