[OVERALL], RunTime(ms), 52116
[OVERALL], Throughput(ops/sec), 38.37593061631745
[TOTAL_GCS_Copy], Count, 6
[TOTAL_GC_TIME_Copy], Time(ms), 35
[TOTAL_GC_TIME_%_Copy], Time(%), 0.06715787857855553
[TOTAL_GCS_MarkSweepCompact], Count, 1
[TOTAL_GC_TIME_MarkSweepCompact], Time(ms), 12
[TOTAL_GC_TIME_%_MarkSweepCompact], Time(%), 0.023025558369790467
[TOTAL_GCs], Count, 7
[TOTAL_GC_TIME], Time(ms), 47
[TOTAL_GC_TIME_%], Time(%), 0.090183436948346
[CLEANUP], Operations, 2
[CLEANUP], AverageLatency(us), 1111555.5
[CLEANUP], MinLatency(us), 7
[CLEANUP], MaxLatency(us), 2224127
[CLEANUP], 95thPercentileLatency(us), 2224127
[CLEANUP], 99thPercentileLatency(us), 2224127
[INSERT], Operations, 2000
[INSERT], AverageLatency(us), 48138.541
[INSERT], MinLatency(us), 2316
[INSERT], MaxLatency(us), 12091391
[INSERT], 95thPercentileLatency(us), 66239
[INSERT], 99thPercentileLatency(us), 78783
[INSERT], Return=OK, 2000
