[OVERALL], RunTime(ms), 9968
[OVERALL], Throughput(ops/sec), 200.64205457463885
[TOTAL_GCS_Copy], Count, 29
[TOTAL_GC_TIME_Copy], Time(ms), 60
[TOTAL_GC_TIME_%_Copy], Time(%), 0.6019261637239166
[TOTAL_GCS_MarkSweepCompact], Count, 1
[TOTAL_GC_TIME_MarkSweepCompact], Time(ms), 11
[TOTAL_GC_TIME_%_MarkSweepCompact], Time(%), 0.11035313001605136
[TOTAL_GCs], Count, 30
[TOTAL_GC_TIME], Time(ms), 71
[TOTAL_GC_TIME_%], Time(%), 0.7122792937399679
[CLEANUP], Operations, 8
[CLEANUP], AverageLatency(us), 277635.25
[CLEANUP], MinLatency(us), 3
[CLEANUP], MaxLatency(us), 2222079
[CLEANUP], 95thPercentileLatency(us), 2222079
[CLEANUP], 99thPercentileLatency(us), 2222079
[INSERT], Operations, 106
[INSERT], AverageLatency(us), 36126.8679245283
[INSERT], MinLatency(us), 10448
[INSERT], MaxLatency(us), 101055
[INSERT], 95thPercentileLatency(us), 49087
[INSERT], 99thPercentileLatency(us), 67967
[INSERT], Return=OK, 106
[SCAN], Operations, 1894
[SCAN], AverageLatency(us), 23335.656810982047
[SCAN], MinLatency(us), 2336
[SCAN], MaxLatency(us), 149247
[SCAN], 95thPercentileLatency(us), 44063
[SCAN], 99thPercentileLatency(us), 49023
[SCAN], Return=OK, 1894
