[OVERALL], RunTime(ms), 19829
[OVERALL], Throughput(ops/sec), 201.7247465832871
[TOTAL_GCS_Copy], Count, 6
[TOTAL_GC_TIME_Copy], Time(ms), 33
[TOTAL_GC_TIME_%_Copy], Time(%), 0.16642291593121186
[TOTAL_GCS_MarkSweepCompact], Count, 1
[TOTAL_GC_TIME_MarkSweepCompact], Time(ms), 11
[TOTAL_GC_TIME_%_MarkSweepCompact], Time(%), 0.055474305310403954
[TOTAL_GCs], Count, 7
[TOTAL_GC_TIME], Time(ms), 44
[TOTAL_GC_TIME_%], Time(%), 0.22189722124161582
[READ], Operations, 3795
[READ], AverageLatency(us), 8306.13675889328
[READ], MinLatency(us), 645
[READ], MaxLatency(us), 12075007
[READ], 95thPercentileLatency(us), 3467
[READ], 99thPercentileLatency(us), 5299
[READ], Return=OK, 3795
[CLEANUP], Operations, 2
[CLEANUP], AverageLatency(us), 1112579.5
[CLEANUP], MinLatency(us), 7
[CLEANUP], MaxLatency(us), 2226175
[CLEANUP], 95thPercentileLatency(us), 2226175
[CLEANUP], 99thPercentileLatency(us), 2226175
[UPDATE], Operations, 205
[UPDATE], AverageLatency(us), 3472.580487804878
[UPDATE], MinLatency(us), 1776
[UPDATE], MaxLatency(us), 16335
[UPDATE], 95thPercentileLatency(us), 6043
[UPDATE], 99thPercentileLatency(us), 10999
[UPDATE], Return=OK, 205
