[OVERALL], RunTime(ms), 6283
[OVERALL], Throughput(ops/sec), 954.9578226961643
[TOTAL_GCS_Copy], Count, 9
[TOTAL_GC_TIME_Copy], Time(ms), 41
[TOTAL_GC_TIME_%_Copy], Time(%), 0.6525545121757123
[TOTAL_GCS_MarkSweepCompact], Count, 1
[TOTAL_GC_TIME_MarkSweepCompact], Time(ms), 12
[TOTAL_GC_TIME_%_MarkSweepCompact], Time(%), 0.19099156453923286
[TOTAL_GCs], Count, 10
[TOTAL_GC_TIME], Time(ms), 53
[TOTAL_GC_TIME_%], Time(%), 0.8435460767149451
[READ], Operations, 5730
[READ], AverageLatency(us), 13072.724607329843
[READ], MinLatency(us), 897
[READ], MaxLatency(us), 219775
[READ], 95thPercentileLatency(us), 36863
[READ], 99thPercentileLatency(us), 59775
[READ], Return=OK, 5730
[CLEANUP], Operations, 32
[CLEANUP], AverageLatency(us), 69537.78125
[CLEANUP], MinLatency(us), 1
[CLEANUP], MaxLatency(us), 2226175
[CLEANUP], 95thPercentileLatency(us), 2
[CLEANUP], 99thPercentileLatency(us), 2226175
[UPDATE], Operations, 270
[UPDATE], AverageLatency(us), 16929.507407407407
[UPDATE], MinLatency(us), 2628
[UPDATE], MaxLatency(us), 156415
[UPDATE], 95thPercentileLatency(us), 49791
[UPDATE], 99thPercentileLatency(us), 102847
[UPDATE], Return=OK, 270
