[OVERALL], RunTime(ms), 6912
[OVERALL], Throughput(ops/sec), 434.02777777777777
[TOTAL_GCS_Copy], Count, 45
[TOTAL_GC_TIME_Copy], Time(ms), 119
[TOTAL_GC_TIME_%_Copy], Time(%), 1.7216435185185186
[TOTAL_GCS_MarkSweepCompact], Count, 1
[TOTAL_GC_TIME_MarkSweepCompact], Time(ms), 12
[TOTAL_GC_TIME_%_MarkSweepCompact], Time(%), 0.1736111111111111
[TOTAL_GCs], Count, 46
[TOTAL_GC_TIME], Time(ms), 131
[TOTAL_GC_TIME_%], Time(%), 1.8952546296296298
[CLEANUP], Operations, 64
[CLEANUP], AverageLatency(us), 34643.46875
[CLEANUP], MinLatency(us), 1
[CLEANUP], MaxLatency(us), 2217983
[CLEANUP], 95thPercentileLatency(us), 7
[CLEANUP], 99thPercentileLatency(us), 51
[INSERT], Operations, 152
[INSERT], AverageLatency(us), 82445.42105263157
[INSERT], MinLatency(us), 21952
[INSERT], MaxLatency(us), 533503
[INSERT], 95thPercentileLatency(us), 178559
[INSERT], 99thPercentileLatency(us), 321279
[INSERT], Return=OK, 152
[SCAN], Operations, 2848
[SCAN], AverageLatency(us), 63545.7106741573
[SCAN], MinLatency(us), 4596
[SCAN], MaxLatency(us), 609791
[SCAN], 95thPercentileLatency(us), 157055
[SCAN], 99thPercentileLatency(us), 429823
[SCAN], Return=OK, 2848
