[OVERALL], RunTime(ms), 6021
[OVERALL], Throughput(ops/sec), 332.1707357581797
[TOTAL_GCS_Copy], Count, 6
[TOTAL_GC_TIME_Copy], Time(ms), 37
[TOTAL_GC_TIME_%_Copy], Time(%), 0.6145158611526325
[TOTAL_GCS_MarkSweepCompact], Count, 1
[TOTAL_GC_TIME_MarkSweepCompact], Time(ms), 11
[TOTAL_GC_TIME_%_MarkSweepCompact], Time(%), 0.18269390466699884
[TOTAL_GCs], Count, 7
[TOTAL_GC_TIME], Time(ms), 48
[TOTAL_GC_TIME_%], Time(%), 0.7972097658196312
[CLEANUP], Operations, 1
[CLEANUP], AverageLatency(us), 2231296.0
[CLEANUP], MinLatency(us), 2230272
[CLEANUP], MaxLatency(us), 2232319
[CLEANUP], 95thPercentileLatency(us), 2232319
[CLEANUP], 99thPercentileLatency(us), 2232319
[INSERT], Operations, 2000
[INSERT], AverageLatency(us), 1136.7815
[INSERT], MinLatency(us), 686
[INSERT], MaxLatency(us), 32927
[INSERT], 95thPercentileLatency(us), 1943
[INSERT], 99thPercentileLatency(us), 4551
[INSERT], Return=OK, 2000
