[OVERALL], RunTime(ms), 24508
[OVERALL], Throughput(ops/sec), 81.60600620205648
[TOTAL_GCS_Copy], Count, 6
[TOTAL_GC_TIME_Copy], Time(ms), 31
[TOTAL_GC_TIME_%_Copy], Time(%), 0.12648930961318752
[TOTAL_GCS_MarkSweepCompact], Count, 1
[TOTAL_GC_TIME_MarkSweepCompact], Time(ms), 15
[TOTAL_GC_TIME_%_MarkSweepCompact], Time(%), 0.061204504651542355
[TOTAL_GCs], Count, 7
[TOTAL_GC_TIME], Time(ms), 46
[TOTAL_GC_TIME_%], Time(%), 0.1876938142647299
[CLEANUP], Operations, 2
[CLEANUP], AverageLatency(us), 1110532.0
[CLEANUP], MinLatency(us), 8
[CLEANUP], MaxLatency(us), 2222079
[CLEANUP], 95thPercentileLatency(us), 2222079
[CLEANUP], 99thPercentileLatency(us), 2222079
[INSERT], Operations, 2000
[INSERT], AverageLatency(us), 20713.6945
[INSERT], MinLatency(us), 1854
[INSERT], MaxLatency(us), 73983
[INSERT], 95thPercentileLatency(us), 46367
[INSERT], 99thPercentileLatency(us), 54367
[INSERT], Return=OK, 2000
