[OVERALL], RunTime(ms), 5405
[OVERALL], Throughput(ops/sec), 370.0277520814061
[TOTAL_GCS_Copy], Count, 7
[TOTAL_GC_TIME_Copy], Time(ms), 38
[TOTAL_GC_TIME_%_Copy], Time(%), 0.7030527289546716
[TOTAL_GCS_MarkSweepCompact], Count, 1
[TOTAL_GC_TIME_MarkSweepCompact], Time(ms), 11
[TOTAL_GC_TIME_%_MarkSweepCompact], Time(%), 0.20351526364477338
[TOTAL_GCs], Count, 8
[TOTAL_GC_TIME], Time(ms), 49
[TOTAL_GC_TIME_%], Time(%), 0.906567992599445
[CLEANUP], Operations, 16
[CLEANUP], AverageLatency(us), 139201.5625
[CLEANUP], MinLatency(us), 1
[CLEANUP], MaxLatency(us), 2228223
[CLEANUP], 95thPercentileLatency(us), 6
[CLEANUP], 99thPercentileLatency(us), 2228223
[INSERT], Operations, 2000
[INSERT], AverageLatency(us), 12951.055
[INSERT], MinLatency(us), 4964
[INSERT], MaxLatency(us), 177151
[INSERT], 95thPercentileLatency(us), 25263
[INSERT], 99thPercentileLatency(us), 44351
[INSERT], Return=OK, 2000
