[OVERALL], RunTime(ms), 14036
[OVERALL], Throughput(ops/sec), 142.49073810202336
[TOTAL_GCS_Copy], Count, 6
[TOTAL_GC_TIME_Copy], Time(ms), 37
[TOTAL_GC_TIME_%_Copy], Time(%), 0.26360786548874326
[TOTAL_GCS_MarkSweepCompact], Count, 1
[TOTAL_GC_TIME_MarkSweepCompact], Time(ms), 12
[TOTAL_GC_TIME_%_MarkSweepCompact], Time(%), 0.08549444286121402
[TOTAL_GCs], Count, 7
[TOTAL_GC_TIME], Time(ms), 49
[TOTAL_GC_TIME_%], Time(%), 0.34910230834995726
[CLEANUP], Operations, 4
[CLEANUP], AverageLatency(us), 557315.0
[CLEANUP], MinLatency(us), 1
[CLEANUP], MaxLatency(us), 2230271
[CLEANUP], 95thPercentileLatency(us), 2230271
[CLEANUP], 99thPercentileLatency(us), 2230271
[INSERT], Operations, 2000
[INSERT], AverageLatency(us), 20566.18
[INSERT], MinLatency(us), 1340
[INSERT], MaxLatency(us), 83455
[INSERT], 95thPercentileLatency(us), 46815
[INSERT], 99thPercentileLatency(us), 58783
[INSERT], Return=OK, 2000
