[OVERALL], RunTime(ms), 5460
[OVERALL], Throughput(ops/sec), 366.3003663003663
[TOTAL_GCS_Copy], Count, 8
[TOTAL_GC_TIME_Copy], Time(ms), 37
[TOTAL_GC_TIME_%_Copy], Time(%), 0.6776556776556777
[TOTAL_GCS_MarkSweepCompact], Count, 1
[TOTAL_GC_TIME_MarkSweepCompact], Time(ms), 11
[TOTAL_GC_TIME_%_MarkSweepCompact], Time(%), 0.2014652014652015
[TOTAL_GCs], Count, 9
[TOTAL_GC_TIME], Time(ms), 48
[TOTAL_GC_TIME_%], Time(%), 0.8791208791208791
[CLEANUP], Operations, 64
[CLEANUP], AverageLatency(us), 34801.28125
[CLEANUP], MinLatency(us), 1
[CLEANUP], MaxLatency(us), 2228223
[CLEANUP], 95thPercentileLatency(us), 2
[CLEANUP], 99thPercentileLatency(us), 6
[INSERT], Operations, 2000
[INSERT], AverageLatency(us), 52500.2
[INSERT], MinLatency(us), 22224
[INSERT], MaxLatency(us), 438783
[INSERT], 95thPercentileLatency(us), 82111
[INSERT], 99thPercentileLatency(us), 383487
[INSERT], Return=OK, 2000
