[OVERALL], RunTime(ms), 8202
[OVERALL], Throughput(ops/sec), 243.84296513045598
[TOTAL_GCS_Copy], Count, 6
[TOTAL_GC_TIME_Copy], Time(ms), 32
[TOTAL_GC_TIME_%_Copy], Time(%), 0.3901487442087296
[TOTAL_GCS_MarkSweepCompact], Count, 1
[TOTAL_GC_TIME_MarkSweepCompact], Time(ms), 12
[TOTAL_GC_TIME_%_MarkSweepCompact], Time(%), 0.1463057790782736
[TOTAL_GCs], Count, 7
[TOTAL_GC_TIME], Time(ms), 44
[TOTAL_GC_TIME_%], Time(%), 0.5364545232870032
[CLEANUP], Operations, 8
[CLEANUP], AverageLatency(us), 278146.75
[CLEANUP], MinLatency(us), 1
[CLEANUP], MaxLatency(us), 2226175
[CLEANUP], 95thPercentileLatency(us), 2226175
[CLEANUP], 99thPercentileLatency(us), 2226175
[INSERT], Operations, 2000
[INSERT], AverageLatency(us), 16566.402
[INSERT], MinLatency(us), 3486
[INSERT], MaxLatency(us), 83583
[INSERT], 95thPercentileLatency(us), 47647
[INSERT], 99thPercentileLatency(us), 56319
[INSERT], Return=OK, 2000
