[OVERALL], RunTime(ms), 26233
[OVERALL], Throughput(ops/sec), 228.71955170967865
[TOTAL_GCS_Copy], Count, 8
[TOTAL_GC_TIME_Copy], Time(ms), 39
[TOTAL_GC_TIME_%_Copy], Time(%), 0.1486677086112911
[TOTAL_GCS_MarkSweepCompact], Count, 1
[TOTAL_GC_TIME_MarkSweepCompact], Time(ms), 12
[TOTAL_GC_TIME_%_MarkSweepCompact], Time(%), 0.04574391034193573
[TOTAL_GCs], Count, 9
[TOTAL_GC_TIME], Time(ms), 51
[TOTAL_GC_TIME_%], Time(%), 0.19441161895322684
[READ], Operations, 5688
[READ], AverageLatency(us), 13913.54623769339
[READ], MinLatency(us), 681
[READ], MaxLatency(us), 86719
[READ], 95thPercentileLatency(us), 20479
[READ], 99thPercentileLatency(us), 34175
[READ], Return=OK, 5688
[CLEANUP], Operations, 4
[CLEANUP], AverageLatency(us), 554756.0
[CLEANUP], MinLatency(us), 3
[CLEANUP], MaxLatency(us), 2220031
[CLEANUP], 95thPercentileLatency(us), 2220031
[CLEANUP], 99thPercentileLatency(us), 2220031
[INSERT], Operations, 312
[INSERT], AverageLatency(us), 31111.153846153848
[INSERT], MinLatency(us), 8328
[INSERT], MaxLatency(us), 59647
[INSERT], 95thPercentileLatency(us), 39039
[INSERT], 99thPercentileLatency(us), 42175
[INSERT], Return=OK, 312
