[OVERALL], RunTime(ms), 6516
[OVERALL], Throughput(ops/sec), 460.4051565377532
[TOTAL_GCS_Copy], Count, 6
[TOTAL_GC_TIME_Copy], Time(ms), 38
[TOTAL_GC_TIME_%_Copy], Time(%), 0.5831798649478207
[TOTAL_GCS_MarkSweepCompact], Count, 1
[TOTAL_GC_TIME_MarkSweepCompact], Time(ms), 12
[TOTAL_GC_TIME_%_MarkSweepCompact], Time(%), 0.1841620626151013
[TOTAL_GCs], Count, 7
[TOTAL_GC_TIME], Time(ms), 50
[TOTAL_GC_TIME_%], Time(%), 0.7673419275629221
[READ], Operations, 2853
[READ], AverageLatency(us), 867.4619698562916
[READ], MinLatency(us), 496
[READ], MaxLatency(us), 31455
[READ], 95thPercentileLatency(us), 1593
[READ], 99thPercentileLatency(us), 3947
[READ], Return=OK, 2853
[CLEANUP], Operations, 1
[CLEANUP], AverageLatency(us), 2227200.0
[CLEANUP], MinLatency(us), 2226176
[CLEANUP], MaxLatency(us), 2228223
[CLEANUP], 95thPercentileLatency(us), 2228223
[CLEANUP], 99thPercentileLatency(us), 2228223
[UPDATE], Operations, 147
[UPDATE], AverageLatency(us), 1556.7278911564626
[UPDATE], MinLatency(us), 740
[UPDATE], MaxLatency(us), 13671
[UPDATE], 95thPercentileLatency(us), 4515
[UPDATE], 99thPercentileLatency(us), 10527
[UPDATE], Return=OK, 147
