[OVERALL], RunTime(ms), 6515
[OVERALL], Throughput(ops/sec), 920.951650038373
[TOTAL_GCS_Copy], Count, 7
[TOTAL_GC_TIME_Copy], Time(ms), 34
[TOTAL_GC_TIME_%_Copy], Time(%), 0.5218726016884114
[TOTAL_GCS_MarkSweepCompact], Count, 1
[TOTAL_GC_TIME_MarkSweepCompact], Time(ms), 11
[TOTAL_GC_TIME_%_MarkSweepCompact], Time(%), 0.1688411358403684
[TOTAL_GCs], Count, 8
[TOTAL_GC_TIME], Time(ms), 45
[TOTAL_GC_TIME_%], Time(%), 0.6907137375287797
[READ], Operations, 5705
[READ], AverageLatency(us), 3598.5097283085015
[READ], MinLatency(us), 717
[READ], MaxLatency(us), 87551
[READ], 95thPercentileLatency(us), 10127
[READ], 99thPercentileLatency(us), 15215
[READ], Return=OK, 5705
[CLEANUP], Operations, 8
[CLEANUP], AverageLatency(us), 278146.25
[CLEANUP], MinLatency(us), 2
[CLEANUP], MaxLatency(us), 2226175
[CLEANUP], 95thPercentileLatency(us), 2226175
[CLEANUP], 99thPercentileLatency(us), 2226175
[UPDATE], Operations, 295
[UPDATE], AverageLatency(us), 6046.589830508475
[UPDATE], MinLatency(us), 2158
[UPDATE], MaxLatency(us), 84159
[UPDATE], 95thPercentileLatency(us), 13215
[UPDATE], 99thPercentileLatency(us), 33119
[UPDATE], Return=OK, 295
