[OVERALL], RunTime(ms), 5388
[OVERALL], Throughput(ops/sec), 371.19524870081665
[TOTAL_GCS_Copy], Count, 11
[TOTAL_GC_TIME_Copy], Time(ms), 44
[TOTAL_GC_TIME_%_Copy], Time(%), 0.8166295471417966
[TOTAL_GCS_MarkSweepCompact], Count, 1
[TOTAL_GC_TIME_MarkSweepCompact], Time(ms), 12
[TOTAL_GC_TIME_%_MarkSweepCompact], Time(%), 0.22271714922048996
[TOTAL_GCs], Count, 12
[TOTAL_GC_TIME], Time(ms), 56
[TOTAL_GC_TIME_%], Time(%), 1.0393466963622866
[CLEANUP], Operations, 128
[CLEANUP], AverageLatency(us), 17449.46875
[CLEANUP], MinLatency(us), 1
[CLEANUP], MaxLatency(us), 2234367
[CLEANUP], 95thPercentileLatency(us), 2
[CLEANUP], 99thPercentileLatency(us), 20
[INSERT], Operations, 2000
[INSERT], AverageLatency(us), 97908.5465
[INSERT], MinLatency(us), 2610
[INSERT], MaxLatency(us), 802815
[INSERT], 95thPercentileLatency(us), 546303
[INSERT], 99thPercentileLatency(us), 775679
[INSERT], Return=OK, 2000
