[OVERALL], RunTime(ms), 14612
[OVERALL], Throughput(ops/sec), 136.8738023542294
[TOTAL_GCS_Copy], Count, 6
[TOTAL_GC_TIME_Copy], Time(ms), 32
[TOTAL_GC_TIME_%_Copy], Time(%), 0.21899808376676702
[TOTAL_GCS_MarkSweepCompact], Count, 1
[TOTAL_GC_TIME_MarkSweepCompact], Time(ms), 12
[TOTAL_GC_TIME_%_MarkSweepCompact], Time(%), 0.08212428141253764
[TOTAL_GCs], Count, 7
[TOTAL_GC_TIME], Time(ms), 44
[TOTAL_GC_TIME_%], Time(%), 0.3011223651793047
[CLEANUP], Operations, 4
[CLEANUP], AverageLatency(us), 556291.75
[CLEANUP], MinLatency(us), 3
[CLEANUP], MaxLatency(us), 2226175
[CLEANUP], 95thPercentileLatency(us), 2226175
[CLEANUP], 99thPercentileLatency(us), 2226175
[INSERT], Operations, 2000
[INSERT], AverageLatency(us), 21442.278
[INSERT], MinLatency(us), 2978
[INSERT], MaxLatency(us), 84479
[INSERT], 95thPercentileLatency(us), 48447
[INSERT], 99thPercentileLatency(us), 60191
[INSERT], Return=OK, 2000
