[OVERALL], RunTime(ms), 5281
[OVERALL], Throughput(ops/sec), 378.7161522438932
[TOTAL_GCS_Copy], Count, 11
[TOTAL_GC_TIME_Copy], Time(ms), 44
[TOTAL_GC_TIME_%_Copy], Time(%), 0.833175534936565
[TOTAL_GCS_MarkSweepCompact], Count, 1
[TOTAL_GC_TIME_MarkSweepCompact], Time(ms), 12
[TOTAL_GC_TIME_%_MarkSweepCompact], Time(%), 0.22722969134633592
[TOTAL_GCs], Count, 12
[TOTAL_GC_TIME], Time(ms), 56
[TOTAL_GC_TIME_%], Time(%), 1.060405226282901
[CLEANUP], Operations, 128
[CLEANUP], AverageLatency(us), 17449.203125
[CLEANUP], MinLatency(us), 1
[CLEANUP], MaxLatency(us), 2234367
[CLEANUP], 95thPercentileLatency(us), 2
[CLEANUP], 99thPercentileLatency(us), 6
[INSERT], Operations, 2000
[INSERT], AverageLatency(us), 93844.8275
[INSERT], MinLatency(us), 3672
[INSERT], MaxLatency(us), 774655
[INSERT], 95thPercentileLatency(us), 531455
[INSERT], 99thPercentileLatency(us), 686591
[INSERT], Return=OK, 2000
