[OVERALL], RunTime(ms), 4829
[OVERALL], Throughput(ops/sec), 207.08221163802028
[TOTAL_GCS_Copy], Count, 10
[TOTAL_GC_TIME_Copy], Time(ms), 39
[TOTAL_GC_TIME_%_Copy], Time(%), 0.8076206253882792
[TOTAL_GCS_MarkSweepCompact], Count, 1
[TOTAL_GC_TIME_MarkSweepCompact], Time(ms), 12
[TOTAL_GC_TIME_%_MarkSweepCompact], Time(%), 0.24849865396562434
[TOTAL_GCs], Count, 11
[TOTAL_GC_TIME], Time(ms), 51
[TOTAL_GC_TIME_%], Time(%), 1.0561192793539036
[READ], Operations, 1000
[READ], AverageLatency(us), 128031.344
[READ], MinLatency(us), 1106
[READ], MaxLatency(us), 741887
[READ], 95thPercentileLatency(us), 579071
[READ], 99thPercentileLatency(us), 697343
[READ], Return=OK, 1000
[CLEANUP], Operations, 128
[CLEANUP], AverageLatency(us), 17449.0859375
[CLEANUP], MinLatency(us), 1
[CLEANUP], MaxLatency(us), 2234367
[CLEANUP], 95thPercentileLatency(us), 1
[CLEANUP], 99thPercentileLatency(us), 9
