[OVERALL], RunTime(ms), 52087
[OVERALL], Throughput(ops/sec), 38.39729683030315
[TOTAL_GCS_Copy], Count, 6
[TOTAL_GC_TIME_Copy], Time(ms), 32
[TOTAL_GC_TIME_%_Copy], Time(%), 0.061435674928485035
[TOTAL_GCS_MarkSweepCompact], Count, 1
[TOTAL_GC_TIME_MarkSweepCompact], Time(ms), 11
[TOTAL_GC_TIME_%_MarkSweepCompact], Time(%), 0.021118513256666728
[TOTAL_GCs], Count, 7
[TOTAL_GC_TIME], Time(ms), 43
[TOTAL_GC_TIME_%], Time(%), 0.08255418818515177
[CLEANUP], Operations, 2
[CLEANUP], AverageLatency(us), 1111556.0
[CLEANUP], MinLatency(us), 8
[CLEANUP], MaxLatency(us), 2224127
[CLEANUP], 95thPercentileLatency(us), 2224127
[CLEANUP], 99thPercentileLatency(us), 2224127
[INSERT], Operations, 2000
[INSERT], AverageLatency(us), 48300.0975
[INSERT], MinLatency(us), 3622
[INSERT], MaxLatency(us), 12181503
[INSERT], 95thPercentileLatency(us), 67263
[INSERT], 99thPercentileLatency(us), 79551
[INSERT], Return=OK, 2000
