[OVERALL], RunTime(ms), 18321
[OVERALL], Throughput(ops/sec), 272.9108673107363
[TOTAL_GCS_Copy], Count, 7
[TOTAL_GC_TIME_Copy], Time(ms), 34
[TOTAL_GC_TIME_%_Copy], Time(%), 0.1855793897713007
[TOTAL_GCS_MarkSweepCompact], Count, 1
[TOTAL_GC_TIME_MarkSweepCompact], Time(ms), 12
[TOTAL_GC_TIME_%_MarkSweepCompact], Time(%), 0.06549860815457671
[TOTAL_GCs], Count, 8
[TOTAL_GC_TIME], Time(ms), 46
[TOTAL_GC_TIME_%], Time(%), 0.2510779979258774
[READ], Operations, 4730
[READ], AverageLatency(us), 19231.709936575055
[READ], MinLatency(us), 729
[READ], MaxLatency(us), 12132351
[READ], 95thPercentileLatency(us), 10687
[READ], 99thPercentileLatency(us), 15663
[READ], Return=OK, 4730
[CLEANUP], Operations, 8
[CLEANUP], AverageLatency(us), 278914.375
[CLEANUP], MinLatency(us), 2
[CLEANUP], MaxLatency(us), 2232319
[CLEANUP], 95thPercentileLatency(us), 2232319
[CLEANUP], 99thPercentileLatency(us), 2232319
[UPDATE], Operations, 270
[UPDATE], AverageLatency(us), 95521.75185185185
[UPDATE], MinLatency(us), 2010
[UPDATE], MaxLatency(us), 12132351
[UPDATE], 95thPercentileLatency(us), 14831
[UPDATE], 99thPercentileLatency(us), 34687
[UPDATE], Return=OK, 270
