[OVERALL], RunTime(ms), 5445
[OVERALL], Throughput(ops/sec), 367.30945821854914
[TOTAL_GCS_Copy], Count, 7
[TOTAL_GC_TIME_Copy], Time(ms), 35
[TOTAL_GC_TIME_%_Copy], Time(%), 0.642791551882461
[TOTAL_GCS_MarkSweepCompact], Count, 1
[TOTAL_GC_TIME_MarkSweepCompact], Time(ms), 11
[TOTAL_GC_TIME_%_MarkSweepCompact], Time(%), 0.20202020202020202
[TOTAL_GCs], Count, 8
[TOTAL_GC_TIME], Time(ms), 46
[TOTAL_GC_TIME_%], Time(%), 0.844811753902663
[CLEANUP], Operations, 16
[CLEANUP], AverageLatency(us), 138689.9375
[CLEANUP], MinLatency(us), 1
[CLEANUP], MaxLatency(us), 2220031
[CLEANUP], 95thPercentileLatency(us), 5
[CLEANUP], 99thPercentileLatency(us), 2220031
[INSERT], Operations, 2000
[INSERT], AverageLatency(us), 13106.726
[INSERT], MinLatency(us), 4752
[INSERT], MaxLatency(us), 156159
[INSERT], 95thPercentileLatency(us), 24191
[INSERT], 99thPercentileLatency(us), 52223
[INSERT], Return=OK, 2000
