[OVERALL], RunTime(ms), 54339
[OVERALL], Throughput(ops/sec), 55.20896593606802
[TOTAL_GCS_Copy], Count, 6
[TOTAL_GC_TIME_Copy], Time(ms), 33
[TOTAL_GC_TIME_%_Copy], Time(%), 0.06072986252967482
[TOTAL_GCS_MarkSweepCompact], Count, 1
[TOTAL_GC_TIME_MarkSweepCompact], Time(ms), 12
[TOTAL_GC_TIME_%_MarkSweepCompact], Time(%), 0.022083586374427207
[TOTAL_GCs], Count, 7
[TOTAL_GC_TIME], Time(ms), 45
[TOTAL_GC_TIME_%], Time(%), 0.08281344890410203
[READ], Operations, 2997
[READ], AverageLatency(us), 90671.5875875876
[READ], MinLatency(us), 917
[READ], MaxLatency(us), 48398335
[READ], 95thPercentileLatency(us), 12255
[READ], 99thPercentileLatency(us), 16575
[READ], Return=OK, 2997
[READ], Return=ERROR, 3
[CLEANUP], Operations, 8
[CLEANUP], AverageLatency(us), 277893.875
[CLEANUP], MinLatency(us), 2
[CLEANUP], MaxLatency(us), 2224127
[CLEANUP], 95thPercentileLatency(us), 2224127
[CLEANUP], 99thPercentileLatency(us), 2224127
[READ-FAILED], Operations, 3
[READ-FAILED], AverageLatency(us), 4.4329642666666664E7
[READ-FAILED], MinLatency(us), 36274176
[READ-FAILED], MaxLatency(us), 48365567
[READ-FAILED], 95thPercentileLatency(us), 48365567
[READ-FAILED], 99thPercentileLatency(us), 48365567
