[OVERALL], RunTime(ms), 13680
[OVERALL], Throughput(ops/sec), 146.19883040935673
[TOTAL_GCS_Copy], Count, 6
[TOTAL_GC_TIME_Copy], Time(ms), 36
[TOTAL_GC_TIME_%_Copy], Time(%), 0.2631578947368421
[TOTAL_GCS_MarkSweepCompact], Count, 1
[TOTAL_GC_TIME_MarkSweepCompact], Time(ms), 11
[TOTAL_GC_TIME_%_MarkSweepCompact], Time(%), 0.08040935672514621
[TOTAL_GCs], Count, 7
[TOTAL_GC_TIME], Time(ms), 47
[TOTAL_GC_TIME_%], Time(%), 0.3435672514619883
[CLEANUP], Operations, 4
[CLEANUP], AverageLatency(us), 556291.0
[CLEANUP], MinLatency(us), 3
[CLEANUP], MaxLatency(us), 2226175
[CLEANUP], 95thPercentileLatency(us), 2226175
[CLEANUP], 99thPercentileLatency(us), 2226175
[INSERT], Operations, 2000
[INSERT], AverageLatency(us), 19495.0515
[INSERT], MinLatency(us), 1593
[INSERT], MaxLatency(us), 80319
[INSERT], 95thPercentileLatency(us), 47103
[INSERT], 99thPercentileLatency(us), 57567
[INSERT], Return=OK, 2000
