[OVERALL], RunTime(ms), 16039
[OVERALL], Throughput(ops/sec), 124.69605336991084
[TOTAL_GCS_Copy], Count, 6
[TOTAL_GC_TIME_Copy], Time(ms), 32
[TOTAL_GC_TIME_%_Copy], Time(%), 0.19951368539185738
[TOTAL_GCS_MarkSweepCompact], Count, 1
[TOTAL_GC_TIME_MarkSweepCompact], Time(ms), 11
[TOTAL_GC_TIME_%_MarkSweepCompact], Time(%), 0.06858282935345096
[TOTAL_GCs], Count, 7
[TOTAL_GC_TIME], Time(ms), 43
[TOTAL_GC_TIME_%], Time(%), 0.2680965147453083
[CLEANUP], Operations, 8
[CLEANUP], AverageLatency(us), 278147.375
[CLEANUP], MinLatency(us), 1
[CLEANUP], MaxLatency(us), 2226175
[CLEANUP], 95thPercentileLatency(us), 2226175
[CLEANUP], 99thPercentileLatency(us), 2226175
[INSERT], Operations, 2000
[INSERT], AverageLatency(us), 47914.053
[INSERT], MinLatency(us), 4712
[INSERT], MaxLatency(us), 138367
[INSERT], 95thPercentileLatency(us), 88511
[INSERT], 99thPercentileLatency(us), 110911
[INSERT], Return=OK, 2000
