[OVERALL], RunTime(ms), 14915
[OVERALL], Throughput(ops/sec), 402.2795843110962
[TOTAL_GCS_Copy], Count, 8
[TOTAL_GC_TIME_Copy], Time(ms), 35
[TOTAL_GC_TIME_%_Copy], Time(%), 0.23466309084813944
[TOTAL_GCS_MarkSweepCompact], Count, 1
[TOTAL_GC_TIME_MarkSweepCompact], Time(ms), 11
[TOTAL_GC_TIME_%_MarkSweepCompact], Time(%), 0.07375125712370097
[TOTAL_GCs], Count, 9
[TOTAL_GC_TIME], Time(ms), 46
[TOTAL_GC_TIME_%], Time(%), 0.3084143479718404
[READ], Operations, 5698
[READ], AverageLatency(us), 1784.550895050895
[READ], MinLatency(us), 615
[READ], MaxLatency(us), 33663
[READ], 95thPercentileLatency(us), 3119
[READ], 99thPercentileLatency(us), 5015
[READ], Return=OK, 5698
[CLEANUP], Operations, 1
[CLEANUP], AverageLatency(us), 2233344.0
[CLEANUP], MinLatency(us), 2232320
[CLEANUP], MaxLatency(us), 2234367
[CLEANUP], 95thPercentileLatency(us), 2234367
[CLEANUP], 99thPercentileLatency(us), 2234367
[UPDATE], Operations, 302
[UPDATE], AverageLatency(us), 3219.099337748344
[UPDATE], MinLatency(us), 1342
[UPDATE], MaxLatency(us), 11207
[UPDATE], 95thPercentileLatency(us), 5359
[UPDATE], 99thPercentileLatency(us), 9759
[UPDATE], Return=OK, 302
