[OVERALL], RunTime(ms), 12612
[OVERALL], Throughput(ops/sec), 237.8686964795433
[TOTAL_GCS_Copy], Count, 41
[TOTAL_GC_TIME_Copy], Time(ms), 69
[TOTAL_GC_TIME_%_Copy], Time(%), 0.5470980019029497
[TOTAL_GCS_MarkSweepCompact], Count, 1
[TOTAL_GC_TIME_MarkSweepCompact], Time(ms), 12
[TOTAL_GC_TIME_%_MarkSweepCompact], Time(%), 0.09514747859181732
[TOTAL_GCs], Count, 42
[TOTAL_GC_TIME], Time(ms), 81
[TOTAL_GC_TIME_%], Time(%), 0.6422454804947668
[CLEANUP], Operations, 8
[CLEANUP], AverageLatency(us), 277890.875
[CLEANUP], MinLatency(us), 2
[CLEANUP], MaxLatency(us), 2224127
[CLEANUP], 95thPercentileLatency(us), 2224127
[CLEANUP], 99thPercentileLatency(us), 2224127
[INSERT], Operations, 148
[INSERT], AverageLatency(us), 35276.54054054054
[INSERT], MinLatency(us), 11056
[INSERT], MaxLatency(us), 85247
[INSERT], 95thPercentileLatency(us), 46335
[INSERT], 99thPercentileLatency(us), 62911
[INSERT], Return=OK, 148
[SCAN], Operations, 2852
[SCAN], AverageLatency(us), 22726.082398316972
[SCAN], MinLatency(us), 2170
[SCAN], MaxLatency(us), 116223
[SCAN], 95thPercentileLatency(us), 44543
[SCAN], 99thPercentileLatency(us), 49631
[SCAN], Return=OK, 2852
