[OVERALL], RunTime(ms), 246888
[OVERALL], Throughput(ops/sec), 8.040082952593888
[TOTAL_GCS_Copy], Count, 12
[TOTAL_GC_TIME_Copy], Time(ms), 48
[TOTAL_GC_TIME_%_Copy], Time(%), 0.01944201419267036
[TOTAL_GCS_MarkSweepCompact], Count, 1
[TOTAL_GC_TIME_MarkSweepCompact], Time(ms), 13
[TOTAL_GC_TIME_%_MarkSweepCompact], Time(%), 0.00526554551051489
[TOTAL_GCs], Count, 13
[TOTAL_GC_TIME], Time(ms), 61
[TOTAL_GC_TIME_%], Time(%), 0.024707559703185247
[CLEANUP], Operations, 128
[CLEANUP], AverageLatency(us), 17337.453125
[CLEANUP], MinLatency(us), 1
[CLEANUP], MaxLatency(us), 2220031
[CLEANUP], 95thPercentileLatency(us), 2
[CLEANUP], 99thPercentileLatency(us), 29
[INSERT], Operations, 1985
[INSERT], AverageLatency(us), 1.5552022275062973E7
[INSERT], MinLatency(us), 8552
[INSERT], MaxLatency(us), 242483199
[INSERT], 95thPercentileLatency(us), 242352127
[INSERT], 99thPercentileLatency(us), 242483199
[INSERT], Return=OK, 1985
[INSERT], Return=ERROR, 1
[INSERT-FAILED], Operations, 1
[INSERT-FAILED], AverageLatency(us), 2.4215552E8
[INSERT-FAILED], MinLatency(us), 242089984
[INSERT-FAILED], MaxLatency(us), 242221055
[INSERT-FAILED], 95thPercentileLatency(us), 242221055
[INSERT-FAILED], 99thPercentileLatency(us), 242221055
