[OVERALL], RunTime(ms), 4795
[OVERALL], Throughput(ops/sec), 208.55057351407717
[TOTAL_GCS_Copy], Count, 4
[TOTAL_GC_TIME_Copy], Time(ms), 26
[TOTAL_GC_TIME_%_Copy], Time(%), 0.5422314911366006
[TOTAL_GCS_MarkSweepCompact], Count, 1
[TOTAL_GC_TIME_MarkSweepCompact], Time(ms), 11
[TOTAL_GC_TIME_%_MarkSweepCompact], Time(%), 0.22940563086548488
[TOTAL_GCs], Count, 5
[TOTAL_GC_TIME], Time(ms), 37
[TOTAL_GC_TIME_%], Time(%), 0.7716371220020856
[READ], Operations, 475
[READ], AverageLatency(us), 6542.764210526316
[READ], MinLatency(us), 1480
[READ], MaxLatency(us), 97791
[READ], 95thPercentileLatency(us), 11775
[READ], 99thPercentileLatency(us), 21039
[READ], Return=OK, 475
[CLEANUP], Operations, 8
[CLEANUP], AverageLatency(us), 279169.5
[CLEANUP], MinLatency(us), 1
[CLEANUP], MaxLatency(us), 2234367
[CLEANUP], 95thPercentileLatency(us), 2234367
[CLEANUP], 99thPercentileLatency(us), 2234367
[UPDATE], Operations, 525
[UPDATE], AverageLatency(us), 9936.807619047619
[UPDATE], MinLatency(us), 3236
[UPDATE], MaxLatency(us), 87103
[UPDATE], 95thPercentileLatency(us), 16895
[UPDATE], 99thPercentileLatency(us), 31231
[UPDATE], Return=OK, 525
