[OVERALL], RunTime(ms), 13378
[OVERALL], Throughput(ops/sec), 149.49917775452235
[TOTAL_GCS_Copy], Count, 6
[TOTAL_GC_TIME_Copy], Time(ms), 40
[TOTAL_GC_TIME_%_Copy], Time(%), 0.2989983555090447
[TOTAL_GCS_MarkSweepCompact], Count, 1
[TOTAL_GC_TIME_MarkSweepCompact], Time(ms), 11
[TOTAL_GC_TIME_%_MarkSweepCompact], Time(%), 0.08222454776498729
[TOTAL_GCs], Count, 7
[TOTAL_GC_TIME], Time(ms), 51
[TOTAL_GC_TIME_%], Time(%), 0.38122290327403197
[CLEANUP], Operations, 4
[CLEANUP], AverageLatency(us), 556291.5
[CLEANUP], MinLatency(us), 2
[CLEANUP], MaxLatency(us), 2226175
[CLEANUP], 95thPercentileLatency(us), 2226175
[CLEANUP], 99thPercentileLatency(us), 2226175
[INSERT], Operations, 2000
[INSERT], AverageLatency(us), 19325.463
[INSERT], MinLatency(us), 1620
[INSERT], MaxLatency(us), 86911
[INSERT], 95thPercentileLatency(us), 46591
[INSERT], 99thPercentileLatency(us), 53343
[INSERT], Return=OK, 2000
