[OVERALL], RunTime(ms), 35644
[OVERALL], Throughput(ops/sec), 112.2208506340478
[TOTAL_GCS_Copy], Count, 6
[TOTAL_GC_TIME_Copy], Time(ms), 38
[TOTAL_GC_TIME_%_Copy], Time(%), 0.10660980810234541
[TOTAL_GCS_MarkSweepCompact], Count, 1
[TOTAL_GC_TIME_MarkSweepCompact], Time(ms), 11
[TOTAL_GC_TIME_%_MarkSweepCompact], Time(%), 0.030860733924363146
[TOTAL_GCs], Count, 7
[TOTAL_GC_TIME], Time(ms), 49
[TOTAL_GC_TIME_%], Time(%), 0.13747054202670855
[READ], Operations, 4000
[READ], AverageLatency(us), 7987.7905
[READ], MinLatency(us), 685
[READ], MaxLatency(us), 12066815
[READ], 95thPercentileLatency(us), 9407
[READ], 99thPercentileLatency(us), 12183
[READ], Return=OK, 4000
[CLEANUP], Operations, 1
[CLEANUP], AverageLatency(us), 2216960.0
[CLEANUP], MinLatency(us), 2215936
[CLEANUP], MaxLatency(us), 2217983
[CLEANUP], 95thPercentileLatency(us), 2217983
[CLEANUP], 99thPercentileLatency(us), 2217983
