[OVERALL], RunTime(ms), 13456
[OVERALL], Throughput(ops/sec), 445.89774078478
[TOTAL_GCS_Copy], Count, 79
[TOTAL_GC_TIME_Copy], Time(ms), 123
[TOTAL_GC_TIME_%_Copy], Time(%), 0.9140903686087991
[TOTAL_GCS_MarkSweepCompact], Count, 1
[TOTAL_GC_TIME_MarkSweepCompact], Time(ms), 11
[TOTAL_GC_TIME_%_MarkSweepCompact], Time(%), 0.08174791914387633
[TOTAL_GCs], Count, 80
[TOTAL_GC_TIME], Time(ms), 134
[TOTAL_GC_TIME_%], Time(%), 0.9958382877526755
[CLEANUP], Operations, 16
[CLEANUP], AverageLatency(us), 139331.125
[CLEANUP], MinLatency(us), 2
[CLEANUP], MaxLatency(us), 2230271
[CLEANUP], 95thPercentileLatency(us), 7
[CLEANUP], 99thPercentileLatency(us), 2230271
[INSERT], Operations, 321
[INSERT], AverageLatency(us), 34911.993769470406
[INSERT], MinLatency(us), 5184
[INSERT], MaxLatency(us), 134783
[INSERT], 95thPercentileLatency(us), 63103
[INSERT], 99thPercentileLatency(us), 80511
[INSERT], Return=OK, 321
[SCAN], Operations, 5679
[SCAN], AverageLatency(us), 24457.65539707695
[SCAN], MinLatency(us), 2498
[SCAN], MaxLatency(us), 174207
[SCAN], 95thPercentileLatency(us), 45631
[SCAN], 99thPercentileLatency(us), 55967
[SCAN], Return=OK, 5679
