[OVERALL], RunTime(ms), 45652
[OVERALL], Throughput(ops/sec), 131.4290721107509
[TOTAL_GCS_Copy], Count, 8
[TOTAL_GC_TIME_Copy], Time(ms), 35
[TOTAL_GC_TIME_%_Copy], Time(%), 0.07666695873127136
[TOTAL_GCS_MarkSweepCompact], Count, 1
[TOTAL_GC_TIME_MarkSweepCompact], Time(ms), 11
[TOTAL_GC_TIME_%_MarkSweepCompact], Time(%), 0.024095329886971
[TOTAL_GCs], Count, 9
[TOTAL_GC_TIME], Time(ms), 46
[TOTAL_GC_TIME_%], Time(%), 0.10076228861824235
[READ], Operations, 5691
[READ], AverageLatency(us), 13127.611667545247
[READ], MinLatency(us), 642
[READ], MaxLatency(us), 80383
[READ], 95thPercentileLatency(us), 19519
[READ], 99thPercentileLatency(us), 23119
[READ], Return=OK, 5691
[CLEANUP], Operations, 2
[CLEANUP], AverageLatency(us), 1108484.5
[CLEANUP], MinLatency(us), 9
[CLEANUP], MaxLatency(us), 2217983
[CLEANUP], 95thPercentileLatency(us), 2217983
[CLEANUP], 99thPercentileLatency(us), 2217983
[INSERT], Operations, 309
[INSERT], AverageLatency(us), 28311.21359223301
[INSERT], MinLatency(us), 3522
[INSERT], MaxLatency(us), 76095
[INSERT], 95thPercentileLatency(us), 38431
[INSERT], 99thPercentileLatency(us), 40351
[INSERT], Return=OK, 309
