[OVERALL], RunTime(ms), 9769
[OVERALL], Throughput(ops/sec), 614.1877367181902
[TOTAL_GCS_Copy], Count, 84
[TOTAL_GC_TIME_Copy], Time(ms), 141
[TOTAL_GC_TIME_%_Copy], Time(%), 1.443341181287747
[TOTAL_GCS_MarkSweepCompact], Count, 1
[TOTAL_GC_TIME_MarkSweepCompact], Time(ms), 11
[TOTAL_GC_TIME_%_MarkSweepCompact], Time(%), 0.11260108506500152
[TOTAL_GCs], Count, 85
[TOTAL_GC_TIME], Time(ms), 152
[TOTAL_GC_TIME_%], Time(%), 1.5559422663527485
[CLEANUP], Operations, 32
[CLEANUP], AverageLatency(us), 69474.21875
[CLEANUP], MinLatency(us), 1
[CLEANUP], MaxLatency(us), 2224127
[CLEANUP], 95thPercentileLatency(us), 3
[CLEANUP], 99thPercentileLatency(us), 2224127
[INSERT], Operations, 291
[INSERT], AverageLatency(us), 47012.06872852234
[INSERT], MinLatency(us), 8280
[INSERT], MaxLatency(us), 248063
[INSERT], 95thPercentileLatency(us), 80831
[INSERT], 99thPercentileLatency(us), 106239
[INSERT], Return=OK, 291
[SCAN], Operations, 5709
[SCAN], AverageLatency(us), 30208.511648274653
[SCAN], MinLatency(us), 2564
[SCAN], MaxLatency(us), 309247
[SCAN], 95thPercentileLatency(us), 58719
[SCAN], 99thPercentileLatency(us), 92543
[SCAN], Return=OK, 5709
