[OVERALL], RunTime(ms), 8329
[OVERALL], Throughput(ops/sec), 720.3745947892904
[TOTAL_GCS_Copy], Count, 7
[TOTAL_GC_TIME_Copy], Time(ms), 42
[TOTAL_GC_TIME_%_Copy], Time(%), 0.5042622163525033
[TOTAL_GCS_MarkSweepCompact], Count, 1
[TOTAL_GC_TIME_MarkSweepCompact], Time(ms), 11
[TOTAL_GC_TIME_%_MarkSweepCompact], Time(%), 0.1320686757113699
[TOTAL_GCs], Count, 8
[TOTAL_GC_TIME], Time(ms), 53
[TOTAL_GC_TIME_%], Time(%), 0.6363308920638732
[READ], Operations, 3044
[READ], AverageLatency(us), 3977.6097240473064
[READ], MinLatency(us), 971
[READ], MaxLatency(us), 71871
[READ], 95thPercentileLatency(us), 7923
[READ], 99thPercentileLatency(us), 12823
[READ], Return=OK, 3044
[CLEANUP], Operations, 8
[CLEANUP], AverageLatency(us), 278659.25
[CLEANUP], MinLatency(us), 1
[CLEANUP], MaxLatency(us), 2230271
[CLEANUP], 95thPercentileLatency(us), 2230271
[CLEANUP], 99thPercentileLatency(us), 2230271
[UPDATE], Operations, 2956
[UPDATE], AverageLatency(us), 7879.256089309878
[UPDATE], MinLatency(us), 2414
[UPDATE], MaxLatency(us), 92991
[UPDATE], 95thPercentileLatency(us), 11519
[UPDATE], 99thPercentileLatency(us), 16383
[UPDATE], Return=OK, 2956
