[OVERALL], RunTime(ms), 5436
[OVERALL], Throughput(ops/sec), 367.91758646063283
[TOTAL_GCS_Copy], Count, 11
[TOTAL_GC_TIME_Copy], Time(ms), 45
[TOTAL_GC_TIME_%_Copy], Time(%), 0.8278145695364238
[TOTAL_GCS_MarkSweepCompact], Count, 1
[TOTAL_GC_TIME_MarkSweepCompact], Time(ms), 22
[TOTAL_GC_TIME_%_MarkSweepCompact], Time(%), 0.40470934510669615
[TOTAL_GCs], Count, 12
[TOTAL_GC_TIME], Time(ms), 67
[TOTAL_GC_TIME_%], Time(%), 1.23252391464312
[CLEANUP], Operations, 128
[CLEANUP], AverageLatency(us), 17385.125
[CLEANUP], MinLatency(us), 1
[CLEANUP], MaxLatency(us), 2226175
[CLEANUP], 95thPercentileLatency(us), 2
[CLEANUP], 99thPercentileLatency(us), 6
[INSERT], Operations, 2000
[INSERT], AverageLatency(us), 99770.98
[INSERT], MinLatency(us), 23280
[INSERT], MaxLatency(us), 736767
[INSERT], 95thPercentileLatency(us), 533503
[INSERT], 99thPercentileLatency(us), 716287
[INSERT], Return=OK, 2000
