[OVERALL], RunTime(ms), 11788
[OVERALL], Throughput(ops/sec), 424.16016287750256
[TOTAL_GCS_Copy], Count, 65
[TOTAL_GC_TIME_Copy], Time(ms), 112
[TOTAL_GC_TIME_%_Copy], Time(%), 0.9501187648456058
[TOTAL_GCS_MarkSweepCompact], Count, 1
[TOTAL_GC_TIME_MarkSweepCompact], Time(ms), 12
[TOTAL_GC_TIME_%_MarkSweepCompact], Time(%), 0.10179843909060061
[TOTAL_GCs], Count, 66
[TOTAL_GC_TIME], Time(ms), 124
[TOTAL_GC_TIME_%], Time(%), 1.0519172039362061
[CLEANUP], Operations, 16
[CLEANUP], AverageLatency(us), 139458.6875
[CLEANUP], MinLatency(us), 1
[CLEANUP], MaxLatency(us), 2232319
[CLEANUP], 95thPercentileLatency(us), 7
[CLEANUP], 99thPercentileLatency(us), 2232319
[INSERT], Operations, 275
[INSERT], AverageLatency(us), 32722.95272727273
[INSERT], MinLatency(us), 6760
[INSERT], MaxLatency(us), 84991
[INSERT], 95thPercentileLatency(us), 56223
[INSERT], 99thPercentileLatency(us), 72255
[INSERT], Return=OK, 275
[SCAN], Operations, 4725
[SCAN], AverageLatency(us), 24226.013333333332
[SCAN], MinLatency(us), 1118
[SCAN], MaxLatency(us), 138239
[SCAN], 95thPercentileLatency(us), 44767
[SCAN], 99thPercentileLatency(us), 57055
[SCAN], Return=OK, 4725
