[OVERALL], RunTime(ms), 6012
[OVERALL], Throughput(ops/sec), 831.66999334664
[TOTAL_GCS_Copy], Count, 12
[TOTAL_GC_TIME_Copy], Time(ms), 45
[TOTAL_GC_TIME_%_Copy], Time(%), 0.7485029940119761
[TOTAL_GCS_MarkSweepCompact], Count, 1
[TOTAL_GC_TIME_MarkSweepCompact], Time(ms), 12
[TOTAL_GC_TIME_%_MarkSweepCompact], Time(%), 0.19960079840319359
[TOTAL_GCs], Count, 13
[TOTAL_GC_TIME], Time(ms), 57
[TOTAL_GC_TIME_%], Time(%), 0.9481037924151697
[READ], Operations, 2556
[READ], AverageLatency(us), 52865.850156494525
[READ], MinLatency(us), 1279
[READ], MaxLatency(us), 748543
[READ], 95thPercentileLatency(us), 128383
[READ], 99thPercentileLatency(us), 551423
[READ], Return=OK, 2556
[CLEANUP], Operations, 128
[CLEANUP], AverageLatency(us), 17385.7421875
[CLEANUP], MinLatency(us), 1
[CLEANUP], MaxLatency(us), 2226175
[CLEANUP], 95thPercentileLatency(us), 2
[CLEANUP], 99thPercentileLatency(us), 6
[UPDATE], Operations, 2444
[UPDATE], AverageLatency(us), 61644.21358428805
[UPDATE], MinLatency(us), 4656
[UPDATE], MaxLatency(us), 755711
[UPDATE], 95thPercentileLatency(us), 151167
[UPDATE], 99thPercentileLatency(us), 569343
[UPDATE], Return=OK, 2444
