[OVERALL], RunTime(ms), 8061
[OVERALL], Throughput(ops/sec), 248.10817516437166
[TOTAL_GCS_Copy], Count, 6
[TOTAL_GC_TIME_Copy], Time(ms), 31
[TOTAL_GC_TIME_%_Copy], Time(%), 0.38456767150477605
[TOTAL_GCS_MarkSweepCompact], Count, 1
[TOTAL_GC_TIME_MarkSweepCompact], Time(ms), 11
[TOTAL_GC_TIME_%_MarkSweepCompact], Time(%), 0.13645949634040444
[TOTAL_GCs], Count, 7
[TOTAL_GC_TIME], Time(ms), 42
[TOTAL_GC_TIME_%], Time(%), 0.5210271678451805
[CLEANUP], Operations, 8
[CLEANUP], AverageLatency(us), 278402.75
[CLEANUP], MinLatency(us), 2
[CLEANUP], MaxLatency(us), 2228223
[CLEANUP], 95thPercentileLatency(us), 2228223
[CLEANUP], 99thPercentileLatency(us), 2228223
[INSERT], Operations, 2000
[INSERT], AverageLatency(us), 17214.0415
[INSERT], MinLatency(us), 1526
[INSERT], MaxLatency(us), 102591
[INSERT], 95thPercentileLatency(us), 47167
[INSERT], 99thPercentileLatency(us), 58687
[INSERT], Return=OK, 2000
