[OVERALL], RunTime(ms), 6072
[OVERALL], Throughput(ops/sec), 823.4519104084321
[TOTAL_GCS_Copy], Count, 8
[TOTAL_GC_TIME_Copy], Time(ms), 36
[TOTAL_GC_TIME_%_Copy], Time(%), 0.592885375494071
[TOTAL_GCS_MarkSweepCompact], Count, 1
[TOTAL_GC_TIME_MarkSweepCompact], Time(ms), 11
[TOTAL_GC_TIME_%_MarkSweepCompact], Time(%), 0.18115942028985507
[TOTAL_GCs], Count, 9
[TOTAL_GC_TIME], Time(ms), 47
[TOTAL_GC_TIME_%], Time(%), 0.7740447957839262
[READ], Operations, 2548
[READ], AverageLatency(us), 13304.003924646782
[READ], MinLatency(us), 1259
[READ], MaxLatency(us), 265471
[READ], 95thPercentileLatency(us), 34239
[READ], 99thPercentileLatency(us), 57151
[READ], Return=OK, 2548
[CLEANUP], Operations, 32
[CLEANUP], AverageLatency(us), 69601.84375
[CLEANUP], MinLatency(us), 1
[CLEANUP], MaxLatency(us), 2228223
[CLEANUP], 95thPercentileLatency(us), 2
[CLEANUP], 99thPercentileLatency(us), 2228223
[UPDATE], Operations, 2452
[UPDATE], AverageLatency(us), 17323.129282218597
[UPDATE], MinLatency(us), 3956
[UPDATE], MaxLatency(us), 232703
[UPDATE], 95thPercentileLatency(us), 39071
[UPDATE], 99thPercentileLatency(us), 69183
[UPDATE], Return=OK, 2452
