[OVERALL], RunTime(ms), 6466
[OVERALL], Throughput(ops/sec), 927.9307145066501
[TOTAL_GCS_Copy], Count, 10
[TOTAL_GC_TIME_Copy], Time(ms), 42
[TOTAL_GC_TIME_%_Copy], Time(%), 0.6495515001546551
[TOTAL_GCS_MarkSweepCompact], Count, 1
[TOTAL_GC_TIME_MarkSweepCompact], Time(ms), 12
[TOTAL_GC_TIME_%_MarkSweepCompact], Time(%), 0.18558614290133002
[TOTAL_GCs], Count, 11
[TOTAL_GC_TIME], Time(ms), 54
[TOTAL_GC_TIME_%], Time(%), 0.8351376430559853
[READ], Operations, 5709
[READ], AverageLatency(us), 26723.035908215097
[READ], MinLatency(us), 1425
[READ], MaxLatency(us), 374271
[READ], 95thPercentileLatency(us), 61183
[READ], 99thPercentileLatency(us), 252159
[READ], Return=OK, 5709
[CLEANUP], Operations, 64
[CLEANUP], AverageLatency(us), 34833.53125
[CLEANUP], MinLatency(us), 1
[CLEANUP], MaxLatency(us), 2230271
[CLEANUP], 95thPercentileLatency(us), 2
[CLEANUP], 99thPercentileLatency(us), 6
[INSERT], Operations, 291
[INSERT], AverageLatency(us), 52408.54982817869
[INSERT], MinLatency(us), 20080
[INSERT], MaxLatency(us), 427775
[INSERT], 95thPercentileLatency(us), 94271
[INSERT], 99thPercentileLatency(us), 131327
[INSERT], Return=OK, 291
