[OVERALL], RunTime(ms), 5400
[OVERALL], Throughput(ops/sec), 370.3703703703704
[TOTAL_GCS_Copy], Count, 11
[TOTAL_GC_TIME_Copy], Time(ms), 44
[TOTAL_GC_TIME_%_Copy], Time(%), 0.8148148148148148
[TOTAL_GCS_MarkSweepCompact], Count, 1
[TOTAL_GC_TIME_MarkSweepCompact], Time(ms), 13
[TOTAL_GC_TIME_%_MarkSweepCompact], Time(%), 0.24074074074074076
[TOTAL_GCs], Count, 12
[TOTAL_GC_TIME], Time(ms), 57
[TOTAL_GC_TIME_%], Time(%), 1.0555555555555556
[CLEANUP], Operations, 128
[CLEANUP], AverageLatency(us), 17401.3359375
[CLEANUP], MinLatency(us), 1
[CLEANUP], MaxLatency(us), 2228223
[CLEANUP], 95thPercentileLatency(us), 2
[CLEANUP], 99thPercentileLatency(us), 9
[INSERT], Operations, 2000
[INSERT], AverageLatency(us), 97737.672
[INSERT], MinLatency(us), 24208
[INSERT], MaxLatency(us), 712191
[INSERT], 95thPercentileLatency(us), 523775
[INSERT], 99thPercentileLatency(us), 686079
[INSERT], Return=OK, 2000
