[OVERALL], RunTime(ms), 6639
[OVERALL], Throughput(ops/sec), 903.750564844103
[TOTAL_GCS_Copy], Count, 8
[TOTAL_GC_TIME_Copy], Time(ms), 37
[TOTAL_GC_TIME_%_Copy], Time(%), 0.5573128483205302
[TOTAL_GCS_MarkSweepCompact], Count, 1
[TOTAL_GC_TIME_MarkSweepCompact], Time(ms), 11
[TOTAL_GC_TIME_%_MarkSweepCompact], Time(%), 0.16568760355475223
[TOTAL_GCs], Count, 9
[TOTAL_GC_TIME], Time(ms), 48
[TOTAL_GC_TIME_%], Time(%), 0.7230004518752825
[READ], Operations, 6000
[READ], AverageLatency(us), 7719.500333333333
[READ], MinLatency(us), 927
[READ], MaxLatency(us), 151295
[READ], 95thPercentileLatency(us), 18543
[READ], 99thPercentileLatency(us), 27647
[READ], Return=OK, 6000
[CLEANUP], Operations, 16
[CLEANUP], AverageLatency(us), 138946.1875
[CLEANUP], MinLatency(us), 1
[CLEANUP], MaxLatency(us), 2224127
[CLEANUP], 95thPercentileLatency(us), 7
[CLEANUP], 99thPercentileLatency(us), 2224127
