[OVERALL], RunTime(ms), 6650
[OVERALL], Throughput(ops/sec), 451.1278195488722
[TOTAL_GCS_Copy], Count, 5
[TOTAL_GC_TIME_Copy], Time(ms), 42
[TOTAL_GC_TIME_%_Copy], Time(%), 0.631578947368421
[TOTAL_GCS_MarkSweepCompact], Count, 1
[TOTAL_GC_TIME_MarkSweepCompact], Time(ms), 12
[TOTAL_GC_TIME_%_MarkSweepCompact], Time(%), 0.18045112781954886
[TOTAL_GCs], Count, 6
[TOTAL_GC_TIME], Time(ms), 54
[TOTAL_GC_TIME_%], Time(%), 0.81203007518797
[READ], Operations, 1503
[READ], AverageLatency(us), 859.1709913506321
[READ], MinLatency(us), 479
[READ], MaxLatency(us), 14695
[READ], 95thPercentileLatency(us), 1810
[READ], 99thPercentileLatency(us), 3529
[READ], Return=OK, 1503
[CLEANUP], Operations, 1
[CLEANUP], AverageLatency(us), 2231296.0
[CLEANUP], MinLatency(us), 2230272
[CLEANUP], MaxLatency(us), 2232319
[CLEANUP], 95thPercentileLatency(us), 2232319
[CLEANUP], 99thPercentileLatency(us), 2232319
[UPDATE], Operations, 1497
[UPDATE], AverageLatency(us), 1061.2979291917168
[UPDATE], MinLatency(us), 686
[UPDATE], MaxLatency(us), 29407
[UPDATE], 95thPercentileLatency(us), 2139
[UPDATE], 99thPercentileLatency(us), 4227
[UPDATE], Return=OK, 1497
