[OVERALL], RunTime(ms), 5331
[OVERALL], Throughput(ops/sec), 375.1641343087601
[TOTAL_GCS_Copy], Count, 6
[TOTAL_GC_TIME_Copy], Time(ms), 33
[TOTAL_GC_TIME_%_Copy], Time(%), 0.6190208216094542
[TOTAL_GCS_MarkSweepCompact], Count, 1
[TOTAL_GC_TIME_MarkSweepCompact], Time(ms), 11
[TOTAL_GC_TIME_%_MarkSweepCompact], Time(%), 0.20634027386981804
[TOTAL_GCs], Count, 7
[TOTAL_GC_TIME], Time(ms), 44
[TOTAL_GC_TIME_%], Time(%), 0.8253610954792722
[READ], Operations, 981
[READ], AverageLatency(us), 10105.471967380225
[READ], MinLatency(us), 1148
[READ], MaxLatency(us), 130111
[READ], 95thPercentileLatency(us), 21599
[READ], 99thPercentileLatency(us), 35935
[READ], Return=OK, 981
[CLEANUP], Operations, 16
[CLEANUP], AverageLatency(us), 139073.3125
[CLEANUP], MinLatency(us), 1
[CLEANUP], MaxLatency(us), 2226175
[CLEANUP], 95thPercentileLatency(us), 6
[CLEANUP], 99thPercentileLatency(us), 2226175
[UPDATE], Operations, 1019
[UPDATE], AverageLatency(us), 14836.537782139352
[UPDATE], MinLatency(us), 5152
[UPDATE], MaxLatency(us), 139007
[UPDATE], 95thPercentileLatency(us), 27599
[UPDATE], 99thPercentileLatency(us), 78207
[UPDATE], Return=OK, 1019
