[OVERALL], RunTime(ms), 14368
[OVERALL], Throughput(ops/sec), 139.19821826280622
[TOTAL_GCS_Copy], Count, 6
[TOTAL_GC_TIME_Copy], Time(ms), 34
[TOTAL_GC_TIME_%_Copy], Time(%), 0.23663697104677062
[TOTAL_GCS_MarkSweepCompact], Count, 1
[TOTAL_GC_TIME_MarkSweepCompact], Time(ms), 12
[TOTAL_GC_TIME_%_MarkSweepCompact], Time(%), 0.08351893095768374
[TOTAL_GCs], Count, 7
[TOTAL_GC_TIME], Time(ms), 46
[TOTAL_GC_TIME_%], Time(%), 0.3201559020044543
[CLEANUP], Operations, 4
[CLEANUP], AverageLatency(us), 555779.25
[CLEANUP], MinLatency(us), 3
[CLEANUP], MaxLatency(us), 2224127
[CLEANUP], 95thPercentileLatency(us), 2224127
[CLEANUP], 99thPercentileLatency(us), 2224127
[INSERT], Operations, 2000
[INSERT], AverageLatency(us), 20640.7215
[INSERT], MinLatency(us), 1370
[INSERT], MaxLatency(us), 85439
[INSERT], 95thPercentileLatency(us), 46495
[INSERT], 99thPercentileLatency(us), 52831
[INSERT], Return=OK, 2000
