[OVERALL], RunTime(ms), 29484
[OVERALL], Throughput(ops/sec), 33.91670058336725
[TOTAL_GCS_Copy], Count, 4
[TOTAL_GC_TIME_Copy], Time(ms), 23
[TOTAL_GC_TIME_%_Copy], Time(%), 0.07800841134174467
[TOTAL_GCS_MarkSweepCompact], Count, 1
[TOTAL_GC_TIME_MarkSweepCompact], Time(ms), 11
[TOTAL_GC_TIME_%_MarkSweepCompact], Time(%), 0.037308370641703975
[TOTAL_GCs], Count, 5
[TOTAL_GC_TIME], Time(ms), 34
[TOTAL_GC_TIME_%], Time(%), 0.11531678198344864
[READ], Operations, 943
[READ], AverageLatency(us), 25596.18769883351
[READ], MinLatency(us), 1011
[READ], MaxLatency(us), 12124159
[READ], 95thPercentileLatency(us), 19855
[READ], 99thPercentileLatency(us), 29487
[READ], Return=OK, 943
[CLEANUP], Operations, 1
[CLEANUP], AverageLatency(us), 2227200.0
[CLEANUP], MinLatency(us), 2226176
[CLEANUP], MaxLatency(us), 2228223
[CLEANUP], 95thPercentileLatency(us), 2228223
[CLEANUP], 99thPercentileLatency(us), 2228223
[INSERT], Operations, 57
[INSERT], AverageLatency(us), 27312.456140350878
[INSERT], MinLatency(us), 5088
[INSERT], MaxLatency(us), 72703
[INSERT], 95thPercentileLatency(us), 37407
[INSERT], 99thPercentileLatency(us), 37951
[INSERT], Return=OK, 57
