[OVERALL], RunTime(ms), 37127
[OVERALL], Throughput(ops/sec), 53.86915183020443
[TOTAL_GCS_Copy], Count, 6
[TOTAL_GC_TIME_Copy], Time(ms), 33
[TOTAL_GC_TIME_%_Copy], Time(%), 0.0888841005198373
[TOTAL_GCS_MarkSweepCompact], Count, 1
[TOTAL_GC_TIME_MarkSweepCompact], Time(ms), 11
[TOTAL_GC_TIME_%_MarkSweepCompact], Time(%), 0.029628033506612438
[TOTAL_GCs], Count, 7
[TOTAL_GC_TIME], Time(ms), 44
[TOTAL_GC_TIME_%], Time(%), 0.11851213402644975
[CLEANUP], Operations, 4
[CLEANUP], AverageLatency(us), 554755.0
[CLEANUP], MinLatency(us), 2
[CLEANUP], MaxLatency(us), 2220031
[CLEANUP], 95thPercentileLatency(us), 2220031
[CLEANUP], 99thPercentileLatency(us), 2220031
[INSERT], Operations, 2000
[INSERT], AverageLatency(us), 66384.754
[INSERT], MinLatency(us), 5376
[INSERT], MaxLatency(us), 12181503
[INSERT], 95thPercentileLatency(us), 78783
[INSERT], 99thPercentileLatency(us), 97599
[INSERT], Return=OK, 2000
