[OVERALL], RunTime(ms), 29577
[OVERALL], Throughput(ops/sec), 101.43016533116949
[TOTAL_GCS_Copy], Count, 11
[TOTAL_GC_TIME_Copy], Time(ms), 44
[TOTAL_GC_TIME_%_Copy], Time(%), 0.14876424248571524
[TOTAL_GCS_MarkSweepCompact], Count, 1
[TOTAL_GC_TIME_MarkSweepCompact], Time(ms), 12
[TOTAL_GC_TIME_%_MarkSweepCompact], Time(%), 0.0405720661324678
[TOTAL_GCs], Count, 12
[TOTAL_GC_TIME], Time(ms), 56
[TOTAL_GC_TIME_%], Time(%), 0.18933630861818304
[READ], Operations, 1491
[READ], AverageLatency(us), 1119405.5211267606
[READ], MinLatency(us), 1124
[READ], MaxLatency(us), 24838143
[READ], 95thPercentileLatency(us), 136959
[READ], 99thPercentileLatency(us), 24739839
[READ], Return=OK, 1491
[CLEANUP], Operations, 128
[CLEANUP], AverageLatency(us), 17417.3828125
[CLEANUP], MinLatency(us), 1
[CLEANUP], MaxLatency(us), 2230271
[CLEANUP], 95thPercentileLatency(us), 2
[CLEANUP], 99thPercentileLatency(us), 33
[UPDATE], Operations, 1509
[UPDATE], AverageLatency(us), 1083732.0304837641
[UPDATE], MinLatency(us), 3760
[UPDATE], MaxLatency(us), 24854527
[UPDATE], 95thPercentileLatency(us), 147839
[UPDATE], 99thPercentileLatency(us), 24788991
[UPDATE], Return=OK, 1509
