[OVERALL], RunTime(ms), 6290
[OVERALL], Throughput(ops/sec), 794.912559618442
[TOTAL_GCS_Copy], Count, 8
[TOTAL_GC_TIME_Copy], Time(ms), 38
[TOTAL_GC_TIME_%_Copy], Time(%), 0.604133545310016
[TOTAL_GCS_MarkSweepCompact], Count, 1
[TOTAL_GC_TIME_MarkSweepCompact], Time(ms), 11
[TOTAL_GC_TIME_%_MarkSweepCompact], Time(%), 0.17488076311605724
[TOTAL_GCs], Count, 9
[TOTAL_GC_TIME], Time(ms), 49
[TOTAL_GC_TIME_%], Time(%), 0.7790143084260731
[READ], Operations, 5000
[READ], AverageLatency(us), 8142.7456
[READ], MinLatency(us), 972
[READ], MaxLatency(us), 123647
[READ], 95thPercentileLatency(us), 18895
[READ], 99thPercentileLatency(us), 30255
[READ], Return=OK, 5000
[CLEANUP], Operations, 16
[CLEANUP], AverageLatency(us), 139330.0
[CLEANUP], MinLatency(us), 1
[CLEANUP], MaxLatency(us), 2230271
[CLEANUP], 95thPercentileLatency(us), 7
[CLEANUP], 99thPercentileLatency(us), 2230271
