[OVERALL], RunTime(ms), 5220
[OVERALL], Throughput(ops/sec), 383.1417624521073
[TOTAL_GCS_Copy], Count, 8
[TOTAL_GC_TIME_Copy], Time(ms), 41
[TOTAL_GC_TIME_%_Copy], Time(%), 0.7854406130268199
[TOTAL_GCS_MarkSweepCompact], Count, 1
[TOTAL_GC_TIME_MarkSweepCompact], Time(ms), 11
[TOTAL_GC_TIME_%_MarkSweepCompact], Time(%), 0.21072796934865898
[TOTAL_GCs], Count, 9
[TOTAL_GC_TIME], Time(ms), 52
[TOTAL_GC_TIME_%], Time(%), 0.996168582375479
[CLEANUP], Operations, 64
[CLEANUP], AverageLatency(us), 34897.21875
[CLEANUP], MinLatency(us), 1
[CLEANUP], MaxLatency(us), 2234367
[CLEANUP], 95thPercentileLatency(us), 2
[CLEANUP], 99thPercentileLatency(us), 6
[INSERT], Operations, 2000
[INSERT], AverageLatency(us), 46628.648
[INSERT], MinLatency(us), 5104
[INSERT], MaxLatency(us), 435967
[INSERT], 95thPercentileLatency(us), 90751
[INSERT], 99thPercentileLatency(us), 414975
[INSERT], Return=OK, 2000
