[OVERALL], RunTime(ms), 6493
[OVERALL], Throughput(ops/sec), 770.0600646850454
[TOTAL_GCS_Copy], Count, 7
[TOTAL_GC_TIME_Copy], Time(ms), 42
[TOTAL_GC_TIME_%_Copy], Time(%), 0.6468504543354381
[TOTAL_GCS_MarkSweepCompact], Count, 1
[TOTAL_GC_TIME_MarkSweepCompact], Time(ms), 12
[TOTAL_GC_TIME_%_MarkSweepCompact], Time(%), 0.18481441552441089
[TOTAL_GCs], Count, 8
[TOTAL_GC_TIME], Time(ms), 54
[TOTAL_GC_TIME_%], Time(%), 0.8316648698598491
[READ], Operations, 2482
[READ], AverageLatency(us), 6556.1498791297345
[READ], MinLatency(us), 1031
[READ], MaxLatency(us), 149247
[READ], 95thPercentileLatency(us), 16783
[READ], 99thPercentileLatency(us), 26223
[READ], Return=OK, 2482
[CLEANUP], Operations, 16
[CLEANUP], AverageLatency(us), 139201.9375
[CLEANUP], MinLatency(us), 1
[CLEANUP], MaxLatency(us), 2228223
[CLEANUP], 95thPercentileLatency(us), 7
[CLEANUP], 99thPercentileLatency(us), 2228223
[UPDATE], Operations, 2518
[UPDATE], AverageLatency(us), 10624.41620333598
[UPDATE], MinLatency(us), 4384
[UPDATE], MaxLatency(us), 139007
[UPDATE], 95thPercentileLatency(us), 21823
[UPDATE], 99thPercentileLatency(us), 34943
[UPDATE], Return=OK, 2518
