[OVERALL], RunTime(ms), 9168
[OVERALL], Throughput(ops/sec), 218.1500872600349
[TOTAL_GCS_Copy], Count, 6
[TOTAL_GC_TIME_Copy], Time(ms), 33
[TOTAL_GC_TIME_%_Copy], Time(%), 0.3599476439790576
[TOTAL_GCS_MarkSweepCompact], Count, 1
[TOTAL_GC_TIME_MarkSweepCompact], Time(ms), 11
[TOTAL_GC_TIME_%_MarkSweepCompact], Time(%), 0.1199825479930192
[TOTAL_GCs], Count, 7
[TOTAL_GC_TIME], Time(ms), 44
[TOTAL_GC_TIME_%], Time(%), 0.4799301919720768
[CLEANUP], Operations, 8
[CLEANUP], AverageLatency(us), 278147.0
[CLEANUP], MinLatency(us), 2
[CLEANUP], MaxLatency(us), 2226175
[CLEANUP], 95thPercentileLatency(us), 2226175
[CLEANUP], 99thPercentileLatency(us), 2226175
[INSERT], Operations, 2000
[INSERT], AverageLatency(us), 21208.9575
[INSERT], MinLatency(us), 2872
[INSERT], MaxLatency(us), 103103
[INSERT], 95thPercentileLatency(us), 51263
[INSERT], 99thPercentileLatency(us), 66879
[INSERT], Return=OK, 2000
