[OVERALL], RunTime(ms), 7236
[OVERALL], Throughput(ops/sec), 690.9894969596462
[TOTAL_GCS_Copy], Count, 7
[TOTAL_GC_TIME_Copy], Time(ms), 35
[TOTAL_GC_TIME_%_Copy], Time(%), 0.4836926478717523
[TOTAL_GCS_MarkSweepCompact], Count, 1
[TOTAL_GC_TIME_MarkSweepCompact], Time(ms), 11
[TOTAL_GC_TIME_%_MarkSweepCompact], Time(%), 0.15201768933112217
[TOTAL_GCs], Count, 8
[TOTAL_GC_TIME], Time(ms), 46
[TOTAL_GC_TIME_%], Time(%), 0.6357103372028745
[READ], Operations, 5000
[READ], AverageLatency(us), 5634.4778
[READ], MinLatency(us), 743
[READ], MaxLatency(us), 86399
[READ], 95thPercentileLatency(us), 10423
[READ], 99thPercentileLatency(us), 14479
[READ], Return=OK, 5000
[CLEANUP], Operations, 8
[CLEANUP], AverageLatency(us), 278402.75
[CLEANUP], MinLatency(us), 2
[CLEANUP], MaxLatency(us), 2228223
[CLEANUP], 95thPercentileLatency(us), 2228223
[CLEANUP], 99thPercentileLatency(us), 2228223
