[OVERALL], RunTime(ms), 6218
[OVERALL], Throughput(ops/sec), 964.940495336121
[TOTAL_GCS_Copy], Count, 8
[TOTAL_GC_TIME_Copy], Time(ms), 36
[TOTAL_GC_TIME_%_Copy], Time(%), 0.5789642972016726
[TOTAL_GCS_MarkSweepCompact], Count, 1
[TOTAL_GC_TIME_MarkSweepCompact], Time(ms), 11
[TOTAL_GC_TIME_%_MarkSweepCompact], Time(%), 0.17690575747828885
[TOTAL_GCs], Count, 9
[TOTAL_GC_TIME], Time(ms), 47
[TOTAL_GC_TIME_%], Time(%), 0.7558700546799614
[READ], Operations, 5692
[READ], AverageLatency(us), 6507.052881236824
[READ], MinLatency(us), 697
[READ], MaxLatency(us), 162431
[READ], 95thPercentileLatency(us), 19343
[READ], 99thPercentileLatency(us), 28655
[READ], Return=OK, 5692
[CLEANUP], Operations, 16
[CLEANUP], AverageLatency(us), 139201.9375
[CLEANUP], MinLatency(us), 1
[CLEANUP], MaxLatency(us), 2228223
[CLEANUP], 95thPercentileLatency(us), 6
[CLEANUP], 99thPercentileLatency(us), 2228223
[UPDATE], Operations, 308
[UPDATE], AverageLatency(us), 10488.237012987012
[UPDATE], MinLatency(us), 2446
[UPDATE], MaxLatency(us), 138495
[UPDATE], 95thPercentileLatency(us), 26047
[UPDATE], 99thPercentileLatency(us), 68927
[UPDATE], Return=OK, 308
