[OVERALL], RunTime(ms), 25155
[OVERALL], Throughput(ops/sec), 79.5070562512423
[TOTAL_GCS_Copy], Count, 6
[TOTAL_GC_TIME_Copy], Time(ms), 32
[TOTAL_GC_TIME_%_Copy], Time(%), 0.12721129000198766
[TOTAL_GCS_MarkSweepCompact], Count, 1
[TOTAL_GC_TIME_MarkSweepCompact], Time(ms), 11
[TOTAL_GC_TIME_%_MarkSweepCompact], Time(%), 0.043728880938183265
[TOTAL_GCs], Count, 7
[TOTAL_GC_TIME], Time(ms), 43
[TOTAL_GC_TIME_%], Time(%), 0.17094017094017094
[CLEANUP], Operations, 4
[CLEANUP], AverageLatency(us), 554755.75
[CLEANUP], MinLatency(us), 3
[CLEANUP], MaxLatency(us), 2220031
[CLEANUP], 95thPercentileLatency(us), 2220031
[CLEANUP], 99thPercentileLatency(us), 2220031
[INSERT], Operations, 2000
[INSERT], AverageLatency(us), 42106.194
[INSERT], MinLatency(us), 3570
[INSERT], MaxLatency(us), 117887
[INSERT], 95thPercentileLatency(us), 78271
[INSERT], 99thPercentileLatency(us), 98303
[INSERT], Return=OK, 2000
