[OVERALL], RunTime(ms), 5410
[OVERALL], Throughput(ops/sec), 369.68576709796673
[TOTAL_GCS_Copy], Count, 8
[TOTAL_GC_TIME_Copy], Time(ms), 37
[TOTAL_GC_TIME_%_Copy], Time(%), 0.6839186691312384
[TOTAL_GCS_MarkSweepCompact], Count, 1
[TOTAL_GC_TIME_MarkSweepCompact], Time(ms), 11
[TOTAL_GC_TIME_%_MarkSweepCompact], Time(%), 0.2033271719038817
[TOTAL_GCs], Count, 9
[TOTAL_GC_TIME], Time(ms), 48
[TOTAL_GC_TIME_%], Time(%), 0.88724584103512
[CLEANUP], Operations, 64
[CLEANUP], AverageLatency(us), 34801.734375
[CLEANUP], MinLatency(us), 1
[CLEANUP], MaxLatency(us), 2228223
[CLEANUP], 95thPercentileLatency(us), 2
[CLEANUP], 99thPercentileLatency(us), 23
[INSERT], Operations, 2000
[INSERT], AverageLatency(us), 51134.176
[INSERT], MinLatency(us), 21520
[INSERT], MaxLatency(us), 420351
[INSERT], 95thPercentileLatency(us), 77631
[INSERT], 99thPercentileLatency(us), 354303
[INSERT], Return=OK, 2000
