[OVERALL], RunTime(ms), 6041
[OVERALL], Throughput(ops/sec), 827.6775368316504
[TOTAL_GCS_Copy], Count, 12
[TOTAL_GC_TIME_Copy], Time(ms), 48
[TOTAL_GC_TIME_%_Copy], Time(%), 0.7945704353583845
[TOTAL_GCS_MarkSweepCompact], Count, 1
[TOTAL_GC_TIME_MarkSweepCompact], Time(ms), 13
[TOTAL_GC_TIME_%_MarkSweepCompact], Time(%), 0.21519615957622912
[TOTAL_GCs], Count, 13
[TOTAL_GC_TIME], Time(ms), 61
[TOTAL_GC_TIME_%], Time(%), 1.0097665949346135
[READ], Operations, 5000
[READ], AverageLatency(us), 56986.6156
[READ], MinLatency(us), 1174
[READ], MaxLatency(us), 791039
[READ], 95thPercentileLatency(us), 137087
[READ], 99thPercentileLatency(us), 608767
[READ], Return=OK, 5000
[CLEANUP], Operations, 128
[CLEANUP], AverageLatency(us), 17353.5625
[CLEANUP], MinLatency(us), 1
[CLEANUP], MaxLatency(us), 2222079
[CLEANUP], 95thPercentileLatency(us), 2
[CLEANUP], 99thPercentileLatency(us), 9
