[OVERALL], RunTime(ms), 65748
[OVERALL], Throughput(ops/sec), 30.419176248707185
[TOTAL_GCS_Copy], Count, 12
[TOTAL_GC_TIME_Copy], Time(ms), 57
[TOTAL_GC_TIME_%_Copy], Time(%), 0.08669465230881548
[TOTAL_GCS_MarkSweepCompact], Count, 1
[TOTAL_GC_TIME_MarkSweepCompact], Time(ms), 12
[TOTAL_GC_TIME_%_MarkSweepCompact], Time(%), 0.01825150574922431
[TOTAL_GCs], Count, 13
[TOTAL_GC_TIME], Time(ms), 69
[TOTAL_GC_TIME_%], Time(%), 0.10494615805803978
[CLEANUP], Operations, 128
[CLEANUP], AverageLatency(us), 17337.3125
[CLEANUP], MinLatency(us), 1
[CLEANUP], MaxLatency(us), 2220031
[CLEANUP], 95thPercentileLatency(us), 2
[CLEANUP], 99thPercentileLatency(us), 6
[INSERT], Operations, 2000
[INSERT], AverageLatency(us), 3962694.674
[INSERT], MinLatency(us), 4820
[INSERT], MaxLatency(us), 61210623
[INSERT], 95thPercentileLatency(us), 61014015
[INSERT], 99thPercentileLatency(us), 61177855
[INSERT], Return=OK, 2000
