[OVERALL], RunTime(ms), 4666
[OVERALL], Throughput(ops/sec), 214.3163309044149
[TOTAL_GCS_Copy], Count, 5
[TOTAL_GC_TIME_Copy], Time(ms), 25
[TOTAL_GC_TIME_%_Copy], Time(%), 0.5357908272610373
[TOTAL_GCS_MarkSweepCompact], Count, 1
[TOTAL_GC_TIME_MarkSweepCompact], Time(ms), 11
[TOTAL_GC_TIME_%_MarkSweepCompact], Time(%), 0.23574796399485642
[TOTAL_GCs], Count, 6
[TOTAL_GC_TIME], Time(ms), 36
[TOTAL_GC_TIME_%], Time(%), 0.7715387912558938
[READ], Operations, 522
[READ], AverageLatency(us), 26814.22988505747
[READ], MinLatency(us), 1183
[READ], MaxLatency(us), 241279
[READ], 95thPercentileLatency(us), 53151
[READ], 99thPercentileLatency(us), 222719
[READ], Return=OK, 522
[CLEANUP], Operations, 32
[CLEANUP], AverageLatency(us), 69665.125
[CLEANUP], MinLatency(us), 1
[CLEANUP], MaxLatency(us), 2230271
[CLEANUP], 95thPercentileLatency(us), 2
[CLEANUP], 99thPercentileLatency(us), 2230271
[UPDATE], Operations, 478
[UPDATE], AverageLatency(us), 32599.401673640168
[UPDATE], MinLatency(us), 4812
[UPDATE], MaxLatency(us), 244223
[UPDATE], 95thPercentileLatency(us), 65855
[UPDATE], 99thPercentileLatency(us), 230399
[UPDATE], Return=OK, 478
