[OVERALL], RunTime(ms), 5232
[OVERALL], Throughput(ops/sec), 382.262996941896
[TOTAL_GCS_Copy], Count, 7
[TOTAL_GC_TIME_Copy], Time(ms), 35
[TOTAL_GC_TIME_%_Copy], Time(%), 0.668960244648318
[TOTAL_GCS_MarkSweepCompact], Count, 1
[TOTAL_GC_TIME_MarkSweepCompact], Time(ms), 11
[TOTAL_GC_TIME_%_MarkSweepCompact], Time(%), 0.2102446483180428
[TOTAL_GCs], Count, 8
[TOTAL_GC_TIME], Time(ms), 46
[TOTAL_GC_TIME_%], Time(%), 0.8792048929663608
[CLEANUP], Operations, 32
[CLEANUP], AverageLatency(us), 69601.28125
[CLEANUP], MinLatency(us), 1
[CLEANUP], MaxLatency(us), 2228223
[CLEANUP], 95thPercentileLatency(us), 2
[CLEANUP], 99thPercentileLatency(us), 2228223
[INSERT], Operations, 2000
[INSERT], AverageLatency(us), 23112.612
[INSERT], MinLatency(us), 5252
[INSERT], MaxLatency(us), 237055
[INSERT], 95thPercentileLatency(us), 46495
[INSERT], 99thPercentileLatency(us), 192511
[INSERT], Return=OK, 2000
