[OVERALL], RunTime(ms), 5505
[OVERALL], Throughput(ops/sec), 544.9591280653951
[TOTAL_GCS_Copy], Count, 7
[TOTAL_GC_TIME_Copy], Time(ms), 38
[TOTAL_GC_TIME_%_Copy], Time(%), 0.6902815622161671
[TOTAL_GCS_MarkSweepCompact], Count, 1
[TOTAL_GC_TIME_MarkSweepCompact], Time(ms), 13
[TOTAL_GC_TIME_%_MarkSweepCompact], Time(%), 0.23614895549500456
[TOTAL_GCs], Count, 8
[TOTAL_GC_TIME], Time(ms), 51
[TOTAL_GC_TIME_%], Time(%), 0.9264305177111717
[READ], Operations, 3000
[READ], AverageLatency(us), 73570.76566666667
[READ], MinLatency(us), 1059
[READ], MaxLatency(us), 692735
[READ], 95thPercentileLatency(us), 171135
[READ], 99thPercentileLatency(us), 622591
[READ], Return=OK, 3000
[CLEANUP], Operations, 128
[CLEANUP], AverageLatency(us), 17369.1328125
[CLEANUP], MinLatency(us), 1
[CLEANUP], MaxLatency(us), 2224127
[CLEANUP], 95thPercentileLatency(us), 2
[CLEANUP], 99thPercentileLatency(us), 9
