[OVERALL], RunTime(ms), 7620
[OVERALL], Throughput(ops/sec), 393.7007874015748
[TOTAL_GCS_Copy], Count, 5
[TOTAL_GC_TIME_Copy], Time(ms), 29
[TOTAL_GC_TIME_%_Copy], Time(%), 0.3805774278215223
[TOTAL_GCS_MarkSweepCompact], Count, 1
[TOTAL_GC_TIME_MarkSweepCompact], Time(ms), 11
[TOTAL_GC_TIME_%_MarkSweepCompact], Time(%), 0.1443569553805774
[TOTAL_GCs], Count, 6
[TOTAL_GC_TIME], Time(ms), 40
[TOTAL_GC_TIME_%], Time(%), 0.5249343832020997
[READ], Operations, 1463
[READ], AverageLatency(us), 3446.2911825017086
[READ], MinLatency(us), 736
[READ], MaxLatency(us), 53119
[READ], 95thPercentileLatency(us), 5763
[READ], 99thPercentileLatency(us), 8215
[READ], Return=OK, 1463
[CLEANUP], Operations, 4
[CLEANUP], AverageLatency(us), 555779.25
[CLEANUP], MinLatency(us), 2
[CLEANUP], MaxLatency(us), 2224127
[CLEANUP], 95thPercentileLatency(us), 2224127
[CLEANUP], 99thPercentileLatency(us), 2224127
[UPDATE], Operations, 1537
[UPDATE], AverageLatency(us), 6668.552374756018
[UPDATE], MinLatency(us), 1796
[UPDATE], MaxLatency(us), 52767
[UPDATE], 95thPercentileLatency(us), 8727
[UPDATE], 99thPercentileLatency(us), 12215
[UPDATE], Return=OK, 1537
