[OVERALL], RunTime(ms), 82083
[OVERALL], Throughput(ops/sec), 24.365581180025096
[TOTAL_GCS_Copy], Count, 6
[TOTAL_GC_TIME_Copy], Time(ms), 33
[TOTAL_GC_TIME_%_Copy], Time(%), 0.04020320894704141
[TOTAL_GCS_MarkSweepCompact], Count, 1
[TOTAL_GC_TIME_MarkSweepCompact], Time(ms), 11
[TOTAL_GC_TIME_%_MarkSweepCompact], Time(%), 0.013401069649013803
[TOTAL_GCs], Count, 7
[TOTAL_GC_TIME], Time(ms), 44
[TOTAL_GC_TIME_%], Time(%), 0.05360427859605521
[CLEANUP], Operations, 1
[CLEANUP], AverageLatency(us), 2225152.0
[CLEANUP], MinLatency(us), 2224128
[CLEANUP], MaxLatency(us), 2226175
[CLEANUP], 95thPercentileLatency(us), 2226175
[CLEANUP], 99thPercentileLatency(us), 2226175
[INSERT], Operations, 2000
[INSERT], AverageLatency(us), 39096.6035
[INSERT], MinLatency(us), 3394
[INSERT], MaxLatency(us), 12181503
[INSERT], 95thPercentileLatency(us), 55743
[INSERT], 99thPercentileLatency(us), 70015
[INSERT], Return=OK, 2000
