[OVERALL], RunTime(ms), 4771
[OVERALL], Throughput(ops/sec), 209.5996646405366
[TOTAL_GCS_Copy], Count, 4
[TOTAL_GC_TIME_Copy], Time(ms), 23
[TOTAL_GC_TIME_%_Copy], Time(%), 0.4820792286732341
[TOTAL_GCS_MarkSweepCompact], Count, 1
[TOTAL_GC_TIME_MarkSweepCompact], Time(ms), 11
[TOTAL_GC_TIME_%_MarkSweepCompact], Time(%), 0.2305596311045902
[TOTAL_GCs], Count, 5
[TOTAL_GC_TIME], Time(ms), 34
[TOTAL_GC_TIME_%], Time(%), 0.7126388597778244
[READ], Operations, 1000
[READ], AverageLatency(us), 8110.139
[READ], MinLatency(us), 957
[READ], MaxLatency(us), 77311
[READ], 95thPercentileLatency(us), 15031
[READ], 99thPercentileLatency(us), 20303
[READ], Return=OK, 1000
[CLEANUP], Operations, 8
[CLEANUP], AverageLatency(us), 279169.375
[CLEANUP], MinLatency(us), 1
[CLEANUP], MaxLatency(us), 2234367
[CLEANUP], 95thPercentileLatency(us), 2234367
[CLEANUP], 99thPercentileLatency(us), 2234367
