[OVERALL], RunTime(ms), 45788
[OVERALL], Throughput(ops/sec), 131.03870009609506
[TOTAL_GCS_Copy], Count, 8
[TOTAL_GC_TIME_Copy], Time(ms), 35
[TOTAL_GC_TIME_%_Copy], Time(%), 0.07643924172272211
[TOTAL_GCS_MarkSweepCompact], Count, 1
[TOTAL_GC_TIME_MarkSweepCompact], Time(ms), 11
[TOTAL_GC_TIME_%_MarkSweepCompact], Time(%), 0.024023761684284092
[TOTAL_GCs], Count, 9
[TOTAL_GC_TIME], Time(ms), 46
[TOTAL_GC_TIME_%], Time(%), 0.10046300340700619
[READ], Operations, 6000
[READ], AverageLatency(us), 7000.253166666666
[READ], MinLatency(us), 639
[READ], MaxLatency(us), 12042239
[READ], 95thPercentileLatency(us), 9319
[READ], 99thPercentileLatency(us), 12319
[READ], Return=OK, 6000
[CLEANUP], Operations, 1
[CLEANUP], AverageLatency(us), 2221056.0
[CLEANUP], MinLatency(us), 2220032
[CLEANUP], MaxLatency(us), 2222079
[CLEANUP], 95thPercentileLatency(us), 2222079
[CLEANUP], 99thPercentileLatency(us), 2222079
