[OVERALL], RunTime(ms), 9466
[OVERALL], Throughput(ops/sec), 316.9237270230298
[TOTAL_GCS_Copy], Count, 6
[TOTAL_GC_TIME_Copy], Time(ms), 36
[TOTAL_GC_TIME_%_Copy], Time(%), 0.38030847242763577
[TOTAL_GCS_MarkSweepCompact], Count, 1
[TOTAL_GC_TIME_MarkSweepCompact], Time(ms), 11
[TOTAL_GC_TIME_%_MarkSweepCompact], Time(%), 0.11620536657511094
[TOTAL_GCs], Count, 7
[TOTAL_GC_TIME], Time(ms), 47
[TOTAL_GC_TIME_%], Time(%), 0.4965138390027467
[READ], Operations, 2843
[READ], AverageLatency(us), 13922.283151600423
[READ], MinLatency(us), 1026
[READ], MaxLatency(us), 99647
[READ], 95thPercentileLatency(us), 21151
[READ], 99thPercentileLatency(us), 33919
[READ], Return=OK, 2843
[CLEANUP], Operations, 8
[CLEANUP], AverageLatency(us), 278146.75
[CLEANUP], MinLatency(us), 1
[CLEANUP], MaxLatency(us), 2226175
[CLEANUP], 95thPercentileLatency(us), 2226175
[CLEANUP], 99thPercentileLatency(us), 2226175
[INSERT], Operations, 157
[INSERT], AverageLatency(us), 34101.732484076434
[INSERT], MinLatency(us), 12560
[INSERT], MaxLatency(us), 79167
[INSERT], 95thPercentileLatency(us), 55487
[INSERT], 99thPercentileLatency(us), 68415
[INSERT], Return=OK, 157
