[OVERALL], RunTime(ms), 36958
[OVERALL], Throughput(ops/sec), 54.11548243952595
[TOTAL_GCS_Copy], Count, 6
[TOTAL_GC_TIME_Copy], Time(ms), 42
[TOTAL_GC_TIME_%_Copy], Time(%), 0.1136425131230045
[TOTAL_GCS_MarkSweepCompact], Count, 1
[TOTAL_GC_TIME_MarkSweepCompact], Time(ms), 13
[TOTAL_GC_TIME_%_MarkSweepCompact], Time(%), 0.03517506358569187
[TOTAL_GCs], Count, 7
[TOTAL_GC_TIME], Time(ms), 55
[TOTAL_GC_TIME_%], Time(%), 0.14881757670869636
[CLEANUP], Operations, 2
[CLEANUP], AverageLatency(us), 1109508.0
[CLEANUP], MinLatency(us), 8
[CLEANUP], MaxLatency(us), 2220031
[CLEANUP], 95thPercentileLatency(us), 2220031
[CLEANUP], 99thPercentileLatency(us), 2220031
[INSERT], Operations, 2000
[INSERT], AverageLatency(us), 32935.96
[INSERT], MinLatency(us), 3282
[INSERT], MaxLatency(us), 12124159
[INSERT], 95thPercentileLatency(us), 46367
[INSERT], 99thPercentileLatency(us), 54943
[INSERT], Return=OK, 2000
