[OVERALL], RunTime(ms), 6045
[OVERALL], Throughput(ops/sec), 496.27791563275434
[TOTAL_GCS_Copy], Count, 7
[TOTAL_GC_TIME_Copy], Time(ms), 39
[TOTAL_GC_TIME_%_Copy], Time(%), 0.6451612903225806
[TOTAL_GCS_MarkSweepCompact], Count, 1
[TOTAL_GC_TIME_MarkSweepCompact], Time(ms), 11
[TOTAL_GC_TIME_%_MarkSweepCompact], Time(%), 0.18196856906534326
[TOTAL_GCs], Count, 8
[TOTAL_GC_TIME], Time(ms), 50
[TOTAL_GC_TIME_%], Time(%), 0.8271298593879239
[READ], Operations, 2843
[READ], AverageLatency(us), 21161.44917340837
[READ], MinLatency(us), 1330
[READ], MaxLatency(us), 240511
[READ], 95thPercentileLatency(us), 38015
[READ], 99thPercentileLatency(us), 150143
[READ], Return=OK, 2843
[CLEANUP], Operations, 32
[CLEANUP], AverageLatency(us), 69602.34375
[CLEANUP], MinLatency(us), 1
[CLEANUP], MaxLatency(us), 2228223
[CLEANUP], 95thPercentileLatency(us), 6
[CLEANUP], 99thPercentileLatency(us), 2228223
[INSERT], Operations, 157
[INSERT], AverageLatency(us), 50830.16560509554
[INSERT], MinLatency(us), 19040
[INSERT], MaxLatency(us), 208767
[INSERT], 95thPercentileLatency(us), 89727
[INSERT], 99thPercentileLatency(us), 119039
[INSERT], Return=OK, 157
