[OVERALL], RunTime(ms), 41093
[OVERALL], Throughput(ops/sec), 48.67008979631567
[TOTAL_GCS_Copy], Count, 6
[TOTAL_GC_TIME_Copy], Time(ms), 32
[TOTAL_GC_TIME_%_Copy], Time(%), 0.07787214367410508
[TOTAL_GCS_MarkSweepCompact], Count, 1
[TOTAL_GC_TIME_MarkSweepCompact], Time(ms), 13
[TOTAL_GC_TIME_%_MarkSweepCompact], Time(%), 0.03163555836760519
[TOTAL_GCs], Count, 7
[TOTAL_GC_TIME], Time(ms), 45
[TOTAL_GC_TIME_%], Time(%), 0.10950770204171027
[CLEANUP], Operations, 2
[CLEANUP], AverageLatency(us), 1113604.0
[CLEANUP], MinLatency(us), 8
[CLEANUP], MaxLatency(us), 2228223
[CLEANUP], 95thPercentileLatency(us), 2228223
[CLEANUP], 99thPercentileLatency(us), 2228223
[INSERT], Operations, 2000
[INSERT], AverageLatency(us), 37311.061
[INSERT], MinLatency(us), 4704
[INSERT], MaxLatency(us), 96063
[INSERT], 95thPercentileLatency(us), 65023
[INSERT], 99thPercentileLatency(us), 81599
[INSERT], Return=OK, 2000
