[OVERALL], RunTime(ms), 7465
[OVERALL], Throughput(ops/sec), 669.7923643670462
[TOTAL_GCS_Copy], Count, 6
[TOTAL_GC_TIME_Copy], Time(ms), 36
[TOTAL_GC_TIME_%_Copy], Time(%), 0.48225050234427325
[TOTAL_GCS_MarkSweepCompact], Count, 1
[TOTAL_GC_TIME_MarkSweepCompact], Time(ms), 11
[TOTAL_GC_TIME_%_MarkSweepCompact], Time(%), 0.14735432016075017
[TOTAL_GCs], Count, 7
[TOTAL_GC_TIME], Time(ms), 47
[TOTAL_GC_TIME_%], Time(%), 0.6296048225050235
[READ], Operations, 2507
[READ], AverageLatency(us), 4009.8181092939767
[READ], MinLatency(us), 902
[READ], MaxLatency(us), 101183
[READ], 95thPercentileLatency(us), 7823
[READ], 99thPercentileLatency(us), 13079
[READ], Return=OK, 2507
[CLEANUP], Operations, 8
[CLEANUP], AverageLatency(us), 278658.625
[CLEANUP], MinLatency(us), 2
[CLEANUP], MaxLatency(us), 2230271
[CLEANUP], 95thPercentileLatency(us), 2230271
[CLEANUP], 99thPercentileLatency(us), 2230271
[UPDATE], Operations, 2493
[UPDATE], AverageLatency(us), 7813.6534296028885
[UPDATE], MinLatency(us), 4376
[UPDATE], MaxLatency(us), 93887
[UPDATE], 95thPercentileLatency(us), 11063
[UPDATE], 99thPercentileLatency(us), 16279
[UPDATE], Return=OK, 2493
