[OVERALL], RunTime(ms), 5430
[OVERALL], Throughput(ops/sec), 184.1620626151013
[TOTAL_GCS_Copy], Count, 20
[TOTAL_GC_TIME_Copy], Time(ms), 55
[TOTAL_GC_TIME_%_Copy], Time(%), 1.0128913443830572
[TOTAL_GCS_MarkSweepCompact], Count, 1
[TOTAL_GC_TIME_MarkSweepCompact], Time(ms), 11
[TOTAL_GC_TIME_%_MarkSweepCompact], Time(%), 0.20257826887661143
[TOTAL_GCs], Count, 21
[TOTAL_GC_TIME], Time(ms), 66
[TOTAL_GC_TIME_%], Time(%), 1.2154696132596685
[CLEANUP], Operations, 64
[CLEANUP], AverageLatency(us), 34833.953125
[CLEANUP], MinLatency(us), 1
[CLEANUP], MaxLatency(us), 2230271
[CLEANUP], 95thPercentileLatency(us), 3
[CLEANUP], 99thPercentileLatency(us), 28
[INSERT], Operations, 46
[INSERT], AverageLatency(us), 109511.30434782608
[INSERT], MinLatency(us), 10784
[INSERT], MaxLatency(us), 436479
[INSERT], 95thPercentileLatency(us), 312575
[INSERT], 99thPercentileLatency(us), 436479
[INSERT], Return=OK, 46
[SCAN], Operations, 954
[SCAN], AverageLatency(us), 98843.64360587002
[SCAN], MinLatency(us), 5004
[SCAN], MaxLatency(us), 601599
[SCAN], 95thPercentileLatency(us), 324607
[SCAN], 99thPercentileLatency(us), 479743
[SCAN], Return=OK, 954
