[OVERALL], RunTime(ms), 5602
[OVERALL], Throughput(ops/sec), 535.5230274901821
[TOTAL_GCS_Copy], Count, 8
[TOTAL_GC_TIME_Copy], Time(ms), 36
[TOTAL_GC_TIME_%_Copy], Time(%), 0.6426276329882185
[TOTAL_GCS_MarkSweepCompact], Count, 1
[TOTAL_GC_TIME_MarkSweepCompact], Time(ms), 12
[TOTAL_GC_TIME_%_MarkSweepCompact], Time(%), 0.21420921099607285
[TOTAL_GCs], Count, 9
[TOTAL_GC_TIME], Time(ms), 48
[TOTAL_GC_TIME_%], Time(%), 0.8568368439842914
[READ], Operations, 3000
[READ], AverageLatency(us), 39274.308666666664
[READ], MinLatency(us), 977
[READ], MaxLatency(us), 464127
[READ], 95thPercentileLatency(us), 89791
[READ], 99thPercentileLatency(us), 348159
[READ], Return=OK, 3000
[CLEANUP], Operations, 64
[CLEANUP], AverageLatency(us), 34865.171875
[CLEANUP], MinLatency(us), 1
[CLEANUP], MaxLatency(us), 2232319
[CLEANUP], 95thPercentileLatency(us), 2
[CLEANUP], 99thPercentileLatency(us), 6
