[OVERALL], RunTime(ms), 6687
[OVERALL], Throughput(ops/sec), 299.0877822640945
[TOTAL_GCS_Copy], Count, 7
[TOTAL_GC_TIME_Copy], Time(ms), 35
[TOTAL_GC_TIME_%_Copy], Time(%), 0.5234036189621655
[TOTAL_GCS_MarkSweepCompact], Count, 1
[TOTAL_GC_TIME_MarkSweepCompact], Time(ms), 12
[TOTAL_GC_TIME_%_MarkSweepCompact], Time(%), 0.1794526693584567
[TOTAL_GCs], Count, 8
[TOTAL_GC_TIME], Time(ms), 47
[TOTAL_GC_TIME_%], Time(%), 0.7028562883206221
[CLEANUP], Operations, 32
[CLEANUP], AverageLatency(us), 69666.0625
[CLEANUP], MinLatency(us), 1
[CLEANUP], MaxLatency(us), 2230271
[CLEANUP], 95thPercentileLatency(us), 3
[CLEANUP], 99thPercentileLatency(us), 2230271
[INSERT], Operations, 2000
[INSERT], AverageLatency(us), 45554.1
[INSERT], MinLatency(us), 20704
[INSERT], MaxLatency(us), 246783
[INSERT], 95thPercentileLatency(us), 67135
[INSERT], 99thPercentileLatency(us), 195967
[INSERT], Return=OK, 2000
