[OVERALL], RunTime(ms), 5345
[OVERALL], Throughput(ops/sec), 374.1814780168382
[TOTAL_GCS_Copy], Count, 6
[TOTAL_GC_TIME_Copy], Time(ms), 33
[TOTAL_GC_TIME_%_Copy], Time(%), 0.617399438727783
[TOTAL_GCS_MarkSweepCompact], Count, 1
[TOTAL_GC_TIME_MarkSweepCompact], Time(ms), 12
[TOTAL_GC_TIME_%_MarkSweepCompact], Time(%), 0.22450888681010292
[TOTAL_GCs], Count, 7
[TOTAL_GC_TIME], Time(ms), 45
[TOTAL_GC_TIME_%], Time(%), 0.841908325537886
[READ], Operations, 2000
[READ], AverageLatency(us), 23983.391
[READ], MinLatency(us), 1399
[READ], MaxLatency(us), 280063
[READ], 95thPercentileLatency(us), 50847
[READ], 99thPercentileLatency(us), 202623
[READ], Return=OK, 2000
[CLEANUP], Operations, 32
[CLEANUP], AverageLatency(us), 69665.625
[CLEANUP], MinLatency(us), 1
[CLEANUP], MaxLatency(us), 2230271
[CLEANUP], 95thPercentileLatency(us), 3
[CLEANUP], 99thPercentileLatency(us), 2230271
