[OVERALL], RunTime(ms), 14874
[OVERALL], Throughput(ops/sec), 201.6942315449778
[TOTAL_GCS_Copy], Count, 6
[TOTAL_GC_TIME_Copy], Time(ms), 37
[TOTAL_GC_TIME_%_Copy], Time(%), 0.24875621890547264
[TOTAL_GCS_MarkSweepCompact], Count, 1
[TOTAL_GC_TIME_MarkSweepCompact], Time(ms), 11
[TOTAL_GC_TIME_%_MarkSweepCompact], Time(%), 0.07395455156649186
[TOTAL_GCs], Count, 7
[TOTAL_GC_TIME], Time(ms), 48
[TOTAL_GC_TIME_%], Time(%), 0.3227107704719645
[READ], Operations, 2863
[READ], AverageLatency(us), 13979.118057981139
[READ], MinLatency(us), 689
[READ], MaxLatency(us), 82879
[READ], 95thPercentileLatency(us), 20479
[READ], 99thPercentileLatency(us), 32239
[READ], Return=OK, 2863
[CLEANUP], Operations, 4
[CLEANUP], AverageLatency(us), 557315.5
[CLEANUP], MinLatency(us), 3
[CLEANUP], MaxLatency(us), 2230271
[CLEANUP], 95thPercentileLatency(us), 2230271
[CLEANUP], 99thPercentileLatency(us), 2230271
[INSERT], Operations, 137
[INSERT], AverageLatency(us), 31424.058394160584
[INSERT], MinLatency(us), 18816
[INSERT], MaxLatency(us), 61759
[INSERT], 95thPercentileLatency(us), 38623
[INSERT], 99thPercentileLatency(us), 45695
[INSERT], Return=OK, 137
