[OVERALL], RunTime(ms), 84790
[OVERALL], Throughput(ops/sec), 23.587687227267367
[TOTAL_GCS_Copy], Count, 6
[TOTAL_GC_TIME_Copy], Time(ms), 32
[TOTAL_GC_TIME_%_Copy], Time(%), 0.03774029956362778
[TOTAL_GCS_MarkSweepCompact], Count, 1
[TOTAL_GC_TIME_MarkSweepCompact], Time(ms), 11
[TOTAL_GC_TIME_%_MarkSweepCompact], Time(%), 0.012973227974997052
[TOTAL_GCs], Count, 7
[TOTAL_GC_TIME], Time(ms), 43
[TOTAL_GC_TIME_%], Time(%), 0.050713527538624834
[CLEANUP], Operations, 1
[CLEANUP], AverageLatency(us), 2221056.0
[CLEANUP], MinLatency(us), 2220032
[CLEANUP], MaxLatency(us), 2222079
[CLEANUP], 95thPercentileLatency(us), 2222079
[CLEANUP], 99thPercentileLatency(us), 2222079
[INSERT], Operations, 2000
[INSERT], AverageLatency(us), 40511.2675
[INSERT], MinLatency(us), 2384
[INSERT], MaxLatency(us), 12197887
[INSERT], 95thPercentileLatency(us), 53247
[INSERT], 99thPercentileLatency(us), 65119
[INSERT], Return=OK, 2000
