[OVERALL], RunTime(ms), 91968
[OVERALL], Throughput(ops/sec), 65.24008350730689
[TOTAL_GCS_Copy], Count, 8
[TOTAL_GC_TIME_Copy], Time(ms), 39
[TOTAL_GC_TIME_%_Copy], Time(%), 0.04240605427974948
[TOTAL_GCS_MarkSweepCompact], Count, 1
[TOTAL_GC_TIME_MarkSweepCompact], Time(ms), 11
[TOTAL_GC_TIME_%_MarkSweepCompact], Time(%), 0.011960681976339597
[TOTAL_GCs], Count, 9
[TOTAL_GC_TIME], Time(ms), 50
[TOTAL_GC_TIME_%], Time(%), 0.05436673625608908
[READ], Operations, 5690
[READ], AverageLatency(us), 14121.975746924429
[READ], MinLatency(us), 632
[READ], MaxLatency(us), 12132351
[READ], 95thPercentileLatency(us), 18991
[READ], 99thPercentileLatency(us), 21167
[READ], Return=OK, 5690
[READ], Return=NOT_FOUND, 1
[CLEANUP], Operations, 1
[CLEANUP], AverageLatency(us), 2225152.0
[CLEANUP], MinLatency(us), 2224128
[CLEANUP], MaxLatency(us), 2226175
[CLEANUP], 95thPercentileLatency(us), 2226175
[CLEANUP], 99thPercentileLatency(us), 2226175
[INSERT], Operations, 309
[INSERT], AverageLatency(us), 25188.229773462783
[INSERT], MinLatency(us), 3804
[INSERT], MaxLatency(us), 56159
[INSERT], 95thPercentileLatency(us), 37823
[INSERT], 99thPercentileLatency(us), 40383
[INSERT], Return=OK, 309
[READ-FAILED], Operations, 1
[READ-FAILED], AverageLatency(us), 1996.0
[READ-FAILED], MinLatency(us), 1996
[READ-FAILED], MaxLatency(us), 1996
[READ-FAILED], 95thPercentileLatency(us), 1996
[READ-FAILED], 99thPercentileLatency(us), 1996
