[OVERALL], RunTime(ms), 5344
[OVERALL], Throughput(ops/sec), 374.251497005988
[TOTAL_GCS_Copy], Count, 7
[TOTAL_GC_TIME_Copy], Time(ms), 35
[TOTAL_GC_TIME_%_Copy], Time(%), 0.654940119760479
[TOTAL_GCS_MarkSweepCompact], Count, 1
[TOTAL_GC_TIME_MarkSweepCompact], Time(ms), 12
[TOTAL_GC_TIME_%_MarkSweepCompact], Time(%), 0.2245508982035928
[TOTAL_GCs], Count, 8
[TOTAL_GC_TIME], Time(ms), 47
[TOTAL_GC_TIME_%], Time(%), 0.8794910179640718
[CLEANUP], Operations, 16
[CLEANUP], AverageLatency(us), 139201.5625
[CLEANUP], MinLatency(us), 1
[CLEANUP], MaxLatency(us), 2228223
[CLEANUP], 95thPercentileLatency(us), 6
[CLEANUP], 99thPercentileLatency(us), 2228223
[INSERT], Operations, 2000
[INSERT], AverageLatency(us), 12999.202
[INSERT], MinLatency(us), 1709
[INSERT], MaxLatency(us), 167935
[INSERT], 95thPercentileLatency(us), 38399
[INSERT], 99thPercentileLatency(us), 64415
[INSERT], Return=OK, 2000
