[OVERALL], RunTime(ms), 5291
[OVERALL], Throughput(ops/sec), 189.000189000189
[TOTAL_GCS_Copy], Count, 4
[TOTAL_GC_TIME_Copy], Time(ms), 23
[TOTAL_GC_TIME_%_Copy], Time(%), 0.4347004347004347
[TOTAL_GCS_MarkSweepCompact], Count, 1
[TOTAL_GC_TIME_MarkSweepCompact], Time(ms), 11
[TOTAL_GC_TIME_%_MarkSweepCompact], Time(%), 0.2079002079002079
[TOTAL_GCs], Count, 5
[TOTAL_GC_TIME], Time(ms), 34
[TOTAL_GC_TIME_%], Time(%), 0.6426006426006426
[READ], Operations, 495
[READ], AverageLatency(us), 4138.385858585859
[READ], MinLatency(us), 1164
[READ], MaxLatency(us), 70463
[READ], 95thPercentileLatency(us), 7451
[READ], 99thPercentileLatency(us), 9591
[READ], Return=OK, 495
[CLEANUP], Operations, 4
[CLEANUP], AverageLatency(us), 556290.75
[CLEANUP], MinLatency(us), 1
[CLEANUP], MaxLatency(us), 2226175
[CLEANUP], 95thPercentileLatency(us), 2226175
[CLEANUP], 99thPercentileLatency(us), 2226175
[UPDATE], Operations, 505
[UPDATE], AverageLatency(us), 7760.483168316831
[UPDATE], MinLatency(us), 2536
[UPDATE], MaxLatency(us), 53215
[UPDATE], 95thPercentileLatency(us), 11055
[UPDATE], 99thPercentileLatency(us), 21375
[UPDATE], Return=OK, 505
