[OVERALL], RunTime(ms), 18176
[OVERALL], Throughput(ops/sec), 330.1056338028169
[TOTAL_GCS_Copy], Count, 13
[TOTAL_GC_TIME_Copy], Time(ms), 50
[TOTAL_GC_TIME_%_Copy], Time(%), 0.27508802816901406
[TOTAL_GCS_MarkSweepCompact], Count, 1
[TOTAL_GC_TIME_MarkSweepCompact], Time(ms), 13
[TOTAL_GC_TIME_%_MarkSweepCompact], Time(%), 0.07152288732394367
[TOTAL_GCs], Count, 14
[TOTAL_GC_TIME], Time(ms), 63
[TOTAL_GC_TIME_%], Time(%), 0.34661091549295775
[READ], Operations, 6000
[READ], AverageLatency(us), 305950.0133333333
[READ], MinLatency(us), 1164
[READ], MaxLatency(us), 12771327
[READ], 95thPercentileLatency(us), 115519
[READ], 99thPercentileLatency(us), 12656639
[READ], Return=OK, 6000
[CLEANUP], Operations, 128
[CLEANUP], AverageLatency(us), 17401.5
[CLEANUP], MinLatency(us), 1
[CLEANUP], MaxLatency(us), 2228223
[CLEANUP], 95thPercentileLatency(us), 2
[CLEANUP], 99thPercentileLatency(us), 7
