[OVERALL], RunTime(ms), 6141
[OVERALL], Throughput(ops/sec), 977.0395701025892
[TOTAL_GCS_Copy], Count, 13
[TOTAL_GC_TIME_Copy], Time(ms), 48
[TOTAL_GC_TIME_%_Copy], Time(%), 0.7816316560820713
[TOTAL_GCS_MarkSweepCompact], Count, 1
[TOTAL_GC_TIME_MarkSweepCompact], Time(ms), 12
[TOTAL_GC_TIME_%_MarkSweepCompact], Time(%), 0.19540791402051783
[TOTAL_GCs], Count, 14
[TOTAL_GC_TIME], Time(ms), 60
[TOTAL_GC_TIME_%], Time(%), 0.9770395701025891
[READ], Operations, 5717
[READ], AverageLatency(us), 48839.76823508833
[READ], MinLatency(us), 828
[READ], MaxLatency(us), 692223
[READ], 95thPercentileLatency(us), 128383
[READ], 99thPercentileLatency(us), 550399
[READ], Return=OK, 5717
[CLEANUP], Operations, 128
[CLEANUP], AverageLatency(us), 17433.828125
[CLEANUP], MinLatency(us), 1
[CLEANUP], MaxLatency(us), 2232319
[CLEANUP], 95thPercentileLatency(us), 2
[CLEANUP], 99thPercentileLatency(us), 10
[UPDATE], Operations, 283
[UPDATE], AverageLatency(us), 62755.229681978795
[UPDATE], MinLatency(us), 2870
[UPDATE], MaxLatency(us), 579583
[UPDATE], 95thPercentileLatency(us), 221439
[UPDATE], 99thPercentileLatency(us), 465919
[UPDATE], Return=OK, 283
