[OVERALL], RunTime(ms), 5286
[OVERALL], Throughput(ops/sec), 378.35792659856224
[TOTAL_GCS_Copy], Count, 7
[TOTAL_GC_TIME_Copy], Time(ms), 38
[TOTAL_GC_TIME_%_Copy], Time(%), 0.7188800605372683
[TOTAL_GCS_MarkSweepCompact], Count, 1
[TOTAL_GC_TIME_MarkSweepCompact], Time(ms), 11
[TOTAL_GC_TIME_%_MarkSweepCompact], Time(%), 0.20809685962920924
[TOTAL_GCs], Count, 8
[TOTAL_GC_TIME], Time(ms), 49
[TOTAL_GC_TIME_%], Time(%), 0.9269769201664774
[CLEANUP], Operations, 16
[CLEANUP], AverageLatency(us), 139201.6875
[CLEANUP], MinLatency(us), 1
[CLEANUP], MaxLatency(us), 2228223
[CLEANUP], 95thPercentileLatency(us), 6
[CLEANUP], 99thPercentileLatency(us), 2228223
[INSERT], Operations, 2000
[INSERT], AverageLatency(us), 12490.4685
[INSERT], MinLatency(us), 4024
[INSERT], MaxLatency(us), 147711
[INSERT], 95thPercentileLatency(us), 25743
[INSERT], 99thPercentileLatency(us), 55199
[INSERT], Return=OK, 2000
