[OVERALL], RunTime(ms), 33980
[OVERALL], Throughput(ops/sec), 58.85815185403178
[TOTAL_GCS_Copy], Count, 6
[TOTAL_GC_TIME_Copy], Time(ms), 37
[TOTAL_GC_TIME_%_Copy], Time(%), 0.1088875809299588
[TOTAL_GCS_MarkSweepCompact], Count, 1
[TOTAL_GC_TIME_MarkSweepCompact], Time(ms), 11
[TOTAL_GC_TIME_%_MarkSweepCompact], Time(%), 0.03237198351971748
[TOTAL_GCs], Count, 7
[TOTAL_GC_TIME], Time(ms), 48
[TOTAL_GC_TIME_%], Time(%), 0.14125956444967627
[CLEANUP], Operations, 2
[CLEANUP], AverageLatency(us), 1108484.0
[CLEANUP], MinLatency(us), 8
[CLEANUP], MaxLatency(us), 2217983
[CLEANUP], 95thPercentileLatency(us), 2217983
[CLEANUP], 99thPercentileLatency(us), 2217983
[INSERT], Operations, 2000
[INSERT], AverageLatency(us), 30075.7745
[INSERT], MinLatency(us), 1829
[INSERT], MaxLatency(us), 12148735
[INSERT], 95thPercentileLatency(us), 43999
[INSERT], 99thPercentileLatency(us), 49087
[INSERT], Return=OK, 2000
