[OVERALL], RunTime(ms), 53021
[OVERALL], Throughput(ops/sec), 37.72090303841874
[TOTAL_GCS_Copy], Count, 6
[TOTAL_GC_TIME_Copy], Time(ms), 36
[TOTAL_GC_TIME_%_Copy], Time(%), 0.06789762546915373
[TOTAL_GCS_MarkSweepCompact], Count, 1
[TOTAL_GC_TIME_MarkSweepCompact], Time(ms), 11
[TOTAL_GC_TIME_%_MarkSweepCompact], Time(%), 0.020746496671130307
[TOTAL_GCs], Count, 7
[TOTAL_GC_TIME], Time(ms), 47
[TOTAL_GC_TIME_%], Time(%), 0.08864412214028404
[CLEANUP], Operations, 2
[CLEANUP], AverageLatency(us), 1108484.5
[CLEANUP], MinLatency(us), 9
[CLEANUP], MaxLatency(us), 2217983
[CLEANUP], 95thPercentileLatency(us), 2217983
[CLEANUP], 99thPercentileLatency(us), 2217983
[INSERT], Operations, 2000
[INSERT], AverageLatency(us), 49067.9675
[INSERT], MinLatency(us), 3544
[INSERT], MaxLatency(us), 12132351
[INSERT], 95thPercentileLatency(us), 71167
[INSERT], 99thPercentileLatency(us), 85631
[INSERT], Return=OK, 2000
