[OVERALL], RunTime(ms), 31000
[OVERALL], Throughput(ops/sec), 96.7741935483871
[TOTAL_GCS_Copy], Count, 7
[TOTAL_GC_TIME_Copy], Time(ms), 37
[TOTAL_GC_TIME_%_Copy], Time(%), 0.11935483870967742
[TOTAL_GCS_MarkSweepCompact], Count, 1
[TOTAL_GC_TIME_MarkSweepCompact], Time(ms), 11
[TOTAL_GC_TIME_%_MarkSweepCompact], Time(%), 0.035483870967741936
[TOTAL_GCs], Count, 8
[TOTAL_GC_TIME], Time(ms), 48
[TOTAL_GC_TIME_%], Time(%), 0.15483870967741936
[READ], Operations, 2863
[READ], AverageLatency(us), 141500.5284666434
[READ], MinLatency(us), 1413
[READ], MaxLatency(us), 24330239
[READ], 95thPercentileLatency(us), 22815
[READ], 99thPercentileLatency(us), 30863
[READ], Return=OK, 2863
[CLEANUP], Operations, 16
[CLEANUP], AverageLatency(us), 139074.625
[CLEANUP], MinLatency(us), 2
[CLEANUP], MaxLatency(us), 2226175
[CLEANUP], 95thPercentileLatency(us), 7
[CLEANUP], 99thPercentileLatency(us), 2226175
[INSERT], Operations, 137
[INSERT], AverageLatency(us), 213274.5109489051
[INSERT], MinLatency(us), 19456
[INSERT], MaxLatency(us), 24231935
[INSERT], 95thPercentileLatency(us), 58175
[INSERT], 99thPercentileLatency(us), 77951
[INSERT], Return=OK, 137
