[OVERALL], RunTime(ms), 5256
[OVERALL], Throughput(ops/sec), 380.517503805175
[TOTAL_GCS_Copy], Count, 7
[TOTAL_GC_TIME_Copy], Time(ms), 35
[TOTAL_GC_TIME_%_Copy], Time(%), 0.6659056316590563
[TOTAL_GCS_MarkSweepCompact], Count, 1
[TOTAL_GC_TIME_MarkSweepCompact], Time(ms), 12
[TOTAL_GC_TIME_%_MarkSweepCompact], Time(%), 0.228310502283105
[TOTAL_GCs], Count, 8
[TOTAL_GC_TIME], Time(ms), 47
[TOTAL_GC_TIME_%], Time(%), 0.8942161339421613
[CLEANUP], Operations, 32
[CLEANUP], AverageLatency(us), 69729.21875
[CLEANUP], MinLatency(us), 1
[CLEANUP], MaxLatency(us), 2232319
[CLEANUP], 95thPercentileLatency(us), 2
[CLEANUP], 99thPercentileLatency(us), 2232319
[INSERT], Operations, 2000
[INSERT], AverageLatency(us), 24734.5075
[INSERT], MinLatency(us), 2172
[INSERT], MaxLatency(us), 298751
[INSERT], 95thPercentileLatency(us), 55071
[INSERT], 99thPercentileLatency(us), 228991
[INSERT], Return=OK, 2000
