[OVERALL], RunTime(ms), 29024
[OVERALL], Throughput(ops/sec), 34.454244762954794
[TOTAL_GCS_Copy], Count, 10
[TOTAL_GC_TIME_Copy], Time(ms), 41
[TOTAL_GC_TIME_%_Copy], Time(%), 0.14126240352811467
[TOTAL_GCS_MarkSweepCompact], Count, 1
[TOTAL_GC_TIME_MarkSweepCompact], Time(ms), 12
[TOTAL_GC_TIME_%_MarkSweepCompact], Time(%), 0.041345093715545754
[TOTAL_GCs], Count, 11
[TOTAL_GC_TIME], Time(ms), 53
[TOTAL_GC_TIME_%], Time(%), 0.1826074972436604
[READ], Operations, 944
[READ], AverageLatency(us), 3221096.0137711866
[READ], MinLatency(us), 2930
[READ], MaxLatency(us), 24838143
[READ], 95thPercentileLatency(us), 24739839
[READ], 99thPercentileLatency(us), 24805375
[READ], Return=OK, 944
[CLEANUP], Operations, 128
[CLEANUP], AverageLatency(us), 17401.03125
[CLEANUP], MinLatency(us), 1
[CLEANUP], MaxLatency(us), 2228223
[CLEANUP], 95thPercentileLatency(us), 1
[CLEANUP], 99thPercentileLatency(us), 5
[INSERT], Operations, 56
[INSERT], AverageLatency(us), 3173347.8571428573
[INSERT], MinLatency(us), 24816
[INSERT], MaxLatency(us), 24854527
[INSERT], 95thPercentileLatency(us), 24690687
[INSERT], 99thPercentileLatency(us), 24788991
[INSERT], Return=OK, 56
