[OVERALL], RunTime(ms), 9136
[OVERALL], Throughput(ops/sec), 656.7425569176883
[TOTAL_GCS_Copy], Count, 7
[TOTAL_GC_TIME_Copy], Time(ms), 45
[TOTAL_GC_TIME_%_Copy], Time(%), 0.49255691768826615
[TOTAL_GCS_MarkSweepCompact], Count, 1
[TOTAL_GC_TIME_MarkSweepCompact], Time(ms), 13
[TOTAL_GC_TIME_%_MarkSweepCompact], Time(%), 0.14229422066549913
[TOTAL_GCs], Count, 8
[TOTAL_GC_TIME], Time(ms), 58
[TOTAL_GC_TIME_%], Time(%), 0.6348511383537653
[READ], Operations, 3059
[READ], AverageLatency(us), 781.7286694998365
[READ], MinLatency(us), 471
[READ], MaxLatency(us), 13399
[READ], 95thPercentileLatency(us), 1464
[READ], 99thPercentileLatency(us), 3395
[READ], Return=OK, 3059
[CLEANUP], Operations, 1
[CLEANUP], AverageLatency(us), 2231296.0
[CLEANUP], MinLatency(us), 2230272
[CLEANUP], MaxLatency(us), 2232319
[CLEANUP], 95thPercentileLatency(us), 2232319
[CLEANUP], 99thPercentileLatency(us), 2232319
[UPDATE], Operations, 2941
[UPDATE], AverageLatency(us), 982.9279156749406
[UPDATE], MinLatency(us), 643
[UPDATE], MaxLatency(us), 36351
[UPDATE], 95thPercentileLatency(us), 1525
[UPDATE], 99thPercentileLatency(us), 3649
[UPDATE], Return=OK, 2941
