[OVERALL], RunTime(ms), 5420
[OVERALL], Throughput(ops/sec), 369.00369003690037
[TOTAL_GCS_Copy], Count, 8
[TOTAL_GC_TIME_Copy], Time(ms), 37
[TOTAL_GC_TIME_%_Copy], Time(%), 0.6826568265682658
[TOTAL_GCS_MarkSweepCompact], Count, 1
[TOTAL_GC_TIME_MarkSweepCompact], Time(ms), 12
[TOTAL_GC_TIME_%_MarkSweepCompact], Time(%), 0.22140221402214022
[TOTAL_GCs], Count, 9
[TOTAL_GC_TIME], Time(ms), 49
[TOTAL_GC_TIME_%], Time(%), 0.904059040590406
[CLEANUP], Operations, 64
[CLEANUP], AverageLatency(us), 34801.390625
[CLEANUP], MinLatency(us), 1
[CLEANUP], MaxLatency(us), 2228223
[CLEANUP], 95thPercentileLatency(us), 2
[CLEANUP], 99thPercentileLatency(us), 5
[INSERT], Operations, 2000
[INSERT], AverageLatency(us), 52316.36
[INSERT], MinLatency(us), 21712
[INSERT], MaxLatency(us), 440575
[INSERT], 95thPercentileLatency(us), 79999
[INSERT], 99thPercentileLatency(us), 394495
[INSERT], Return=OK, 2000
