[OVERALL], RunTime(ms), 9744
[OVERALL], Throughput(ops/sec), 205.2545155993432
[TOTAL_GCS_Copy], Count, 7
[TOTAL_GC_TIME_Copy], Time(ms), 33
[TOTAL_GC_TIME_%_Copy], Time(%), 0.33866995073891626
[TOTAL_GCS_MarkSweepCompact], Count, 1
[TOTAL_GC_TIME_MarkSweepCompact], Time(ms), 11
[TOTAL_GC_TIME_%_MarkSweepCompact], Time(%), 0.11288998357963874
[TOTAL_GCs], Count, 8
[TOTAL_GC_TIME], Time(ms), 44
[TOTAL_GC_TIME_%], Time(%), 0.45155993431855496
[CLEANUP], Operations, 16
[CLEANUP], AverageLatency(us), 139203.625
[CLEANUP], MinLatency(us), 1
[CLEANUP], MaxLatency(us), 2228223
[CLEANUP], 95thPercentileLatency(us), 22
[CLEANUP], 99thPercentileLatency(us), 2228223
[INSERT], Operations, 2000
[INSERT], AverageLatency(us), 47008.766
[INSERT], MinLatency(us), 7680
[INSERT], MaxLatency(us), 155775
[INSERT], 95thPercentileLatency(us), 81663
[INSERT], 99thPercentileLatency(us), 92927
[INSERT], Return=OK, 2000
