[OVERALL], RunTime(ms), 46169
[OVERALL], Throughput(ops/sec), 43.31911022547597
[TOTAL_GCS_Copy], Count, 6
[TOTAL_GC_TIME_Copy], Time(ms), 32
[TOTAL_GC_TIME_%_Copy], Time(%), 0.06931057636076154
[TOTAL_GCS_MarkSweepCompact], Count, 1
[TOTAL_GC_TIME_MarkSweepCompact], Time(ms), 11
[TOTAL_GC_TIME_%_MarkSweepCompact], Time(%), 0.02382551062401178
[TOTAL_GCs], Count, 7
[TOTAL_GC_TIME], Time(ms), 43
[TOTAL_GC_TIME_%], Time(%), 0.09313608698477334
[CLEANUP], Operations, 1
[CLEANUP], AverageLatency(us), 2216960.0
[CLEANUP], MinLatency(us), 2215936
[CLEANUP], MaxLatency(us), 2217983
[CLEANUP], 95thPercentileLatency(us), 2217983
[CLEANUP], 99thPercentileLatency(us), 2217983
[INSERT], Operations, 2000
[INSERT], AverageLatency(us), 21224.8205
[INSERT], MinLatency(us), 1636
[INSERT], MaxLatency(us), 12058623
[INSERT], 95thPercentileLatency(us), 42463
[INSERT], 99thPercentileLatency(us), 44063
[INSERT], Return=OK, 2000
