[OVERALL], RunTime(ms), 18618
[OVERALL], Throughput(ops/sec), 214.8458481039854
[TOTAL_GCS_Copy], Count, 6
[TOTAL_GC_TIME_Copy], Time(ms), 40
[TOTAL_GC_TIME_%_Copy], Time(%), 0.2148458481039854
[TOTAL_GCS_MarkSweepCompact], Count, 1
[TOTAL_GC_TIME_MarkSweepCompact], Time(ms), 20
[TOTAL_GC_TIME_%_MarkSweepCompact], Time(%), 0.1074229240519927
[TOTAL_GCs], Count, 7
[TOTAL_GC_TIME], Time(ms), 60
[TOTAL_GC_TIME_%], Time(%), 0.3222687721559781
[READ], Operations, 3798
[READ], AverageLatency(us), 13712.436808846762
[READ], MinLatency(us), 638
[READ], MaxLatency(us), 84031
[READ], 95thPercentileLatency(us), 20351
[READ], 99thPercentileLatency(us), 33631
[READ], Return=OK, 3798
[CLEANUP], Operations, 4
[CLEANUP], AverageLatency(us), 555268.0
[CLEANUP], MinLatency(us), 3
[CLEANUP], MaxLatency(us), 2222079
[CLEANUP], 95thPercentileLatency(us), 2222079
[CLEANUP], 99thPercentileLatency(us), 2222079
[INSERT], Operations, 202
[INSERT], AverageLatency(us), 30226.0
[INSERT], MinLatency(us), 9664
[INSERT], MaxLatency(us), 110207
[INSERT], 95thPercentileLatency(us), 38719
[INSERT], 99thPercentileLatency(us), 39903
[INSERT], Return=OK, 202
