[OVERALL], RunTime(ms), 54114
[OVERALL], Throughput(ops/sec), 55.438518682780796
[TOTAL_GCS_Copy], Count, 6
[TOTAL_GC_TIME_Copy], Time(ms), 33
[TOTAL_GC_TIME_%_Copy], Time(%), 0.06098237055105887
[TOTAL_GCS_MarkSweepCompact], Count, 1
[TOTAL_GC_TIME_MarkSweepCompact], Time(ms), 11
[TOTAL_GC_TIME_%_MarkSweepCompact], Time(%), 0.02032745685035296
[TOTAL_GCs], Count, 7
[TOTAL_GC_TIME], Time(ms), 44
[TOTAL_GC_TIME_%], Time(%), 0.08130982740141184
[READ], Operations, 2849
[READ], AverageLatency(us), 16294.826956826957
[READ], MinLatency(us), 850
[READ], MaxLatency(us), 12124159
[READ], 95thPercentileLatency(us), 18991
[READ], 99thPercentileLatency(us), 21375
[READ], Return=OK, 2849
[CLEANUP], Operations, 1
[CLEANUP], AverageLatency(us), 2219008.0
[CLEANUP], MinLatency(us), 2217984
[CLEANUP], MaxLatency(us), 2220031
[CLEANUP], 95thPercentileLatency(us), 2220031
[CLEANUP], 99thPercentileLatency(us), 2220031
[INSERT], Operations, 151
[INSERT], AverageLatency(us), 25446.860927152316
[INSERT], MinLatency(us), 4464
[INSERT], MaxLatency(us), 69247
[INSERT], 95thPercentileLatency(us), 37471
[INSERT], 99thPercentileLatency(us), 39039
[INSERT], Return=OK, 151
