[OVERALL], RunTime(ms), 8074
[OVERALL], Throughput(ops/sec), 247.70869457517958
[TOTAL_GCS_Copy], Count, 6
[TOTAL_GC_TIME_Copy], Time(ms), 33
[TOTAL_GC_TIME_%_Copy], Time(%), 0.4087193460490463
[TOTAL_GCS_MarkSweepCompact], Count, 1
[TOTAL_GC_TIME_MarkSweepCompact], Time(ms), 11
[TOTAL_GC_TIME_%_MarkSweepCompact], Time(%), 0.13623978201634876
[TOTAL_GCs], Count, 7
[TOTAL_GC_TIME], Time(ms), 44
[TOTAL_GC_TIME_%], Time(%), 0.544959128065395
[CLEANUP], Operations, 8
[CLEANUP], AverageLatency(us), 278146.75
[CLEANUP], MinLatency(us), 2
[CLEANUP], MaxLatency(us), 2226175
[CLEANUP], 95thPercentileLatency(us), 2226175
[CLEANUP], 99thPercentileLatency(us), 2226175
[INSERT], Operations, 2000
[INSERT], AverageLatency(us), 16464.518
[INSERT], MinLatency(us), 1916
[INSERT], MaxLatency(us), 90111
[INSERT], 95thPercentileLatency(us), 45951
[INSERT], 99thPercentileLatency(us), 52703
[INSERT], Return=OK, 2000
