[OVERALL], RunTime(ms), 8950
[OVERALL], Throughput(ops/sec), 223.46368715083798
[TOTAL_GCS_Copy], Count, 6
[TOTAL_GC_TIME_Copy], Time(ms), 32
[TOTAL_GC_TIME_%_Copy], Time(%), 0.3575418994413408
[TOTAL_GCS_MarkSweepCompact], Count, 1
[TOTAL_GC_TIME_MarkSweepCompact], Time(ms), 11
[TOTAL_GC_TIME_%_MarkSweepCompact], Time(%), 0.12290502793296089
[TOTAL_GCs], Count, 7
[TOTAL_GC_TIME], Time(ms), 43
[TOTAL_GC_TIME_%], Time(%), 0.48044692737430167
[CLEANUP], Operations, 8
[CLEANUP], AverageLatency(us), 279171.5
[CLEANUP], MinLatency(us), 2
[CLEANUP], MaxLatency(us), 2234367
[CLEANUP], 95thPercentileLatency(us), 2234367
[CLEANUP], 99thPercentileLatency(us), 2234367
[INSERT], Operations, 2000
[INSERT], AverageLatency(us), 19701.8635
[INSERT], MinLatency(us), 2170
[INSERT], MaxLatency(us), 87999
[INSERT], 95thPercentileLatency(us), 48095
[INSERT], 99thPercentileLatency(us), 63743
[INSERT], Return=OK, 2000
