[OVERALL], RunTime(ms), 6264
[OVERALL], Throughput(ops/sec), 319.28480204342276
[TOTAL_GCS_Copy], Count, 7
[TOTAL_GC_TIME_Copy], Time(ms), 35
[TOTAL_GC_TIME_%_Copy], Time(%), 0.5587484035759898
[TOTAL_GCS_MarkSweepCompact], Count, 1
[TOTAL_GC_TIME_MarkSweepCompact], Time(ms), 12
[TOTAL_GC_TIME_%_MarkSweepCompact], Time(%), 0.19157088122605362
[TOTAL_GCs], Count, 8
[TOTAL_GC_TIME], Time(ms), 47
[TOTAL_GC_TIME_%], Time(%), 0.7503192848020434
[CLEANUP], Operations, 32
[CLEANUP], AverageLatency(us), 69730.15625
[CLEANUP], MinLatency(us), 1
[CLEANUP], MaxLatency(us), 2232319
[CLEANUP], 95thPercentileLatency(us), 3
[CLEANUP], 99thPercentileLatency(us), 2232319
[INSERT], Operations, 2000
[INSERT], AverageLatency(us), 39032.192
[INSERT], MinLatency(us), 21008
[INSERT], MaxLatency(us), 280063
[INSERT], 95thPercentileLatency(us), 58719
[INSERT], 99thPercentileLatency(us), 213631
[INSERT], Return=OK, 2000
