[OVERALL], RunTime(ms), 4615
[OVERALL], Throughput(ops/sec), 216.68472372697724
[TOTAL_GCS_Copy], Count, 5
[TOTAL_GC_TIME_Copy], Time(ms), 30
[TOTAL_GC_TIME_%_Copy], Time(%), 0.6500541711809318
[TOTAL_GCS_MarkSweepCompact], Count, 1
[TOTAL_GC_TIME_MarkSweepCompact], Time(ms), 11
[TOTAL_GC_TIME_%_MarkSweepCompact], Time(%), 0.23835319609967495
[TOTAL_GCs], Count, 6
[TOTAL_GC_TIME], Time(ms), 41
[TOTAL_GC_TIME_%], Time(%), 0.8884073672806068
[READ], Operations, 1000
[READ], AverageLatency(us), 14604.834
[READ], MinLatency(us), 1201
[READ], MaxLatency(us), 158463
[READ], 95thPercentileLatency(us), 27855
[READ], 99thPercentileLatency(us), 116223
[READ], Return=OK, 1000
[CLEANUP], Operations, 16
[CLEANUP], AverageLatency(us), 139201.1875
[CLEANUP], MinLatency(us), 1
[CLEANUP], MaxLatency(us), 2228223
[CLEANUP], 95thPercentileLatency(us), 5
[CLEANUP], 99thPercentileLatency(us), 2228223
