[OVERALL], RunTime(ms), 17768
[OVERALL], Throughput(ops/sec), 56.28095452498874
[TOTAL_GCS_Copy], Count, 17
[TOTAL_GC_TIME_Copy], Time(ms), 49
[TOTAL_GC_TIME_%_Copy], Time(%), 0.2757766771724448
[TOTAL_GCS_MarkSweepCompact], Count, 1
[TOTAL_GC_TIME_MarkSweepCompact], Time(ms), 11
[TOTAL_GC_TIME_%_MarkSweepCompact], Time(%), 0.06190904997748762
[TOTAL_GCs], Count, 18
[TOTAL_GC_TIME], Time(ms), 60
[TOTAL_GC_TIME_%], Time(%), 0.3376857271499325
[CLEANUP], Operations, 16
[CLEANUP], AverageLatency(us), 139074.125
[CLEANUP], MinLatency(us), 2
[CLEANUP], MaxLatency(us), 2226175
[CLEANUP], 95thPercentileLatency(us), 5
[CLEANUP], 99thPercentileLatency(us), 2226175
[INSERT], Operations, 57
[INSERT], AverageLatency(us), 250644.49122807017
[INSERT], MinLatency(us), 14032
[INSERT], MaxLatency(us), 12255231
[INSERT], 95thPercentileLatency(us), 64063
[INSERT], 99thPercentileLatency(us), 68991
[INSERT], Return=OK, 57
[SCAN], Operations, 943
[SCAN], AverageLatency(us), 219949.25344644752
[SCAN], MinLatency(us), 4964
[SCAN], MaxLatency(us), 12304383
[SCAN], 95thPercentileLatency(us), 55167
[SCAN], 99thPercentileLatency(us), 12247039
[SCAN], Return=OK, 943
