[OVERALL], RunTime(ms), 6202
[OVERALL], Throughput(ops/sec), 967.4298613350533
[TOTAL_GCS_Copy], Count, 9
[TOTAL_GC_TIME_Copy], Time(ms), 40
[TOTAL_GC_TIME_%_Copy], Time(%), 0.6449532408900355
[TOTAL_GCS_MarkSweepCompact], Count, 1
[TOTAL_GC_TIME_MarkSweepCompact], Time(ms), 11
[TOTAL_GC_TIME_%_MarkSweepCompact], Time(%), 0.17736214124475974
[TOTAL_GCs], Count, 10
[TOTAL_GC_TIME], Time(ms), 51
[TOTAL_GC_TIME_%], Time(%), 0.8223153821347952
[READ], Operations, 6000
[READ], AverageLatency(us), 13204.544
[READ], MinLatency(us), 1078
[READ], MaxLatency(us), 282111
[READ], 95thPercentileLatency(us), 33631
[READ], 99thPercentileLatency(us), 54207
[READ], Return=OK, 6000
[CLEANUP], Operations, 32
[CLEANUP], AverageLatency(us), 69601.71875
[CLEANUP], MinLatency(us), 1
[CLEANUP], MaxLatency(us), 2228223
[CLEANUP], 95thPercentileLatency(us), 2
[CLEANUP], 99thPercentileLatency(us), 2228223
