[OVERALL], RunTime(ms), 5285
[OVERALL], Throughput(ops/sec), 378.4295175023652
[TOTAL_GCS_Copy], Count, 11
[TOTAL_GC_TIME_Copy], Time(ms), 43
[TOTAL_GC_TIME_%_Copy], Time(%), 0.8136234626300852
[TOTAL_GCS_MarkSweepCompact], Count, 1
[TOTAL_GC_TIME_MarkSweepCompact], Time(ms), 13
[TOTAL_GC_TIME_%_MarkSweepCompact], Time(%), 0.24597918637653737
[TOTAL_GCs], Count, 12
[TOTAL_GC_TIME], Time(ms), 56
[TOTAL_GC_TIME_%], Time(%), 1.0596026490066226
[READ], Operations, 1889
[READ], AverageLatency(us), 91394.1715193224
[READ], MinLatency(us), 969
[READ], MaxLatency(us), 774655
[READ], 95thPercentileLatency(us), 455423
[READ], 99thPercentileLatency(us), 638463
[READ], Return=OK, 1889
[CLEANUP], Operations, 128
[CLEANUP], AverageLatency(us), 17433.125
[CLEANUP], MinLatency(us), 1
[CLEANUP], MaxLatency(us), 2232319
[CLEANUP], 95thPercentileLatency(us), 2
[CLEANUP], 99thPercentileLatency(us), 9
[UPDATE], Operations, 111
[UPDATE], AverageLatency(us), 130782.21621621621
[UPDATE], MinLatency(us), 2868
[UPDATE], MaxLatency(us), 705023
[UPDATE], 95thPercentileLatency(us), 416767
[UPDATE], 99thPercentileLatency(us), 698367
[UPDATE], Return=OK, 111
