[OVERALL], RunTime(ms), 5048
[OVERALL], Throughput(ops/sec), 198.09825673534073
[TOTAL_GCS_Copy], Count, 4
[TOTAL_GC_TIME_Copy], Time(ms), 27
[TOTAL_GC_TIME_%_Copy], Time(%), 0.53486529318542
[TOTAL_GCS_MarkSweepCompact], Count, 1
[TOTAL_GC_TIME_MarkSweepCompact], Time(ms), 11
[TOTAL_GC_TIME_%_MarkSweepCompact], Time(%), 0.2179080824088748
[TOTAL_GCs], Count, 5
[TOTAL_GC_TIME], Time(ms), 38
[TOTAL_GC_TIME_%], Time(%), 0.7527733755942948
[READ], Operations, 500
[READ], AverageLatency(us), 1237.418
[READ], MinLatency(us), 687
[READ], MaxLatency(us), 31503
[READ], 95thPercentileLatency(us), 2709
[READ], 99thPercentileLatency(us), 4735
[READ], Return=OK, 500
[CLEANUP], Operations, 1
[CLEANUP], AverageLatency(us), 2233344.0
[CLEANUP], MinLatency(us), 2232320
[CLEANUP], MaxLatency(us), 2234367
[CLEANUP], 95thPercentileLatency(us), 2234367
[CLEANUP], 99thPercentileLatency(us), 2234367
[UPDATE], Operations, 500
[UPDATE], AverageLatency(us), 1363.0
[UPDATE], MinLatency(us), 888
[UPDATE], MaxLatency(us), 10903
[UPDATE], 95thPercentileLatency(us), 2607
[UPDATE], 99thPercentileLatency(us), 5479
[UPDATE], Return=OK, 500
