[OVERALL], RunTime(ms), 32964
[OVERALL], Throughput(ops/sec), 60.67224851352991
[TOTAL_GCS_Copy], Count, 6
[TOTAL_GC_TIME_Copy], Time(ms), 38
[TOTAL_GC_TIME_%_Copy], Time(%), 0.11527727217570682
[TOTAL_GCS_MarkSweepCompact], Count, 1
[TOTAL_GC_TIME_MarkSweepCompact], Time(ms), 11
[TOTAL_GC_TIME_%_MarkSweepCompact], Time(%), 0.033369736682441455
[TOTAL_GCs], Count, 7
[TOTAL_GC_TIME], Time(ms), 49
[TOTAL_GC_TIME_%], Time(%), 0.14864700885814827
[CLEANUP], Operations, 2
[CLEANUP], AverageLatency(us), 1113603.5
[CLEANUP], MinLatency(us), 7
[CLEANUP], MaxLatency(us), 2228223
[CLEANUP], 95thPercentileLatency(us), 2228223
[CLEANUP], 99thPercentileLatency(us), 2228223
[INSERT], Operations, 2000
[INSERT], AverageLatency(us), 29138.184
[INSERT], MinLatency(us), 1588
[INSERT], MaxLatency(us), 12066815
[INSERT], 95thPercentileLatency(us), 44063
[INSERT], 99thPercentileLatency(us), 46687
[INSERT], Return=OK, 2000
