[OVERALL], RunTime(ms), 5283
[OVERALL], Throughput(ops/sec), 378.57278061707365
[TOTAL_GCS_Copy], Count, 8
[TOTAL_GC_TIME_Copy], Time(ms), 42
[TOTAL_GC_TIME_%_Copy], Time(%), 0.7950028392958546
[TOTAL_GCS_MarkSweepCompact], Count, 1
[TOTAL_GC_TIME_MarkSweepCompact], Time(ms), 13
[TOTAL_GC_TIME_%_MarkSweepCompact], Time(%), 0.24607230740109784
[TOTAL_GCs], Count, 9
[TOTAL_GC_TIME], Time(ms), 55
[TOTAL_GC_TIME_%], Time(%), 1.0410751466969526
[READ], Operations, 1901
[READ], AverageLatency(us), 89095.44871120463
[READ], MinLatency(us), 2070
[READ], MaxLatency(us), 717311
[READ], 95thPercentileLatency(us), 455679
[READ], 99thPercentileLatency(us), 655871
[READ], Return=OK, 1901
[CLEANUP], Operations, 128
[CLEANUP], AverageLatency(us), 17433.171875
[CLEANUP], MinLatency(us), 1
[CLEANUP], MaxLatency(us), 2232319
[CLEANUP], 95thPercentileLatency(us), 2
[CLEANUP], 99thPercentileLatency(us), 5
[INSERT], Operations, 99
[INSERT], AverageLatency(us), 132507.87878787878
[INSERT], MinLatency(us), 17824
[INSERT], MaxLatency(us), 744959
[INSERT], 95thPercentileLatency(us), 560127
[INSERT], 99thPercentileLatency(us), 735743
[INSERT], Return=OK, 99
