[OVERALL], RunTime(ms), 14031
[OVERALL], Throughput(ops/sec), 142.54151521630675
[TOTAL_GCS_Copy], Count, 6
[TOTAL_GC_TIME_Copy], Time(ms), 36
[TOTAL_GC_TIME_%_Copy], Time(%), 0.2565747273893521
[TOTAL_GCS_MarkSweepCompact], Count, 1
[TOTAL_GC_TIME_MarkSweepCompact], Time(ms), 11
[TOTAL_GC_TIME_%_MarkSweepCompact], Time(%), 0.07839783336896872
[TOTAL_GCs], Count, 7
[TOTAL_GC_TIME], Time(ms), 47
[TOTAL_GC_TIME_%], Time(%), 0.3349725607583209
[CLEANUP], Operations, 4
[CLEANUP], AverageLatency(us), 555779.5
[CLEANUP], MinLatency(us), 3
[CLEANUP], MaxLatency(us), 2224127
[CLEANUP], 95thPercentileLatency(us), 2224127
[CLEANUP], 99thPercentileLatency(us), 2224127
[INSERT], Operations, 2000
[INSERT], AverageLatency(us), 20547.872
[INSERT], MinLatency(us), 1441
[INSERT], MaxLatency(us), 90367
[INSERT], 95thPercentileLatency(us), 46431
[INSERT], 99thPercentileLatency(us), 56351
[INSERT], Return=OK, 2000
