[OVERALL], RunTime(ms), 85682
[OVERALL], Throughput(ops/sec), 23.342125533951123
[TOTAL_GCS_Copy], Count, 6
[TOTAL_GC_TIME_Copy], Time(ms), 35
[TOTAL_GC_TIME_%_Copy], Time(%), 0.04084871968441446
[TOTAL_GCS_MarkSweepCompact], Count, 1
[TOTAL_GC_TIME_MarkSweepCompact], Time(ms), 11
[TOTAL_GC_TIME_%_MarkSweepCompact], Time(%), 0.012838169043673117
[TOTAL_GCs], Count, 7
[TOTAL_GC_TIME], Time(ms), 46
[TOTAL_GC_TIME_%], Time(%), 0.05368688872808758
[CLEANUP], Operations, 1
[CLEANUP], AverageLatency(us), 2219008.0
[CLEANUP], MinLatency(us), 2217984
[CLEANUP], MaxLatency(us), 2220031
[CLEANUP], 95thPercentileLatency(us), 2220031
[CLEANUP], 99thPercentileLatency(us), 2220031
[INSERT], Operations, 2000
[INSERT], AverageLatency(us), 40936.628
[INSERT], MinLatency(us), 6672
[INSERT], MaxLatency(us), 12124159
[INSERT], 95thPercentileLatency(us), 52895
[INSERT], 99thPercentileLatency(us), 63807
[INSERT], Return=OK, 2000
