[OVERALL], RunTime(ms), 40767
[OVERALL], Throughput(ops/sec), 49.05928814972895
[TOTAL_GCS_Copy], Count, 6
[TOTAL_GC_TIME_Copy], Time(ms), 32
[TOTAL_GC_TIME_%_Copy], Time(%), 0.07849486103956632
[TOTAL_GCS_MarkSweepCompact], Count, 1
[TOTAL_GC_TIME_MarkSweepCompact], Time(ms), 14
[TOTAL_GC_TIME_%_MarkSweepCompact], Time(%), 0.03434150170481026
[TOTAL_GCs], Count, 7
[TOTAL_GC_TIME], Time(ms), 46
[TOTAL_GC_TIME_%], Time(%), 0.11283636274437658
[CLEANUP], Operations, 2
[CLEANUP], AverageLatency(us), 1111556.5
[CLEANUP], MinLatency(us), 9
[CLEANUP], MaxLatency(us), 2224127
[CLEANUP], 95thPercentileLatency(us), 2224127
[CLEANUP], 99thPercentileLatency(us), 2224127
[INSERT], Operations, 2000
[INSERT], AverageLatency(us), 36701.842
[INSERT], MinLatency(us), 4176
[INSERT], MaxLatency(us), 110271
[INSERT], 95thPercentileLatency(us), 69055
[INSERT], 99thPercentileLatency(us), 81279
[INSERT], Return=OK, 2000
