[OVERALL], RunTime(ms), 6673
[OVERALL], Throughput(ops/sec), 299.7152704930316
[TOTAL_GCS_Copy], Count, 7
[TOTAL_GC_TIME_Copy], Time(ms), 36
[TOTAL_GC_TIME_%_Copy], Time(%), 0.539487486887457
[TOTAL_GCS_MarkSweepCompact], Count, 1
[TOTAL_GC_TIME_MarkSweepCompact], Time(ms), 15
[TOTAL_GC_TIME_%_MarkSweepCompact], Time(%), 0.22478645286977372
[TOTAL_GCs], Count, 8
[TOTAL_GC_TIME], Time(ms), 51
[TOTAL_GC_TIME_%], Time(%), 0.7642739397572307
[CLEANUP], Operations, 32
[CLEANUP], AverageLatency(us), 69473.9375
[CLEANUP], MinLatency(us), 1
[CLEANUP], MaxLatency(us), 2224127
[CLEANUP], 95thPercentileLatency(us), 3
[CLEANUP], 99thPercentileLatency(us), 2224127
[INSERT], Operations, 2000
[INSERT], AverageLatency(us), 43973.096
[INSERT], MinLatency(us), 13576
[INSERT], MaxLatency(us), 275455
[INSERT], 95thPercentileLatency(us), 63231
[INSERT], 99thPercentileLatency(us), 237951
[INSERT], Return=OK, 2000
