[OVERALL], RunTime(ms), 5548
[OVERALL], Throughput(ops/sec), 360.49026676279743
[TOTAL_GCS_Copy], Count, 7
[TOTAL_GC_TIME_Copy], Time(ms), 38
[TOTAL_GC_TIME_%_Copy], Time(%), 0.684931506849315
[TOTAL_GCS_MarkSweepCompact], Count, 1
[TOTAL_GC_TIME_MarkSweepCompact], Time(ms), 11
[TOTAL_GC_TIME_%_MarkSweepCompact], Time(%), 0.19826964671953856
[TOTAL_GCs], Count, 8
[TOTAL_GC_TIME], Time(ms), 49
[TOTAL_GC_TIME_%], Time(%), 0.8832011535688535
[CLEANUP], Operations, 16
[CLEANUP], AverageLatency(us), 138818.0
[CLEANUP], MinLatency(us), 1
[CLEANUP], MaxLatency(us), 2222079
[CLEANUP], 95thPercentileLatency(us), 6
[CLEANUP], 99thPercentileLatency(us), 2222079
[INSERT], Operations, 2000
[INSERT], AverageLatency(us), 14408.6565
[INSERT], MinLatency(us), 2406
[INSERT], MaxLatency(us), 151039
[INSERT], 95thPercentileLatency(us), 45087
[INSERT], 99thPercentileLatency(us), 56031
[INSERT], Return=OK, 2000
