[OVERALL], RunTime(ms), 5243
[OVERALL], Throughput(ops/sec), 381.4609956131986
[TOTAL_GCS_Copy], Count, 8
[TOTAL_GC_TIME_Copy], Time(ms), 39
[TOTAL_GC_TIME_%_Copy], Time(%), 0.7438489414457372
[TOTAL_GCS_MarkSweepCompact], Count, 1
[TOTAL_GC_TIME_MarkSweepCompact], Time(ms), 11
[TOTAL_GC_TIME_%_MarkSweepCompact], Time(%), 0.2098035475872592
[TOTAL_GCs], Count, 9
[TOTAL_GC_TIME], Time(ms), 50
[TOTAL_GC_TIME_%], Time(%), 0.9536524890329964
[CLEANUP], Operations, 64
[CLEANUP], AverageLatency(us), 34865.234375
[CLEANUP], MinLatency(us), 1
[CLEANUP], MaxLatency(us), 2232319
[CLEANUP], 95thPercentileLatency(us), 2
[CLEANUP], 99thPercentileLatency(us), 6
[INSERT], Operations, 2000
[INSERT], AverageLatency(us), 46043.8585
[INSERT], MinLatency(us), 3888
[INSERT], MaxLatency(us), 439295
[INSERT], 95thPercentileLatency(us), 97279
[INSERT], 99thPercentileLatency(us), 378879
[INSERT], Return=OK, 2000
