[OVERALL], RunTime(ms), 9185
[OVERALL], Throughput(ops/sec), 217.74632553075668
[TOTAL_GCS_Copy], Count, 6
[TOTAL_GC_TIME_Copy], Time(ms), 32
[TOTAL_GC_TIME_%_Copy], Time(%), 0.3483941208492107
[TOTAL_GCS_MarkSweepCompact], Count, 1
[TOTAL_GC_TIME_MarkSweepCompact], Time(ms), 21
[TOTAL_GC_TIME_%_MarkSweepCompact], Time(%), 0.2286336418072945
[TOTAL_GCs], Count, 7
[TOTAL_GC_TIME], Time(ms), 53
[TOTAL_GC_TIME_%], Time(%), 0.5770277626565051
[CLEANUP], Operations, 8
[CLEANUP], AverageLatency(us), 278915.125
[CLEANUP], MinLatency(us), 2
[CLEANUP], MaxLatency(us), 2232319
[CLEANUP], 95thPercentileLatency(us), 2232319
[CLEANUP], 99thPercentileLatency(us), 2232319
[INSERT], Operations, 2000
[INSERT], AverageLatency(us), 20981.1375
[INSERT], MinLatency(us), 2894
[INSERT], MaxLatency(us), 99135
[INSERT], 95thPercentileLatency(us), 52351
[INSERT], 99thPercentileLatency(us), 64831
[INSERT], Return=OK, 2000
