[OVERALL], RunTime(ms), 33812
[OVERALL], Throughput(ops/sec), 59.15059742103395
[TOTAL_GCS_Copy], Count, 6
[TOTAL_GC_TIME_Copy], Time(ms), 32
[TOTAL_GC_TIME_%_Copy], Time(%), 0.09464095587365431
[TOTAL_GCS_MarkSweepCompact], Count, 1
[TOTAL_GC_TIME_MarkSweepCompact], Time(ms), 11
[TOTAL_GC_TIME_%_MarkSweepCompact], Time(%), 0.032532828581568675
[TOTAL_GCs], Count, 7
[TOTAL_GC_TIME], Time(ms), 43
[TOTAL_GC_TIME_%], Time(%), 0.127173784455223
[CLEANUP], Operations, 1
[CLEANUP], AverageLatency(us), 2225152.0
[CLEANUP], MinLatency(us), 2224128
[CLEANUP], MaxLatency(us), 2226175
[CLEANUP], 95thPercentileLatency(us), 2226175
[CLEANUP], 99thPercentileLatency(us), 2226175
[INSERT], Operations, 2000
[INSERT], AverageLatency(us), 15055.72
[INSERT], MinLatency(us), 1500
[INSERT], MaxLatency(us), 49279
[INSERT], 95thPercentileLatency(us), 42111
[INSERT], 99thPercentileLatency(us), 43999
[INSERT], Return=OK, 2000
