[OVERALL], RunTime(ms), 5246
[OVERALL], Throughput(ops/sec), 381.2428516965307
[TOTAL_GCS_Copy], Count, 7
[TOTAL_GC_TIME_Copy], Time(ms), 35
[TOTAL_GC_TIME_%_Copy], Time(%), 0.6671749904689287
[TOTAL_GCS_MarkSweepCompact], Count, 1
[TOTAL_GC_TIME_MarkSweepCompact], Time(ms), 11
[TOTAL_GC_TIME_%_MarkSweepCompact], Time(%), 0.20968356843309188
[TOTAL_GCs], Count, 8
[TOTAL_GC_TIME], Time(ms), 46
[TOTAL_GC_TIME_%], Time(%), 0.8768585589020207
[CLEANUP], Operations, 32
[CLEANUP], AverageLatency(us), 69601.15625
[CLEANUP], MinLatency(us), 1
[CLEANUP], MaxLatency(us), 2228223
[CLEANUP], 95thPercentileLatency(us), 2
[CLEANUP], 99thPercentileLatency(us), 2228223
[INSERT], Operations, 2000
[INSERT], AverageLatency(us), 24076.499
[INSERT], MinLatency(us), 5796
[INSERT], MaxLatency(us), 253951
[INSERT], 95thPercentileLatency(us), 45951
[INSERT], 99thPercentileLatency(us), 206335
[INSERT], Return=OK, 2000
