[OVERALL], RunTime(ms), 82305
[OVERALL], Throughput(ops/sec), 24.299860275803415
[TOTAL_GCS_Copy], Count, 6
[TOTAL_GC_TIME_Copy], Time(ms), 33
[TOTAL_GC_TIME_%_Copy], Time(%), 0.04009476945507563
[TOTAL_GCS_MarkSweepCompact], Count, 1
[TOTAL_GC_TIME_MarkSweepCompact], Time(ms), 11
[TOTAL_GC_TIME_%_MarkSweepCompact], Time(%), 0.013364923151691879
[TOTAL_GCs], Count, 7
[TOTAL_GC_TIME], Time(ms), 44
[TOTAL_GC_TIME_%], Time(%), 0.053459692606767514
[CLEANUP], Operations, 1
[CLEANUP], AverageLatency(us), 2225152.0
[CLEANUP], MinLatency(us), 2224128
[CLEANUP], MaxLatency(us), 2226175
[CLEANUP], 95thPercentileLatency(us), 2226175
[CLEANUP], 99thPercentileLatency(us), 2226175
[INSERT], Operations, 2000
[INSERT], AverageLatency(us), 39264.4105
[INSERT], MinLatency(us), 4058
[INSERT], MaxLatency(us), 12165119
[INSERT], 95thPercentileLatency(us), 56095
[INSERT], 99thPercentileLatency(us), 66175
[INSERT], Return=OK, 2000
