[OVERALL], RunTime(ms), 5243
[OVERALL], Throughput(ops/sec), 381.4609956131986
[TOTAL_GCS_Copy], Count, 8
[TOTAL_GC_TIME_Copy], Time(ms), 38
[TOTAL_GC_TIME_%_Copy], Time(%), 0.7247758916650773
[TOTAL_GCS_MarkSweepCompact], Count, 1
[TOTAL_GC_TIME_MarkSweepCompact], Time(ms), 11
[TOTAL_GC_TIME_%_MarkSweepCompact], Time(%), 0.2098035475872592
[TOTAL_GCs], Count, 9
[TOTAL_GC_TIME], Time(ms), 49
[TOTAL_GC_TIME_%], Time(%), 0.9345794392523363
[CLEANUP], Operations, 64
[CLEANUP], AverageLatency(us), 34961.234375
[CLEANUP], MinLatency(us), 1
[CLEANUP], MaxLatency(us), 2238463
[CLEANUP], 95thPercentileLatency(us), 2
[CLEANUP], 99thPercentileLatency(us), 6
[INSERT], Operations, 2000
[INSERT], AverageLatency(us), 47210.143
[INSERT], MinLatency(us), 2128
[INSERT], MaxLatency(us), 470271
[INSERT], 95thPercentileLatency(us), 95551
[INSERT], 99thPercentileLatency(us), 413183
[INSERT], Return=OK, 2000
