[OVERALL], RunTime(ms), 81953
[OVERALL], Throughput(ops/sec), 24.4042316937757
[TOTAL_GCS_Copy], Count, 6
[TOTAL_GC_TIME_Copy], Time(ms), 41
[TOTAL_GC_TIME_%_Copy], Time(%), 0.050028674972240186
[TOTAL_GCS_MarkSweepCompact], Count, 1
[TOTAL_GC_TIME_MarkSweepCompact], Time(ms), 12
[TOTAL_GC_TIME_%_MarkSweepCompact], Time(%), 0.01464253901626542
[TOTAL_GCs], Count, 7
[TOTAL_GC_TIME], Time(ms), 53
[TOTAL_GC_TIME_%], Time(%), 0.0646712139885056
[CLEANUP], Operations, 1
[CLEANUP], AverageLatency(us), 2225152.0
[CLEANUP], MinLatency(us), 2224128
[CLEANUP], MaxLatency(us), 2226175
[CLEANUP], 95thPercentileLatency(us), 2226175
[CLEANUP], 99thPercentileLatency(us), 2226175
[INSERT], Operations, 2000
[INSERT], AverageLatency(us), 39082.284
[INSERT], MinLatency(us), 4672
[INSERT], MaxLatency(us), 12206079
[INSERT], 95thPercentileLatency(us), 55775
[INSERT], 99thPercentileLatency(us), 64863
[INSERT], Return=OK, 2000
