[OVERALL], RunTime(ms), 24455
[OVERALL], Throughput(ops/sec), 81.78286648947045
[TOTAL_GCS_Copy], Count, 6
[TOTAL_GC_TIME_Copy], Time(ms), 32
[TOTAL_GC_TIME_%_Copy], Time(%), 0.13085258638315272
[TOTAL_GCS_MarkSweepCompact], Count, 1
[TOTAL_GC_TIME_MarkSweepCompact], Time(ms), 11
[TOTAL_GC_TIME_%_MarkSweepCompact], Time(%), 0.04498057656920875
[TOTAL_GCs], Count, 7
[TOTAL_GC_TIME], Time(ms), 43
[TOTAL_GC_TIME_%], Time(%), 0.17583316295236148
[CLEANUP], Operations, 4
[CLEANUP], AverageLatency(us), 555267.5
[CLEANUP], MinLatency(us), 3
[CLEANUP], MaxLatency(us), 2222079
[CLEANUP], 95thPercentileLatency(us), 2222079
[CLEANUP], 99thPercentileLatency(us), 2222079
[INSERT], Operations, 2000
[INSERT], AverageLatency(us), 41155.341
[INSERT], MinLatency(us), 4328
[INSERT], MaxLatency(us), 109759
[INSERT], 95thPercentileLatency(us), 71679
[INSERT], 99thPercentileLatency(us), 89727
[INSERT], Return=OK, 2000
