[OVERALL], RunTime(ms), 15809
[OVERALL], Throughput(ops/sec), 126.51021569991777
[TOTAL_GCS_Copy], Count, 6
[TOTAL_GC_TIME_Copy], Time(ms), 33
[TOTAL_GC_TIME_%_Copy], Time(%), 0.2087418559048643
[TOTAL_GCS_MarkSweepCompact], Count, 1
[TOTAL_GC_TIME_MarkSweepCompact], Time(ms), 11
[TOTAL_GC_TIME_%_MarkSweepCompact], Time(%), 0.06958061863495478
[TOTAL_GCs], Count, 7
[TOTAL_GC_TIME], Time(ms), 44
[TOTAL_GC_TIME_%], Time(%), 0.2783224745398191
[CLEANUP], Operations, 4
[CLEANUP], AverageLatency(us), 554755.5
[CLEANUP], MinLatency(us), 3
[CLEANUP], MaxLatency(us), 2220031
[CLEANUP], 95thPercentileLatency(us), 2220031
[CLEANUP], 99thPercentileLatency(us), 2220031
[INSERT], Operations, 2000
[INSERT], AverageLatency(us), 23508.168
[INSERT], MinLatency(us), 2300
[INSERT], MaxLatency(us), 81407
[INSERT], 95thPercentileLatency(us), 52223
[INSERT], 99thPercentileLatency(us), 65727
[INSERT], Return=OK, 2000
