[OVERALL], RunTime(ms), 33538
[OVERALL], Throughput(ops/sec), 59.63384817222256
[TOTAL_GCS_Copy], Count, 6
[TOTAL_GC_TIME_Copy], Time(ms), 34
[TOTAL_GC_TIME_%_Copy], Time(%), 0.10137754189277835
[TOTAL_GCS_MarkSweepCompact], Count, 1
[TOTAL_GC_TIME_MarkSweepCompact], Time(ms), 11
[TOTAL_GC_TIME_%_MarkSweepCompact], Time(%), 0.032798616494722405
[TOTAL_GCs], Count, 7
[TOTAL_GC_TIME], Time(ms), 45
[TOTAL_GC_TIME_%], Time(%), 0.13417615838750074
[CLEANUP], Operations, 1
[CLEANUP], AverageLatency(us), 2216960.0
[CLEANUP], MinLatency(us), 2215936
[CLEANUP], MaxLatency(us), 2217983
[CLEANUP], 95thPercentileLatency(us), 2217983
[CLEANUP], 99thPercentileLatency(us), 2217983
[INSERT], Operations, 2000
[INSERT], AverageLatency(us), 14927.1465
[INSERT], MinLatency(us), 1422
[INSERT], MaxLatency(us), 47807
[INSERT], 95thPercentileLatency(us), 42111
[INSERT], 99thPercentileLatency(us), 44095
[INSERT], Return=OK, 2000
