[OVERALL], RunTime(ms), 15192
[OVERALL], Throughput(ops/sec), 263.2964718272775
[TOTAL_GCS_Copy], Count, 54
[TOTAL_GC_TIME_Copy], Time(ms), 82
[TOTAL_GC_TIME_%_Copy], Time(%), 0.5397577672459188
[TOTAL_GCS_MarkSweepCompact], Count, 1
[TOTAL_GC_TIME_MarkSweepCompact], Time(ms), 11
[TOTAL_GC_TIME_%_MarkSweepCompact], Time(%), 0.07240652975250132
[TOTAL_GCs], Count, 55
[TOTAL_GC_TIME], Time(ms), 93
[TOTAL_GC_TIME_%], Time(%), 0.6121642969984202
[CLEANUP], Operations, 8
[CLEANUP], AverageLatency(us), 278659.0
[CLEANUP], MinLatency(us), 2
[CLEANUP], MaxLatency(us), 2230271
[CLEANUP], 95thPercentileLatency(us), 2230271
[CLEANUP], 99thPercentileLatency(us), 2230271
[INSERT], Operations, 202
[INSERT], AverageLatency(us), 35000.78217821782
[INSERT], MinLatency(us), 6888
[INSERT], MaxLatency(us), 83967
[INSERT], 95thPercentileLatency(us), 48543
[INSERT], 99thPercentileLatency(us), 67647
[INSERT], Return=OK, 202
[SCAN], Operations, 3798
[SCAN], AverageLatency(us), 21896.64086361243
[SCAN], MinLatency(us), 1096
[SCAN], MaxLatency(us), 129535
[SCAN], 95thPercentileLatency(us), 42783
[SCAN], 99thPercentileLatency(us), 48319
[SCAN], Return=OK, 3798
