[OVERALL], RunTime(ms), 84460
[OVERALL], Throughput(ops/sec), 23.679848448969928
[TOTAL_GCS_Copy], Count, 6
[TOTAL_GC_TIME_Copy], Time(ms), 38
[TOTAL_GC_TIME_%_Copy], Time(%), 0.04499171205304286
[TOTAL_GCS_MarkSweepCompact], Count, 1
[TOTAL_GC_TIME_MarkSweepCompact], Time(ms), 11
[TOTAL_GC_TIME_%_MarkSweepCompact], Time(%), 0.013023916646933458
[TOTAL_GCs], Count, 7
[TOTAL_GC_TIME], Time(ms), 49
[TOTAL_GC_TIME_%], Time(%), 0.05801562869997632
[CLEANUP], Operations, 1
[CLEANUP], AverageLatency(us), 2223104.0
[CLEANUP], MinLatency(us), 2222080
[CLEANUP], MaxLatency(us), 2224127
[CLEANUP], 95thPercentileLatency(us), 2224127
[CLEANUP], 99thPercentileLatency(us), 2224127
[INSERT], Operations, 2000
[INSERT], AverageLatency(us), 40329.856
[INSERT], MinLatency(us), 1914
[INSERT], MaxLatency(us), 12156927
[INSERT], 95thPercentileLatency(us), 49791
[INSERT], 99thPercentileLatency(us), 63935
[INSERT], Return=OK, 2000
