[OVERALL], RunTime(ms), 5233
[OVERALL], Throughput(ops/sec), 382.189948404357
[TOTAL_GCS_Copy], Count, 6
[TOTAL_GC_TIME_Copy], Time(ms), 32
[TOTAL_GC_TIME_%_Copy], Time(%), 0.6115039174469711
[TOTAL_GCS_MarkSweepCompact], Count, 1
[TOTAL_GC_TIME_MarkSweepCompact], Time(ms), 12
[TOTAL_GC_TIME_%_MarkSweepCompact], Time(%), 0.22931396904261417
[TOTAL_GCs], Count, 7
[TOTAL_GC_TIME], Time(ms), 44
[TOTAL_GC_TIME_%], Time(%), 0.8408178864895853
[READ], Operations, 1040
[READ], AverageLatency(us), 21645.564423076925
[READ], MinLatency(us), 1397
[READ], MaxLatency(us), 243455
[READ], 95thPercentileLatency(us), 45375
[READ], 99thPercentileLatency(us), 217599
[READ], Return=OK, 1040
[CLEANUP], Operations, 32
[CLEANUP], AverageLatency(us), 69473.09375
[CLEANUP], MinLatency(us), 1
[CLEANUP], MaxLatency(us), 2224127
[CLEANUP], 95thPercentileLatency(us), 1
[CLEANUP], 99thPercentileLatency(us), 2224127
[UPDATE], Operations, 960
[UPDATE], AverageLatency(us), 25782.252083333333
[UPDATE], MinLatency(us), 4876
[UPDATE], MaxLatency(us), 246143
[UPDATE], 95thPercentileLatency(us), 51039
[UPDATE], 99thPercentileLatency(us), 179967
[UPDATE], Return=OK, 960
