[OVERALL], RunTime(ms), 5899
[OVERALL], Throughput(ops/sec), 678.0810306831667
[TOTAL_GCS_Copy], Count, 12
[TOTAL_GC_TIME_Copy], Time(ms), 47
[TOTAL_GC_TIME_%_Copy], Time(%), 0.7967452110527209
[TOTAL_GCS_MarkSweepCompact], Count, 1
[TOTAL_GC_TIME_MarkSweepCompact], Time(ms), 12
[TOTAL_GC_TIME_%_MarkSweepCompact], Time(%), 0.20342430920494997
[TOTAL_GCs], Count, 13
[TOTAL_GC_TIME], Time(ms), 59
[TOTAL_GC_TIME_%], Time(%), 1.0001695202576708
[READ], Operations, 3809
[READ], AverageLatency(us), 62289.31924389603
[READ], MinLatency(us), 1760
[READ], MaxLatency(us), 773631
[READ], 95thPercentileLatency(us), 139391
[READ], 99thPercentileLatency(us), 601087
[READ], Return=OK, 3809
[CLEANUP], Operations, 128
[CLEANUP], AverageLatency(us), 17385.4765625
[CLEANUP], MinLatency(us), 1
[CLEANUP], MaxLatency(us), 2226175
[CLEANUP], 95thPercentileLatency(us), 2
[CLEANUP], 99thPercentileLatency(us), 25
[INSERT], Operations, 191
[INSERT], AverageLatency(us), 88705.21465968587
[INSERT], MinLatency(us), 23360
[INSERT], MaxLatency(us), 759807
[INSERT], 95thPercentileLatency(us), 172927
[INSERT], 99thPercentileLatency(us), 514303
[INSERT], Return=OK, 191
