[OVERALL], RunTime(ms), 17411
[OVERALL], Throughput(ops/sec), 57.43495491356039
[TOTAL_GCS_Copy], Count, 17
[TOTAL_GC_TIME_Copy], Time(ms), 48
[TOTAL_GC_TIME_%_Copy], Time(%), 0.2756877835850899
[TOTAL_GCS_MarkSweepCompact], Count, 1
[TOTAL_GC_TIME_MarkSweepCompact], Time(ms), 11
[TOTAL_GC_TIME_%_MarkSweepCompact], Time(%), 0.06317845040491643
[TOTAL_GCs], Count, 18
[TOTAL_GC_TIME], Time(ms), 59
[TOTAL_GC_TIME_%], Time(%), 0.3388662339900063
[CLEANUP], Operations, 32
[CLEANUP], AverageLatency(us), 69281.59375
[CLEANUP], MinLatency(us), 1
[CLEANUP], MaxLatency(us), 2217983
[CLEANUP], 95thPercentileLatency(us), 3
[CLEANUP], 99thPercentileLatency(us), 2217983
[INSERT], Operations, 51
[INSERT], AverageLatency(us), 531435.1372549019
[INSERT], MinLatency(us), 21360
[INSERT], MaxLatency(us), 12287999
[INSERT], 95thPercentileLatency(us), 90943
[INSERT], 99thPercentileLatency(us), 12279807
[INSERT], Return=OK, 51
[SCAN], Operations, 949
[SCAN], AverageLatency(us), 429495.8187565859
[SCAN], MinLatency(us), 2162
[SCAN], MaxLatency(us), 12427263
[SCAN], 95thPercentileLatency(us), 111935
[SCAN], 99thPercentileLatency(us), 12328959
[SCAN], Return=OK, 949
