[OVERALL], RunTime(ms), 5228
[OVERALL], Throughput(ops/sec), 382.55547054322875
[TOTAL_GCS_Copy], Count, 7
[TOTAL_GC_TIME_Copy], Time(ms), 35
[TOTAL_GC_TIME_%_Copy], Time(%), 0.6694720734506504
[TOTAL_GCS_MarkSweepCompact], Count, 1
[TOTAL_GC_TIME_MarkSweepCompact], Time(ms), 12
[TOTAL_GC_TIME_%_MarkSweepCompact], Time(%), 0.22953328232593728
[TOTAL_GCs], Count, 8
[TOTAL_GC_TIME], Time(ms), 47
[TOTAL_GC_TIME_%], Time(%), 0.8990053557765877
[CLEANUP], Operations, 32
[CLEANUP], AverageLatency(us), 69665.1875
[CLEANUP], MinLatency(us), 1
[CLEANUP], MaxLatency(us), 2230271
[CLEANUP], 95thPercentileLatency(us), 2
[CLEANUP], 99thPercentileLatency(us), 2230271
[INSERT], Operations, 2000
[INSERT], AverageLatency(us), 23692.02
[INSERT], MinLatency(us), 6308
[INSERT], MaxLatency(us), 238975
[INSERT], 95thPercentileLatency(us), 43871
[INSERT], 99thPercentileLatency(us), 197887
[INSERT], Return=OK, 2000
