[OVERALL], RunTime(ms), 20720
[OVERALL], Throughput(ops/sec), 289.57528957528956
[TOTAL_GCS_Copy], Count, 78
[TOTAL_GC_TIME_Copy], Time(ms), 107
[TOTAL_GC_TIME_%_Copy], Time(%), 0.5164092664092664
[TOTAL_GCS_MarkSweepCompact], Count, 1
[TOTAL_GC_TIME_MarkSweepCompact], Time(ms), 11
[TOTAL_GC_TIME_%_MarkSweepCompact], Time(%), 0.053088803088803094
[TOTAL_GCs], Count, 79
[TOTAL_GC_TIME], Time(ms), 118
[TOTAL_GC_TIME_%], Time(%), 0.5694980694980695
[CLEANUP], Operations, 8
[CLEANUP], AverageLatency(us), 277635.125
[CLEANUP], MinLatency(us), 2
[CLEANUP], MaxLatency(us), 2222079
[CLEANUP], 95thPercentileLatency(us), 2222079
[CLEANUP], 99thPercentileLatency(us), 2222079
[INSERT], Operations, 278
[INSERT], AverageLatency(us), 33541.1582733813
[INSERT], MinLatency(us), 4388
[INSERT], MaxLatency(us), 96703
[INSERT], 95thPercentileLatency(us), 46911
[INSERT], 99thPercentileLatency(us), 56415
[INSERT], Return=OK, 278
[SCAN], Operations, 5722
[SCAN], AverageLatency(us), 21904.854421530934
[SCAN], MinLatency(us), 1683
[SCAN], MaxLatency(us), 121599
[SCAN], 95thPercentileLatency(us), 42623
[SCAN], 99thPercentileLatency(us), 48031
[SCAN], Return=OK, 5722
