[OVERALL], RunTime(ms), 4903
[OVERALL], Throughput(ops/sec), 203.95676116663267
[TOTAL_GCS_Copy], Count, 10
[TOTAL_GC_TIME_Copy], Time(ms), 40
[TOTAL_GC_TIME_%_Copy], Time(%), 0.8158270446665308
[TOTAL_GCS_MarkSweepCompact], Count, 1
[TOTAL_GC_TIME_MarkSweepCompact], Time(ms), 13
[TOTAL_GC_TIME_%_MarkSweepCompact], Time(%), 0.26514378951662243
[TOTAL_GCs], Count, 11
[TOTAL_GC_TIME], Time(ms), 53
[TOTAL_GC_TIME_%], Time(%), 1.0809708341831532
[READ], Operations, 955
[READ], AverageLatency(us), 134764.677486911
[READ], MinLatency(us), 1271
[READ], MaxLatency(us), 740351
[READ], 95thPercentileLatency(us), 631295
[READ], 99thPercentileLatency(us), 708095
[READ], Return=OK, 955
[CLEANUP], Operations, 128
[CLEANUP], AverageLatency(us), 17449.0546875
[CLEANUP], MinLatency(us), 1
[CLEANUP], MaxLatency(us), 2234367
[CLEANUP], 95thPercentileLatency(us), 1
[CLEANUP], 99thPercentileLatency(us), 6
[UPDATE], Operations, 45
[UPDATE], AverageLatency(us), 165024.15555555557
[UPDATE], MinLatency(us), 3932
[UPDATE], MaxLatency(us), 742911
[UPDATE], 95thPercentileLatency(us), 370943
[UPDATE], 99thPercentileLatency(us), 742911
[UPDATE], Return=OK, 45
