[OVERALL], RunTime(ms), 5704
[OVERALL], Throughput(ops/sec), 350.6311360448808
[TOTAL_GCS_Copy], Count, 7
[TOTAL_GC_TIME_Copy], Time(ms), 40
[TOTAL_GC_TIME_%_Copy], Time(%), 0.7012622720897616
[TOTAL_GCS_MarkSweepCompact], Count, 1
[TOTAL_GC_TIME_MarkSweepCompact], Time(ms), 11
[TOTAL_GC_TIME_%_MarkSweepCompact], Time(%), 0.1928471248246844
[TOTAL_GCs], Count, 8
[TOTAL_GC_TIME], Time(ms), 51
[TOTAL_GC_TIME_%], Time(%), 0.894109396914446
[CLEANUP], Operations, 16
[CLEANUP], AverageLatency(us), 139073.8125
[CLEANUP], MinLatency(us), 1
[CLEANUP], MaxLatency(us), 2226175
[CLEANUP], 95thPercentileLatency(us), 6
[CLEANUP], 99thPercentileLatency(us), 2226175
[INSERT], Operations, 2000
[INSERT], AverageLatency(us), 15288.644
[INSERT], MinLatency(us), 3698
[INSERT], MaxLatency(us), 148351
[INSERT], 95thPercentileLatency(us), 29375
[INSERT], 99thPercentileLatency(us), 52959
[INSERT], Return=OK, 2000
