[OVERALL], RunTime(ms), 5148
[OVERALL], Throughput(ops/sec), 388.5003885003885
[TOTAL_GCS_Copy], Count, 7
[TOTAL_GC_TIME_Copy], Time(ms), 36
[TOTAL_GC_TIME_%_Copy], Time(%), 0.6993006993006993
[TOTAL_GCS_MarkSweepCompact], Count, 1
[TOTAL_GC_TIME_MarkSweepCompact], Time(ms), 11
[TOTAL_GC_TIME_%_MarkSweepCompact], Time(%), 0.2136752136752137
[TOTAL_GCs], Count, 8
[TOTAL_GC_TIME], Time(ms), 47
[TOTAL_GC_TIME_%], Time(%), 0.912975912975913
[CLEANUP], Operations, 32
[CLEANUP], AverageLatency(us), 69665.5
[CLEANUP], MinLatency(us), 1
[CLEANUP], MaxLatency(us), 2230271
[CLEANUP], 95thPercentileLatency(us), 6
[CLEANUP], 99thPercentileLatency(us), 2230271
[INSERT], Operations, 2000
[INSERT], AverageLatency(us), 23052.821
[INSERT], MinLatency(us), 4796
[INSERT], MaxLatency(us), 250623
[INSERT], 95thPercentileLatency(us), 49311
[INSERT], 99thPercentileLatency(us), 215167
[INSERT], Return=OK, 2000
