[OVERALL], RunTime(ms), 29354
[OVERALL], Throughput(ops/sec), 68.13381481229133
[TOTAL_GCS_Copy], Count, 11
[TOTAL_GC_TIME_Copy], Time(ms), 45
[TOTAL_GC_TIME_%_Copy], Time(%), 0.15330108332765552
[TOTAL_GCS_MarkSweepCompact], Count, 1
[TOTAL_GC_TIME_MarkSweepCompact], Time(ms), 12
[TOTAL_GC_TIME_%_MarkSweepCompact], Time(%), 0.040880288887374806
[TOTAL_GCs], Count, 12
[TOTAL_GC_TIME], Time(ms), 57
[TOTAL_GC_TIME_%], Time(%), 0.19418137221503032
[CLEANUP], Operations, 128
[CLEANUP], AverageLatency(us), 17417.6328125
[CLEANUP], MinLatency(us), 1
[CLEANUP], MaxLatency(us), 2230271
[CLEANUP], 95thPercentileLatency(us), 2
[CLEANUP], 99thPercentileLatency(us), 10
[INSERT], Operations, 2000
[INSERT], AverageLatency(us), 1632782.86
[INSERT], MinLatency(us), 6240
[INSERT], MaxLatency(us), 24838143
[INSERT], 95thPercentileLatency(us), 24608767
[INSERT], 99thPercentileLatency(us), 24805375
[INSERT], Return=OK, 2000
