[OVERALL], RunTime(ms), 5292
[OVERALL], Throughput(ops/sec), 377.92894935752076
[TOTAL_GCS_Copy], Count, 7
[TOTAL_GC_TIME_Copy], Time(ms), 38
[TOTAL_GC_TIME_%_Copy], Time(%), 0.7180650037792895
[TOTAL_GCS_MarkSweepCompact], Count, 1
[TOTAL_GC_TIME_MarkSweepCompact], Time(ms), 12
[TOTAL_GC_TIME_%_MarkSweepCompact], Time(%), 0.22675736961451248
[TOTAL_GCs], Count, 8
[TOTAL_GC_TIME], Time(ms), 50
[TOTAL_GC_TIME_%], Time(%), 0.944822373393802
[CLEANUP], Operations, 32
[CLEANUP], AverageLatency(us), 69665.3125
[CLEANUP], MinLatency(us), 1
[CLEANUP], MaxLatency(us), 2230271
[CLEANUP], 95thPercentileLatency(us), 2
[CLEANUP], 99thPercentileLatency(us), 2230271
[INSERT], Operations, 2000
[INSERT], AverageLatency(us), 23896.619
[INSERT], MinLatency(us), 4292
[INSERT], MaxLatency(us), 260223
[INSERT], 95thPercentileLatency(us), 47039
[INSERT], 99thPercentileLatency(us), 216063
[INSERT], Return=OK, 2000
