[OVERALL], RunTime(ms), 36785
[OVERALL], Throughput(ops/sec), 54.36998776675275
[TOTAL_GCS_Copy], Count, 6
[TOTAL_GC_TIME_Copy], Time(ms), 33
[TOTAL_GC_TIME_%_Copy], Time(%), 0.08971047981514205
[TOTAL_GCS_MarkSweepCompact], Count, 1
[TOTAL_GC_TIME_MarkSweepCompact], Time(ms), 11
[TOTAL_GC_TIME_%_MarkSweepCompact], Time(%), 0.029903493271714012
[TOTAL_GCs], Count, 7
[TOTAL_GC_TIME], Time(ms), 44
[TOTAL_GC_TIME_%], Time(%), 0.11961397308685605
[CLEANUP], Operations, 2
[CLEANUP], AverageLatency(us), 1108484.0
[CLEANUP], MinLatency(us), 8
[CLEANUP], MaxLatency(us), 2217983
[CLEANUP], 95thPercentileLatency(us), 2217983
[CLEANUP], 99thPercentileLatency(us), 2217983
[INSERT], Operations, 2000
[INSERT], AverageLatency(us), 33035.2785
[INSERT], MinLatency(us), 2266
[INSERT], MaxLatency(us), 12066815
[INSERT], 95thPercentileLatency(us), 47231
[INSERT], 99thPercentileLatency(us), 54431
[INSERT], Return=OK, 2000
