[OVERALL], RunTime(ms), 33526
[OVERALL], Throughput(ops/sec), 59.6551929845493
[TOTAL_GCS_Copy], Count, 6
[TOTAL_GC_TIME_Copy], Time(ms), 33
[TOTAL_GC_TIME_%_Copy], Time(%), 0.09843106842450636
[TOTAL_GCS_MarkSweepCompact], Count, 1
[TOTAL_GC_TIME_MarkSweepCompact], Time(ms), 13
[TOTAL_GC_TIME_%_MarkSweepCompact], Time(%), 0.038775875439957044
[TOTAL_GCs], Count, 7
[TOTAL_GC_TIME], Time(ms), 46
[TOTAL_GC_TIME_%], Time(%), 0.1372069438644634
[CLEANUP], Operations, 2
[CLEANUP], AverageLatency(us), 1112580.0
[CLEANUP], MinLatency(us), 8
[CLEANUP], MaxLatency(us), 2226175
[CLEANUP], 95thPercentileLatency(us), 2226175
[CLEANUP], 99thPercentileLatency(us), 2226175
[INSERT], Operations, 2000
[INSERT], AverageLatency(us), 29575.7675
[INSERT], MinLatency(us), 1420
[INSERT], MaxLatency(us), 12148735
[INSERT], 95thPercentileLatency(us), 44095
[INSERT], 99thPercentileLatency(us), 47999
[INSERT], Return=OK, 2000
