[OVERALL], RunTime(ms), 6420
[OVERALL], Throughput(ops/sec), 623.0529595015577
[TOTAL_GCS_Copy], Count, 6
[TOTAL_GC_TIME_Copy], Time(ms), 34
[TOTAL_GC_TIME_%_Copy], Time(%), 0.5295950155763239
[TOTAL_GCS_MarkSweepCompact], Count, 1
[TOTAL_GC_TIME_MarkSweepCompact], Time(ms), 11
[TOTAL_GC_TIME_%_MarkSweepCompact], Time(%), 0.17133956386292834
[TOTAL_GCs], Count, 7
[TOTAL_GC_TIME], Time(ms), 45
[TOTAL_GC_TIME_%], Time(%), 0.7009345794392523
[READ], Operations, 3784
[READ], AverageLatency(us), 2513.502378435518
[READ], MinLatency(us), 641
[READ], MaxLatency(us), 59359
[READ], 95thPercentileLatency(us), 6163
[READ], 99thPercentileLatency(us), 9511
[READ], Return=OK, 3784
[CLEANUP], Operations, 4
[CLEANUP], AverageLatency(us), 556802.75
[CLEANUP], MinLatency(us), 2
[CLEANUP], MaxLatency(us), 2228223
[CLEANUP], 95thPercentileLatency(us), 2228223
[CLEANUP], 99thPercentileLatency(us), 2228223
[UPDATE], Operations, 216
[UPDATE], AverageLatency(us), 4928.347222222223
[UPDATE], MinLatency(us), 1856
[UPDATE], MaxLatency(us), 59647
[UPDATE], 95thPercentileLatency(us), 12183
[UPDATE], 99thPercentileLatency(us), 25199
[UPDATE], Return=OK, 216
