[OVERALL], RunTime(ms), 30990
[OVERALL], Throughput(ops/sec), 96.8054211035818
[TOTAL_GCS_Copy], Count, 6
[TOTAL_GC_TIME_Copy], Time(ms), 40
[TOTAL_GC_TIME_%_Copy], Time(%), 0.12907389480477574
[TOTAL_GCS_MarkSweepCompact], Count, 1
[TOTAL_GC_TIME_MarkSweepCompact], Time(ms), 11
[TOTAL_GC_TIME_%_MarkSweepCompact], Time(%), 0.03549532107131333
[TOTAL_GCs], Count, 7
[TOTAL_GC_TIME], Time(ms), 51
[TOTAL_GC_TIME_%], Time(%), 0.16456921587608905
[READ], Operations, 1503
[READ], AverageLatency(us), 4039.194278110446
[READ], MinLatency(us), 966
[READ], MaxLatency(us), 14383
[READ], 95thPercentileLatency(us), 7339
[READ], 99thPercentileLatency(us), 8439
[READ], Return=OK, 1503
[CLEANUP], Operations, 1
[CLEANUP], AverageLatency(us), 2225152.0
[CLEANUP], MinLatency(us), 2224128
[CLEANUP], MaxLatency(us), 2226175
[CLEANUP], 95thPercentileLatency(us), 2226175
[CLEANUP], 99thPercentileLatency(us), 2226175
[UPDATE], Operations, 1497
[UPDATE], AverageLatency(us), 14164.669338677355
[UPDATE], MinLatency(us), 1850
[UPDATE], MaxLatency(us), 12075007
[UPDATE], 95thPercentileLatency(us), 8295
[UPDATE], 99thPercentileLatency(us), 12399
[UPDATE], Return=OK, 1497
