[OVERALL], RunTime(ms), 18108
[OVERALL], Throughput(ops/sec), 110.4484205875856
[TOTAL_GCS_Copy], Count, 6
[TOTAL_GC_TIME_Copy], Time(ms), 33
[TOTAL_GC_TIME_%_Copy], Time(%), 0.18223989396951623
[TOTAL_GCS_MarkSweepCompact], Count, 1
[TOTAL_GC_TIME_MarkSweepCompact], Time(ms), 11
[TOTAL_GC_TIME_%_MarkSweepCompact], Time(%), 0.06074663132317208
[TOTAL_GCs], Count, 7
[TOTAL_GC_TIME], Time(ms), 44
[TOTAL_GC_TIME_%], Time(%), 0.24298652529268833
[CLEANUP], Operations, 1
[CLEANUP], AverageLatency(us), 2231296.0
[CLEANUP], MinLatency(us), 2230272
[CLEANUP], MaxLatency(us), 2232319
[CLEANUP], 95thPercentileLatency(us), 2232319
[CLEANUP], 99thPercentileLatency(us), 2232319
[INSERT], Operations, 2000
[INSERT], AverageLatency(us), 7150.777
[INSERT], MinLatency(us), 725
[INSERT], MaxLatency(us), 12132351
[INSERT], 95thPercentileLatency(us), 1493
[INSERT], 99thPercentileLatency(us), 4179
[INSERT], Return=OK, 2000
