[OVERALL], RunTime(ms), 17689
[OVERALL], Throughput(ops/sec), 113.06461642828877
[TOTAL_GCS_Copy], Count, 8
[TOTAL_GC_TIME_Copy], Time(ms), 37
[TOTAL_GC_TIME_%_Copy], Time(%), 0.2091695403923342
[TOTAL_GCS_MarkSweepCompact], Count, 1
[TOTAL_GC_TIME_MarkSweepCompact], Time(ms), 11
[TOTAL_GC_TIME_%_MarkSweepCompact], Time(%), 0.06218553903555882
[TOTAL_GCs], Count, 9
[TOTAL_GC_TIME], Time(ms), 48
[TOTAL_GC_TIME_%], Time(%), 0.27135507942789305
[CLEANUP], Operations, 64
[CLEANUP], AverageLatency(us), 34833.640625
[CLEANUP], MinLatency(us), 1
[CLEANUP], MaxLatency(us), 2230271
[CLEANUP], 95thPercentileLatency(us), 3
[CLEANUP], 99thPercentileLatency(us), 6
[INSERT], Operations, 2000
[INSERT], AverageLatency(us), 440565.786
[INSERT], MinLatency(us), 8264
[INSERT], MaxLatency(us), 12484607
[INSERT], 95thPercentileLatency(us), 73215
[INSERT], 99thPercentileLatency(us), 12443647
[INSERT], Return=OK, 2000
