[OVERALL], RunTime(ms), 5585
[OVERALL], Throughput(ops/sec), 537.1530886302596
[TOTAL_GCS_Copy], Count, 7
[TOTAL_GC_TIME_Copy], Time(ms), 39
[TOTAL_GC_TIME_%_Copy], Time(%), 0.6982990152193375
[TOTAL_GCS_MarkSweepCompact], Count, 1
[TOTAL_GC_TIME_MarkSweepCompact], Time(ms), 11
[TOTAL_GC_TIME_%_MarkSweepCompact], Time(%), 0.19695613249776184
[TOTAL_GCs], Count, 8
[TOTAL_GC_TIME], Time(ms), 50
[TOTAL_GC_TIME_%], Time(%), 0.8952551477170994
[READ], Operations, 1500
[READ], AverageLatency(us), 16749.72266666667
[READ], MinLatency(us), 1150
[READ], MaxLatency(us), 251775
[READ], 95thPercentileLatency(us), 39167
[READ], 99thPercentileLatency(us), 77375
[READ], Return=OK, 1500
[CLEANUP], Operations, 32
[CLEANUP], AverageLatency(us), 69729.21875
[CLEANUP], MinLatency(us), 1
[CLEANUP], MaxLatency(us), 2232319
[CLEANUP], 95thPercentileLatency(us), 2
[CLEANUP], 99thPercentileLatency(us), 2232319
[UPDATE], Operations, 1500
[UPDATE], AverageLatency(us), 22060.641333333333
[UPDATE], MinLatency(us), 4876
[UPDATE], MaxLatency(us), 280575
[UPDATE], 95thPercentileLatency(us), 46239
[UPDATE], 99thPercentileLatency(us), 149631
[UPDATE], Return=OK, 1500
