[OVERALL], RunTime(ms), 30204
[OVERALL], Throughput(ops/sec), 33.10819758972322
[TOTAL_GCS_Copy], Count, 16
[TOTAL_GC_TIME_Copy], Time(ms), 53
[TOTAL_GC_TIME_%_Copy], Time(%), 0.17547344722553304
[TOTAL_GCS_MarkSweepCompact], Count, 1
[TOTAL_GC_TIME_MarkSweepCompact], Time(ms), 19
[TOTAL_GC_TIME_%_MarkSweepCompact], Time(%), 0.0629055754204741
[TOTAL_GCs], Count, 17
[TOTAL_GC_TIME], Time(ms), 72
[TOTAL_GC_TIME_%], Time(%), 0.23837902264600713
[CLEANUP], Operations, 1
[CLEANUP], AverageLatency(us), 2231296.0
[CLEANUP], MinLatency(us), 2230272
[CLEANUP], MaxLatency(us), 2232319
[CLEANUP], 95thPercentileLatency(us), 2232319
[CLEANUP], 99thPercentileLatency(us), 2232319
[INSERT], Operations, 59
[INSERT], AverageLatency(us), 31944.915254237287
[INSERT], MinLatency(us), 7348
[INSERT], MaxLatency(us), 71871
[INSERT], 95thPercentileLatency(us), 42623
[INSERT], 99thPercentileLatency(us), 45439
[INSERT], Return=OK, 59
[SCAN], Operations, 941
[SCAN], AverageLatency(us), 26008.241232731136
[SCAN], MinLatency(us), 1886
[SCAN], MaxLatency(us), 12115967
[SCAN], 95thPercentileLatency(us), 24319
[SCAN], 99thPercentileLatency(us), 29647
[SCAN], Return=OK, 941
