[OVERALL], RunTime(ms), 8149
[OVERALL], Throughput(ops/sec), 245.42888697999754
[TOTAL_GCS_Copy], Count, 6
[TOTAL_GC_TIME_Copy], Time(ms), 35
[TOTAL_GC_TIME_%_Copy], Time(%), 0.4295005522149957
[TOTAL_GCS_MarkSweepCompact], Count, 1
[TOTAL_GC_TIME_MarkSweepCompact], Time(ms), 11
[TOTAL_GC_TIME_%_MarkSweepCompact], Time(%), 0.13498588783899865
[TOTAL_GCs], Count, 7
[TOTAL_GC_TIME], Time(ms), 46
[TOTAL_GC_TIME_%], Time(%), 0.5644864400539944
[CLEANUP], Operations, 8
[CLEANUP], AverageLatency(us), 278659.125
[CLEANUP], MinLatency(us), 2
[CLEANUP], MaxLatency(us), 2230271
[CLEANUP], 95thPercentileLatency(us), 2230271
[CLEANUP], 99thPercentileLatency(us), 2230271
[INSERT], Operations, 2000
[INSERT], AverageLatency(us), 17494.746
[INSERT], MinLatency(us), 1793
[INSERT], MaxLatency(us), 88383
[INSERT], 95thPercentileLatency(us), 47583
[INSERT], 99thPercentileLatency(us), 72127
[INSERT], Return=OK, 2000
