[OVERALL], RunTime(ms), 6652
[OVERALL], Throughput(ops/sec), 300.6614552014432
[TOTAL_GCS_Copy], Count, 7
[TOTAL_GC_TIME_Copy], Time(ms), 41
[TOTAL_GC_TIME_%_Copy], Time(%), 0.6163559831629586
[TOTAL_GCS_MarkSweepCompact], Count, 1
[TOTAL_GC_TIME_MarkSweepCompact], Time(ms), 11
[TOTAL_GC_TIME_%_MarkSweepCompact], Time(%), 0.16536380036079376
[TOTAL_GCs], Count, 8
[TOTAL_GC_TIME], Time(ms), 52
[TOTAL_GC_TIME_%], Time(%), 0.7817197835237523
[CLEANUP], Operations, 32
[CLEANUP], AverageLatency(us), 69538.0
[CLEANUP], MinLatency(us), 1
[CLEANUP], MaxLatency(us), 2226175
[CLEANUP], 95thPercentileLatency(us), 4
[CLEANUP], 99thPercentileLatency(us), 2226175
[INSERT], Operations, 2000
[INSERT], AverageLatency(us), 44692.092
[INSERT], MinLatency(us), 23072
[INSERT], MaxLatency(us), 245375
[INSERT], 95thPercentileLatency(us), 67775
[INSERT], 99thPercentileLatency(us), 213119
[INSERT], Return=OK, 2000
