[OVERALL], RunTime(ms), 7520
[OVERALL], Throughput(ops/sec), 132.9787234042553
[TOTAL_GCS_Copy], Count, 4
[TOTAL_GC_TIME_Copy], Time(ms), 23
[TOTAL_GC_TIME_%_Copy], Time(%), 0.3058510638297872
[TOTAL_GCS_MarkSweepCompact], Count, 1
[TOTAL_GC_TIME_MarkSweepCompact], Time(ms), 11
[TOTAL_GC_TIME_%_MarkSweepCompact], Time(%), 0.14627659574468085
[TOTAL_GCs], Count, 5
[TOTAL_GC_TIME], Time(ms), 34
[TOTAL_GC_TIME_%], Time(%), 0.45212765957446804
[READ], Operations, 938
[READ], AverageLatency(us), 13919.925373134329
[READ], MinLatency(us), 1005
[READ], MaxLatency(us), 71039
[READ], 95thPercentileLatency(us), 20351
[READ], 99thPercentileLatency(us), 35231
[READ], Return=OK, 938
[CLEANUP], Operations, 4
[CLEANUP], AverageLatency(us), 557315.0
[CLEANUP], MinLatency(us), 2
[CLEANUP], MaxLatency(us), 2230271
[CLEANUP], 95thPercentileLatency(us), 2230271
[CLEANUP], 99thPercentileLatency(us), 2230271
[INSERT], Operations, 62
[INSERT], AverageLatency(us), 32722.83870967742
[INSERT], MinLatency(us), 19984
[INSERT], MaxLatency(us), 75455
[INSERT], 95thPercentileLatency(us), 38751
[INSERT], 99thPercentileLatency(us), 57663
[INSERT], Return=OK, 62
