[OVERALL], RunTime(ms), 5192
[OVERALL], Throughput(ops/sec), 385.2080123266564
[TOTAL_GCS_Copy], Count, 7
[TOTAL_GC_TIME_Copy], Time(ms), 35
[TOTAL_GC_TIME_%_Copy], Time(%), 0.6741140215716487
[TOTAL_GCS_MarkSweepCompact], Count, 1
[TOTAL_GC_TIME_MarkSweepCompact], Time(ms), 11
[TOTAL_GC_TIME_%_MarkSweepCompact], Time(%), 0.211864406779661
[TOTAL_GCs], Count, 8
[TOTAL_GC_TIME], Time(ms), 46
[TOTAL_GC_TIME_%], Time(%), 0.8859784283513097
[CLEANUP], Operations, 32
[CLEANUP], AverageLatency(us), 69601.28125
[CLEANUP], MinLatency(us), 1
[CLEANUP], MaxLatency(us), 2228223
[CLEANUP], 95thPercentileLatency(us), 2
[CLEANUP], 99thPercentileLatency(us), 2228223
[INSERT], Operations, 2000
[INSERT], AverageLatency(us), 23702.7135
[INSERT], MinLatency(us), 3268
[INSERT], MaxLatency(us), 269823
[INSERT], 95thPercentileLatency(us), 44735
[INSERT], 99thPercentileLatency(us), 206719
[INSERT], Return=OK, 2000
