[OVERALL], RunTime(ms), 5838
[OVERALL], Throughput(ops/sec), 685.1661527920521
[TOTAL_GCS_Copy], Count, 9
[TOTAL_GC_TIME_Copy], Time(ms), 41
[TOTAL_GC_TIME_%_Copy], Time(%), 0.7022953066118534
[TOTAL_GCS_MarkSweepCompact], Count, 1
[TOTAL_GC_TIME_MarkSweepCompact], Time(ms), 12
[TOTAL_GC_TIME_%_MarkSweepCompact], Time(%), 0.20554984583761562
[TOTAL_GCs], Count, 10
[TOTAL_GC_TIME], Time(ms), 53
[TOTAL_GC_TIME_%], Time(%), 0.9078451524494691
[READ], Operations, 4000
[READ], AverageLatency(us), 33127.1085
[READ], MinLatency(us), 1207
[READ], MaxLatency(us), 479231
[READ], 95thPercentileLatency(us), 75071
[READ], 99thPercentileLatency(us), 334847
[READ], Return=OK, 4000
[CLEANUP], Operations, 64
[CLEANUP], AverageLatency(us), 34833.515625
[CLEANUP], MinLatency(us), 1
[CLEANUP], MaxLatency(us), 2230271
[CLEANUP], 95thPercentileLatency(us), 2
[CLEANUP], 99thPercentileLatency(us), 6
