[OVERALL], RunTime(ms), 36816
[OVERALL], Throughput(ops/sec), 54.32420686657975
[TOTAL_GCS_Copy], Count, 6
[TOTAL_GC_TIME_Copy], Time(ms), 35
[TOTAL_GC_TIME_%_Copy], Time(%), 0.09506736201651456
[TOTAL_GCS_MarkSweepCompact], Count, 1
[TOTAL_GC_TIME_MarkSweepCompact], Time(ms), 11
[TOTAL_GC_TIME_%_MarkSweepCompact], Time(%), 0.02987831377661886
[TOTAL_GCs], Count, 7
[TOTAL_GC_TIME], Time(ms), 46
[TOTAL_GC_TIME_%], Time(%), 0.12494567579313341
[CLEANUP], Operations, 2
[CLEANUP], AverageLatency(us), 1109508.0
[CLEANUP], MinLatency(us), 8
[CLEANUP], MaxLatency(us), 2220031
[CLEANUP], 95thPercentileLatency(us), 2220031
[CLEANUP], 99thPercentileLatency(us), 2220031
[INSERT], Operations, 2000
[INSERT], AverageLatency(us), 32790.7605
[INSERT], MinLatency(us), 1929
[INSERT], MaxLatency(us), 12099583
[INSERT], 95thPercentileLatency(us), 46623
[INSERT], 99thPercentileLatency(us), 54815
[INSERT], Return=OK, 2000
