[OVERALL], RunTime(ms), 4973
[OVERALL], Throughput(ops/sec), 201.08586366378444
[TOTAL_GCS_Copy], Count, 4
[TOTAL_GC_TIME_Copy], Time(ms), 23
[TOTAL_GC_TIME_%_Copy], Time(%), 0.4624974864267042
[TOTAL_GCS_MarkSweepCompact], Count, 1
[TOTAL_GC_TIME_MarkSweepCompact], Time(ms), 11
[TOTAL_GC_TIME_%_MarkSweepCompact], Time(%), 0.22119445003016286
[TOTAL_GCs], Count, 5
[TOTAL_GC_TIME], Time(ms), 34
[TOTAL_GC_TIME_%], Time(%), 0.6836919364568671
[READ], Operations, 960
[READ], AverageLatency(us), 1193.5020833333333
[READ], MinLatency(us), 625
[READ], MaxLatency(us), 39935
[READ], 95thPercentileLatency(us), 3167
[READ], 99thPercentileLatency(us), 4863
[READ], Return=OK, 960
[CLEANUP], Operations, 1
[CLEANUP], AverageLatency(us), 2227200.0
[CLEANUP], MinLatency(us), 2226176
[CLEANUP], MaxLatency(us), 2228223
[CLEANUP], 95thPercentileLatency(us), 2228223
[CLEANUP], 99thPercentileLatency(us), 2228223
[UPDATE], Operations, 40
[UPDATE], AverageLatency(us), 2461.625
[UPDATE], MinLatency(us), 1000
[UPDATE], MaxLatency(us), 13143
[UPDATE], 95thPercentileLatency(us), 6599
[UPDATE], 99thPercentileLatency(us), 13143
[UPDATE], Return=OK, 40
