[OVERALL], RunTime(ms), 9878
[OVERALL], Throughput(ops/sec), 202.47013565499088
[TOTAL_GCS_Copy], Count, 7
[TOTAL_GC_TIME_Copy], Time(ms), 34
[TOTAL_GC_TIME_%_Copy], Time(%), 0.3441992306134845
[TOTAL_GCS_MarkSweepCompact], Count, 1
[TOTAL_GC_TIME_MarkSweepCompact], Time(ms), 11
[TOTAL_GC_TIME_%_MarkSweepCompact], Time(%), 0.11135857461024498
[TOTAL_GCs], Count, 8
[TOTAL_GC_TIME], Time(ms), 45
[TOTAL_GC_TIME_%], Time(%), 0.45555780522372946
[CLEANUP], Operations, 16
[CLEANUP], AverageLatency(us), 139202.9375
[CLEANUP], MinLatency(us), 1
[CLEANUP], MaxLatency(us), 2228223
[CLEANUP], 95thPercentileLatency(us), 8
[CLEANUP], 99thPercentileLatency(us), 2228223
[INSERT], Operations, 2000
[INSERT], AverageLatency(us), 46825.42
[INSERT], MinLatency(us), 17664
[INSERT], MaxLatency(us), 141951
[INSERT], 95thPercentileLatency(us), 92095
[INSERT], 99thPercentileLatency(us), 117439
[INSERT], Return=OK, 2000
