[OVERALL], RunTime(ms), 53516
[OVERALL], Throughput(ops/sec), 37.37200089692802
[TOTAL_GCS_Copy], Count, 6
[TOTAL_GC_TIME_Copy], Time(ms), 33
[TOTAL_GC_TIME_%_Copy], Time(%), 0.06166380147993124
[TOTAL_GCS_MarkSweepCompact], Count, 1
[TOTAL_GC_TIME_MarkSweepCompact], Time(ms), 12
[TOTAL_GC_TIME_%_MarkSweepCompact], Time(%), 0.02242320053815681
[TOTAL_GCs], Count, 7
[TOTAL_GC_TIME], Time(ms), 45
[TOTAL_GC_TIME_%], Time(%), 0.08408700201808805
[CLEANUP], Operations, 2
[CLEANUP], AverageLatency(us), 1109508.5
[CLEANUP], MinLatency(us), 9
[CLEANUP], MaxLatency(us), 2220031
[CLEANUP], 95thPercentileLatency(us), 2220031
[CLEANUP], 99thPercentileLatency(us), 2220031
[INSERT], Operations, 2000
[INSERT], AverageLatency(us), 49628.5855
[INSERT], MinLatency(us), 3130
[INSERT], MaxLatency(us), 12156927
[INSERT], 95thPercentileLatency(us), 64991
[INSERT], 99thPercentileLatency(us), 80383
[INSERT], Return=OK, 2000
