[OVERALL], RunTime(ms), 5361
[OVERALL], Throughput(ops/sec), 373.06472673008767
[TOTAL_GCS_Copy], Count, 11
[TOTAL_GC_TIME_Copy], Time(ms), 44
[TOTAL_GC_TIME_%_Copy], Time(%), 0.8207423988061929
[TOTAL_GCS_MarkSweepCompact], Count, 1
[TOTAL_GC_TIME_MarkSweepCompact], Time(ms), 12
[TOTAL_GC_TIME_%_MarkSweepCompact], Time(%), 0.22383883603805263
[TOTAL_GCs], Count, 12
[TOTAL_GC_TIME], Time(ms), 56
[TOTAL_GC_TIME_%], Time(%), 1.0445812348442454
[CLEANUP], Operations, 128
[CLEANUP], AverageLatency(us), 17401.171875
[CLEANUP], MinLatency(us), 1
[CLEANUP], MaxLatency(us), 2228223
[CLEANUP], 95thPercentileLatency(us), 2
[CLEANUP], 99thPercentileLatency(us), 5
[INSERT], Operations, 2000
[INSERT], AverageLatency(us), 97472.792
[INSERT], MinLatency(us), 26576
[INSERT], MaxLatency(us), 711679
[INSERT], 95thPercentileLatency(us), 519167
[INSERT], 99thPercentileLatency(us), 652799
[INSERT], Return=OK, 2000
