[OVERALL], RunTime(ms), 17398
[OVERALL], Throughput(ops/sec), 114.95574203931487
[TOTAL_GCS_Copy], Count, 11
[TOTAL_GC_TIME_Copy], Time(ms), 44
[TOTAL_GC_TIME_%_Copy], Time(%), 0.2529026324864927
[TOTAL_GCS_MarkSweepCompact], Count, 1
[TOTAL_GC_TIME_MarkSweepCompact], Time(ms), 12
[TOTAL_GC_TIME_%_MarkSweepCompact], Time(%), 0.06897344522358892
[TOTAL_GCs], Count, 12
[TOTAL_GC_TIME], Time(ms), 56
[TOTAL_GC_TIME_%], Time(%), 0.32187607771008164
[CLEANUP], Operations, 128
[CLEANUP], AverageLatency(us), 17417.4375
[CLEANUP], MinLatency(us), 1
[CLEANUP], MaxLatency(us), 2230271
[CLEANUP], 95thPercentileLatency(us), 2
[CLEANUP], 99thPercentileLatency(us), 18
[INSERT], Operations, 2000
[INSERT], AverageLatency(us), 868630.298
[INSERT], MinLatency(us), 3198
[INSERT], MaxLatency(us), 12886015
[INSERT], 95thPercentileLatency(us), 12607487
[INSERT], 99thPercentileLatency(us), 12763135
[INSERT], Return=OK, 2000
