[OVERALL], RunTime(ms), 14942
[OVERALL], Throughput(ops/sec), 133.8508901084192
[TOTAL_GCS_Copy], Count, 6
[TOTAL_GC_TIME_Copy], Time(ms), 36
[TOTAL_GC_TIME_%_Copy], Time(%), 0.24093160219515458
[TOTAL_GCS_MarkSweepCompact], Count, 1
[TOTAL_GC_TIME_MarkSweepCompact], Time(ms), 11
[TOTAL_GC_TIME_%_MarkSweepCompact], Time(%), 0.07361798955963057
[TOTAL_GCs], Count, 7
[TOTAL_GC_TIME], Time(ms), 47
[TOTAL_GC_TIME_%], Time(%), 0.3145495917547852
[CLEANUP], Operations, 8
[CLEANUP], AverageLatency(us), 277891.125
[CLEANUP], MinLatency(us), 2
[CLEANUP], MaxLatency(us), 2224127
[CLEANUP], 95thPercentileLatency(us), 2224127
[CLEANUP], 99thPercentileLatency(us), 2224127
[INSERT], Operations, 2000
[INSERT], AverageLatency(us), 43779.708
[INSERT], MinLatency(us), 9976
[INSERT], MaxLatency(us), 140031
[INSERT], 95thPercentileLatency(us), 76543
[INSERT], 99thPercentileLatency(us), 96447
[INSERT], Return=OK, 2000
