[OVERALL], RunTime(ms), 138295
[OVERALL], Throughput(ops/sec), 14.237680321052823
[TOTAL_GCS_Copy], Count, 9
[TOTAL_GC_TIME_Copy], Time(ms), 39
[TOTAL_GC_TIME_%_Copy], Time(%), 0.02820058570447232
[TOTAL_GCS_MarkSweepCompact], Count, 1
[TOTAL_GC_TIME_MarkSweepCompact], Time(ms), 13
[TOTAL_GC_TIME_%_MarkSweepCompact], Time(%), 0.009400195234824108
[TOTAL_GCs], Count, 10
[TOTAL_GC_TIME], Time(ms), 52
[TOTAL_GC_TIME_%], Time(%), 0.03760078093929643
[CLEANUP], Operations, 64
[CLEANUP], AverageLatency(us), 34737.65625
[CLEANUP], MinLatency(us), 1
[CLEANUP], MaxLatency(us), 2224127
[CLEANUP], 95thPercentileLatency(us), 3
[CLEANUP], 99thPercentileLatency(us), 5
[INSERT], Operations, 1969
[INSERT], AverageLatency(us), 4302866.449974607
[INSERT], MinLatency(us), 19168
[INSERT], MaxLatency(us), 133431295
[INSERT], 95thPercentileLatency(us), 65727
[INSERT], 99thPercentileLatency(us), 133365759
[INSERT], Return=OK, 1969
[INSERT], Return=ERROR, 1
[INSERT-FAILED], Operations, 1
[INSERT-FAILED], AverageLatency(us), 1.3320192E8
[INSERT-FAILED], MinLatency(us), 133169152
[INSERT-FAILED], MaxLatency(us), 133234687
[INSERT-FAILED], 95thPercentileLatency(us), 133234687
[INSERT-FAILED], 99thPercentileLatency(us), 133234687
