[OVERALL], RunTime(ms), 51510
[OVERALL], Throughput(ops/sec), 38.82741215298
[TOTAL_GCS_Copy], Count, 6
[TOTAL_GC_TIME_Copy], Time(ms), 36
[TOTAL_GC_TIME_%_Copy], Time(%), 0.06988934187536401
[TOTAL_GCS_MarkSweepCompact], Count, 1
[TOTAL_GC_TIME_MarkSweepCompact], Time(ms), 13
[TOTAL_GC_TIME_%_MarkSweepCompact], Time(%), 0.025237817899437003
[TOTAL_GCs], Count, 7
[TOTAL_GC_TIME], Time(ms), 49
[TOTAL_GC_TIME_%], Time(%), 0.09512715977480102
[CLEANUP], Operations, 1
[CLEANUP], AverageLatency(us), 2223104.0
[CLEANUP], MinLatency(us), 2222080
[CLEANUP], MaxLatency(us), 2224127
[CLEANUP], 95thPercentileLatency(us), 2224127
[CLEANUP], 99thPercentileLatency(us), 2224127
[INSERT], Operations, 2000
[INSERT], AverageLatency(us), 23886.5995
[INSERT], MinLatency(us), 2978
[INSERT], MaxLatency(us), 12058623
[INSERT], 95thPercentileLatency(us), 41887
[INSERT], 99thPercentileLatency(us), 47615
[INSERT], Return=OK, 2000
