[OVERALL], RunTime(ms), 5183
[OVERALL], Throughput(ops/sec), 385.87690526721974
[TOTAL_GCS_Copy], Count, 7
[TOTAL_GC_TIME_Copy], Time(ms), 39
[TOTAL_GC_TIME_%_Copy], Time(%), 0.7524599652710785
[TOTAL_GCS_MarkSweepCompact], Count, 1
[TOTAL_GC_TIME_MarkSweepCompact], Time(ms), 11
[TOTAL_GC_TIME_%_MarkSweepCompact], Time(%), 0.21223229789697085
[TOTAL_GCs], Count, 8
[TOTAL_GC_TIME], Time(ms), 50
[TOTAL_GC_TIME_%], Time(%), 0.9646922631680493
[CLEANUP], Operations, 32
[CLEANUP], AverageLatency(us), 69857.125
[CLEANUP], MinLatency(us), 1
[CLEANUP], MaxLatency(us), 2236415
[CLEANUP], 95thPercentileLatency(us), 2
[CLEANUP], 99thPercentileLatency(us), 2236415
[INSERT], Operations, 2000
[INSERT], AverageLatency(us), 22944.9035
[INSERT], MinLatency(us), 2054
[INSERT], MaxLatency(us), 232447
[INSERT], 95thPercentileLatency(us), 50559
[INSERT], 99thPercentileLatency(us), 202623
[INSERT], Return=OK, 2000
