[OVERALL], RunTime(ms), 6068
[OVERALL], Throughput(ops/sec), 823.9947264337508
[TOTAL_GCS_Copy], Count, 8
[TOTAL_GC_TIME_Copy], Time(ms), 36
[TOTAL_GC_TIME_%_Copy], Time(%), 0.5932762030323006
[TOTAL_GCS_MarkSweepCompact], Count, 1
[TOTAL_GC_TIME_MarkSweepCompact], Time(ms), 11
[TOTAL_GC_TIME_%_MarkSweepCompact], Time(%), 0.1812788398154252
[TOTAL_GCs], Count, 9
[TOTAL_GC_TIME], Time(ms), 47
[TOTAL_GC_TIME_%], Time(%), 0.7745550428477257
[READ], Operations, 4730
[READ], AverageLatency(us), 7229.328329809725
[READ], MinLatency(us), 800
[READ], MaxLatency(us), 148863
[READ], 95thPercentileLatency(us), 19215
[READ], 99thPercentileLatency(us), 27583
[READ], Return=OK, 4730
[CLEANUP], Operations, 16
[CLEANUP], AverageLatency(us), 139201.875
[CLEANUP], MinLatency(us), 1
[CLEANUP], MaxLatency(us), 2228223
[CLEANUP], 95thPercentileLatency(us), 7
[CLEANUP], 99thPercentileLatency(us), 2228223
[UPDATE], Operations, 270
[UPDATE], AverageLatency(us), 10650.514814814815
[UPDATE], MinLatency(us), 2624
[UPDATE], MaxLatency(us), 128511
[UPDATE], 95thPercentileLatency(us), 30047
[UPDATE], 99thPercentileLatency(us), 55455
[UPDATE], Return=OK, 270
