[OVERALL], RunTime(ms), 5773
[OVERALL], Throughput(ops/sec), 519.6604884808592
[TOTAL_GCS_Copy], Count, 6
[TOTAL_GC_TIME_Copy], Time(ms), 34
[TOTAL_GC_TIME_%_Copy], Time(%), 0.5889485536116403
[TOTAL_GCS_MarkSweepCompact], Count, 1
[TOTAL_GC_TIME_MarkSweepCompact], Time(ms), 11
[TOTAL_GC_TIME_%_MarkSweepCompact], Time(%), 0.19054217910964838
[TOTAL_GCs], Count, 7
[TOTAL_GC_TIME], Time(ms), 45
[TOTAL_GC_TIME_%], Time(%), 0.7794907327212888
[READ], Operations, 1486
[READ], AverageLatency(us), 8543.164872139972
[READ], MinLatency(us), 1177
[READ], MaxLatency(us), 148095
[READ], 95thPercentileLatency(us), 19439
[READ], 99thPercentileLatency(us), 29455
[READ], Return=OK, 1486
[CLEANUP], Operations, 16
[CLEANUP], AverageLatency(us), 139202.0625
[CLEANUP], MinLatency(us), 1
[CLEANUP], MaxLatency(us), 2228223
[CLEANUP], 95thPercentileLatency(us), 6
[CLEANUP], 99thPercentileLatency(us), 2228223
[UPDATE], Operations, 1514
[UPDATE], AverageLatency(us), 12986.459709379129
[UPDATE], MinLatency(us), 5012
[UPDATE], MaxLatency(us), 174207
[UPDATE], 95thPercentileLatency(us), 24047
[UPDATE], 99thPercentileLatency(us), 56799
[UPDATE], Return=OK, 1514
