[OVERALL], RunTime(ms), 7154
[OVERALL], Throughput(ops/sec), 279.56388034665923
[TOTAL_GCS_Copy], Count, 28
[TOTAL_GC_TIME_Copy], Time(ms), 69
[TOTAL_GC_TIME_%_Copy], Time(%), 0.9644953871959744
[TOTAL_GCS_MarkSweepCompact], Count, 1
[TOTAL_GC_TIME_MarkSweepCompact], Time(ms), 11
[TOTAL_GC_TIME_%_MarkSweepCompact], Time(%), 0.15376013419066256
[TOTAL_GCs], Count, 29
[TOTAL_GC_TIME], Time(ms), 80
[TOTAL_GC_TIME_%], Time(%), 1.118255521386637
[CLEANUP], Operations, 16
[CLEANUP], AverageLatency(us), 139330.75
[CLEANUP], MinLatency(us), 2
[CLEANUP], MaxLatency(us), 2230271
[CLEANUP], 95thPercentileLatency(us), 7
[CLEANUP], 99thPercentileLatency(us), 2230271
[INSERT], Operations, 114
[INSERT], AverageLatency(us), 39863.43859649123
[INSERT], MinLatency(us), 9288
[INSERT], MaxLatency(us), 112383
[INSERT], 95thPercentileLatency(us), 72319
[INSERT], 99thPercentileLatency(us), 92287
[INSERT], Return=OK, 114
[SCAN], Operations, 1886
[SCAN], AverageLatency(us), 24938.384941675504
[SCAN], MinLatency(us), 2468
[SCAN], MaxLatency(us), 188287
[SCAN], 95thPercentileLatency(us), 47359
[SCAN], 99thPercentileLatency(us), 68735
[SCAN], Return=OK, 1886
