[OVERALL], RunTime(ms), 48950
[OVERALL], Throughput(ops/sec), 40.85801838610828
[TOTAL_GCS_Copy], Count, 6
[TOTAL_GC_TIME_Copy], Time(ms), 38
[TOTAL_GC_TIME_%_Copy], Time(%), 0.07763023493360573
[TOTAL_GCS_MarkSweepCompact], Count, 1
[TOTAL_GC_TIME_MarkSweepCompact], Time(ms), 12
[TOTAL_GC_TIME_%_MarkSweepCompact], Time(%), 0.024514811031664963
[TOTAL_GCs], Count, 7
[TOTAL_GC_TIME], Time(ms), 50
[TOTAL_GC_TIME_%], Time(%), 0.10214504596527069
[CLEANUP], Operations, 4
[CLEANUP], AverageLatency(us), 554243.0
[CLEANUP], MinLatency(us), 1
[CLEANUP], MaxLatency(us), 2217983
[CLEANUP], 95thPercentileLatency(us), 2217983
[CLEANUP], 99thPercentileLatency(us), 2217983
[INSERT], Operations, 2000
[INSERT], AverageLatency(us), 89823.1425
[INSERT], MinLatency(us), 2738
[INSERT], MaxLatency(us), 24215551
[INSERT], 95thPercentileLatency(us), 77119
[INSERT], 99thPercentileLatency(us), 95103
[INSERT], Return=OK, 2000
