[OVERALL], RunTime(ms), 33756
[OVERALL], Throughput(ops/sec), 59.248726152387725
[TOTAL_GCS_Copy], Count, 6
[TOTAL_GC_TIME_Copy], Time(ms), 32
[TOTAL_GC_TIME_%_Copy], Time(%), 0.09479796184382036
[TOTAL_GCS_MarkSweepCompact], Count, 1
[TOTAL_GC_TIME_MarkSweepCompact], Time(ms), 11
[TOTAL_GC_TIME_%_MarkSweepCompact], Time(%), 0.032586799383813245
[TOTAL_GCs], Count, 7
[TOTAL_GC_TIME], Time(ms), 43
[TOTAL_GC_TIME_%], Time(%), 0.1273847612276336
[CLEANUP], Operations, 1
[CLEANUP], AverageLatency(us), 2221056.0
[CLEANUP], MinLatency(us), 2220032
[CLEANUP], MaxLatency(us), 2222079
[CLEANUP], 95thPercentileLatency(us), 2222079
[CLEANUP], 99thPercentileLatency(us), 2222079
[INSERT], Operations, 2000
[INSERT], AverageLatency(us), 15021.744
[INSERT], MinLatency(us), 1542
[INSERT], MaxLatency(us), 47263
[INSERT], 95thPercentileLatency(us), 42463
[INSERT], 99thPercentileLatency(us), 44031
[INSERT], Return=OK, 2000
