[OVERALL], RunTime(ms), 5174
[OVERALL], Throughput(ops/sec), 386.5481252415926
[TOTAL_GCS_Copy], Count, 7
[TOTAL_GC_TIME_Copy], Time(ms), 35
[TOTAL_GC_TIME_%_Copy], Time(%), 0.6764592191727871
[TOTAL_GCS_MarkSweepCompact], Count, 1
[TOTAL_GC_TIME_MarkSweepCompact], Time(ms), 13
[TOTAL_GC_TIME_%_MarkSweepCompact], Time(%), 0.25125628140703515
[TOTAL_GCs], Count, 8
[TOTAL_GC_TIME], Time(ms), 48
[TOTAL_GC_TIME_%], Time(%), 0.9277155005798222
[CLEANUP], Operations, 32
[CLEANUP], AverageLatency(us), 69729.75
[CLEANUP], MinLatency(us), 1
[CLEANUP], MaxLatency(us), 2232319
[CLEANUP], 95thPercentileLatency(us), 9
[CLEANUP], 99thPercentileLatency(us), 2232319
[INSERT], Operations, 2000
[INSERT], AverageLatency(us), 23184.468
[INSERT], MinLatency(us), 5116
[INSERT], MaxLatency(us), 256255
[INSERT], 95thPercentileLatency(us), 45279
[INSERT], 99thPercentileLatency(us), 195967
[INSERT], Return=OK, 2000
