[OVERALL], RunTime(ms), 8998
[OVERALL], Throughput(ops/sec), 222.2716159146477
[TOTAL_GCS_Copy], Count, 5
[TOTAL_GC_TIME_Copy], Time(ms), 29
[TOTAL_GC_TIME_%_Copy], Time(%), 0.32229384307623915
[TOTAL_GCS_MarkSweepCompact], Count, 1
[TOTAL_GC_TIME_MarkSweepCompact], Time(ms), 11
[TOTAL_GC_TIME_%_MarkSweepCompact], Time(%), 0.12224938875305623
[TOTAL_GCs], Count, 6
[TOTAL_GC_TIME], Time(ms), 40
[TOTAL_GC_TIME_%], Time(%), 0.44454323182929534
[READ], Operations, 1011
[READ], AverageLatency(us), 4170.463897131553
[READ], MinLatency(us), 797
[READ], MaxLatency(us), 24879
[READ], 95thPercentileLatency(us), 7575
[READ], 99thPercentileLatency(us), 9471
[READ], Return=OK, 1011
[CLEANUP], Operations, 2
[CLEANUP], AverageLatency(us), 1112580.0
[CLEANUP], MinLatency(us), 8
[CLEANUP], MaxLatency(us), 2226175
[CLEANUP], 95thPercentileLatency(us), 2226175
[CLEANUP], 99thPercentileLatency(us), 2226175
[UPDATE], Operations, 989
[UPDATE], AverageLatency(us), 6372.451971688574
[UPDATE], MinLatency(us), 1603
[UPDATE], MaxLatency(us), 50495
[UPDATE], 95thPercentileLatency(us), 9055
[UPDATE], 99thPercentileLatency(us), 12047
[UPDATE], Return=OK, 989
