[OVERALL], RunTime(ms), 7104
[OVERALL], Throughput(ops/sec), 422.2972972972973
[TOTAL_GCS_Copy], Count, 32
[TOTAL_GC_TIME_Copy], Time(ms), 227
[TOTAL_GC_TIME_%_Copy], Time(%), 3.1953828828828827
[TOTAL_GCS_MarkSweepCompact], Count, 3
[TOTAL_GC_TIME_MarkSweepCompact], Time(ms), 63
[TOTAL_GC_TIME_%_MarkSweepCompact], Time(%), 0.8868243243243243
[TOTAL_GCs], Count, 35
[TOTAL_GC_TIME], Time(ms), 290
[TOTAL_GC_TIME_%], Time(%), 4.082207207207207
[CLEANUP], Operations, 128
[CLEANUP], AverageLatency(us), 17371.375
[CLEANUP], MinLatency(us), 1
[CLEANUP], MaxLatency(us), 2224127
[CLEANUP], 95thPercentileLatency(us), 3
[CLEANUP], 99thPercentileLatency(us), 116
[INSERT], Operations, 142
[INSERT], AverageLatency(us), 121655.43661971831
[INSERT], MinLatency(us), 17872
[INSERT], MaxLatency(us), 619519
[INSERT], 95thPercentileLatency(us), 300799
[INSERT], 99thPercentileLatency(us), 391423
[INSERT], Return=OK, 142
[SCAN], Operations, 2858
[SCAN], AverageLatency(us), 133887.7932120364
[SCAN], MinLatency(us), 2792
[SCAN], MaxLatency(us), 931327
[SCAN], 95thPercentileLatency(us), 377599
[SCAN], 99thPercentileLatency(us), 777215
[SCAN], Return=OK, 2858
