[OVERALL], RunTime(ms), 9244
[OVERALL], Throughput(ops/sec), 432.7131112072696
[TOTAL_GCS_Copy], Count, 6
[TOTAL_GC_TIME_Copy], Time(ms), 41
[TOTAL_GC_TIME_%_Copy], Time(%), 0.44353093898745133
[TOTAL_GCS_MarkSweepCompact], Count, 1
[TOTAL_GC_TIME_MarkSweepCompact], Time(ms), 20
[TOTAL_GC_TIME_%_MarkSweepCompact], Time(%), 0.21635655560363476
[TOTAL_GCs], Count, 7
[TOTAL_GC_TIME], Time(ms), 61
[TOTAL_GC_TIME_%], Time(%), 0.6598874945910861
[READ], Operations, 4000
[READ], AverageLatency(us), 5459.60675
[READ], MinLatency(us), 638
[READ], MaxLatency(us), 54015
[READ], 95thPercentileLatency(us), 10383
[READ], 99thPercentileLatency(us), 12847
[READ], Return=OK, 4000
[CLEANUP], Operations, 4
[CLEANUP], AverageLatency(us), 556291.25
[CLEANUP], MinLatency(us), 3
[CLEANUP], MaxLatency(us), 2226175
[CLEANUP], 95thPercentileLatency(us), 2226175
[CLEANUP], 99thPercentileLatency(us), 2226175
