[OVERALL], RunTime(ms), 5803
[OVERALL], Throughput(ops/sec), 344.64931931759435
[TOTAL_GCS_Copy], Count, 7
[TOTAL_GC_TIME_Copy], Time(ms), 34
[TOTAL_GC_TIME_%_Copy], Time(%), 0.5859038428399104
[TOTAL_GCS_MarkSweepCompact], Count, 1
[TOTAL_GC_TIME_MarkSweepCompact], Time(ms), 11
[TOTAL_GC_TIME_%_MarkSweepCompact], Time(%), 0.18955712562467691
[TOTAL_GCs], Count, 8
[TOTAL_GC_TIME], Time(ms), 45
[TOTAL_GC_TIME_%], Time(%), 0.7754609684645873
[CLEANUP], Operations, 16
[CLEANUP], AverageLatency(us), 139075.0625
[CLEANUP], MinLatency(us), 1
[CLEANUP], MaxLatency(us), 2226175
[CLEANUP], 95thPercentileLatency(us), 17
[CLEANUP], 99thPercentileLatency(us), 2226175
[INSERT], Operations, 2000
[INSERT], AverageLatency(us), 16124.8445
[INSERT], MinLatency(us), 3266
[INSERT], MaxLatency(us), 162303
[INSERT], 95thPercentileLatency(us), 33631
[INSERT], 99thPercentileLatency(us), 59743
[INSERT], Return=OK, 2000
