[OVERALL], RunTime(ms), 69794
[OVERALL], Throughput(ops/sec), 28.655758374645384
[TOTAL_GCS_Copy], Count, 6
[TOTAL_GC_TIME_Copy], Time(ms), 39
[TOTAL_GC_TIME_%_Copy], Time(%), 0.0558787288305585
[TOTAL_GCS_MarkSweepCompact], Count, 1
[TOTAL_GC_TIME_MarkSweepCompact], Time(ms), 13
[TOTAL_GC_TIME_%_MarkSweepCompact], Time(%), 0.0186262429435195
[TOTAL_GCs], Count, 7
[TOTAL_GC_TIME], Time(ms), 52
[TOTAL_GC_TIME_%], Time(%), 0.074504971774078
[CLEANUP], Operations, 1
[CLEANUP], AverageLatency(us), 2219008.0
[CLEANUP], MinLatency(us), 2217984
[CLEANUP], MaxLatency(us), 2220031
[CLEANUP], 95thPercentileLatency(us), 2220031
[CLEANUP], 99thPercentileLatency(us), 2220031
[INSERT], Operations, 2000
[INSERT], AverageLatency(us), 32992.4335
[INSERT], MinLatency(us), 3566
[INSERT], MaxLatency(us), 91583
[INSERT], 95thPercentileLatency(us), 56255
[INSERT], 99thPercentileLatency(us), 66303
[INSERT], Return=OK, 2000
