[OVERALL], RunTime(ms), 5905
[OVERALL], Throughput(ops/sec), 846.740050804403
[TOTAL_GCS_Copy], Count, 8
[TOTAL_GC_TIME_Copy], Time(ms), 37
[TOTAL_GC_TIME_%_Copy], Time(%), 0.6265876375952583
[TOTAL_GCS_MarkSweepCompact], Count, 1
[TOTAL_GC_TIME_MarkSweepCompact], Time(ms), 11
[TOTAL_GC_TIME_%_MarkSweepCompact], Time(%), 0.18628281117696868
[TOTAL_GCs], Count, 9
[TOTAL_GC_TIME], Time(ms), 48
[TOTAL_GC_TIME_%], Time(%), 0.8128704487722269
[READ], Operations, 4760
[READ], AverageLatency(us), 13789.767016806723
[READ], MinLatency(us), 765
[READ], MaxLatency(us), 232575
[READ], 95thPercentileLatency(us), 38143
[READ], 99thPercentileLatency(us), 57407
[READ], Return=OK, 4760
[CLEANUP], Operations, 32
[CLEANUP], AverageLatency(us), 69473.78125
[CLEANUP], MinLatency(us), 1
[CLEANUP], MaxLatency(us), 2224127
[CLEANUP], 95thPercentileLatency(us), 2
[CLEANUP], 99thPercentileLatency(us), 2224127
[UPDATE], Operations, 240
[UPDATE], AverageLatency(us), 18550.658333333333
[UPDATE], MinLatency(us), 2526
[UPDATE], MaxLatency(us), 178943
[UPDATE], 95thPercentileLatency(us), 47935
[UPDATE], 99thPercentileLatency(us), 128063
[UPDATE], Return=OK, 240
