[OVERALL], RunTime(ms), 7719
[OVERALL], Throughput(ops/sec), 259.1009198082653
[TOTAL_GCS_Copy], Count, 6
[TOTAL_GC_TIME_Copy], Time(ms), 39
[TOTAL_GC_TIME_%_Copy], Time(%), 0.5052467936261174
[TOTAL_GCS_MarkSweepCompact], Count, 1
[TOTAL_GC_TIME_MarkSweepCompact], Time(ms), 11
[TOTAL_GC_TIME_%_MarkSweepCompact], Time(%), 0.14250550589454594
[TOTAL_GCs], Count, 7
[TOTAL_GC_TIME], Time(ms), 50
[TOTAL_GC_TIME_%], Time(%), 0.6477522995206633
[CLEANUP], Operations, 8
[CLEANUP], AverageLatency(us), 278915.125
[CLEANUP], MinLatency(us), 1
[CLEANUP], MaxLatency(us), 2232319
[CLEANUP], 95thPercentileLatency(us), 2232319
[CLEANUP], 99thPercentileLatency(us), 2232319
[INSERT], Operations, 2000
[INSERT], AverageLatency(us), 15160.4085
[INSERT], MinLatency(us), 3708
[INSERT], MaxLatency(us), 94783
[INSERT], 95thPercentileLatency(us), 46591
[INSERT], 99thPercentileLatency(us), 59775
[INSERT], Return=OK, 2000
