[OVERALL], RunTime(ms), 8317
[OVERALL], Throughput(ops/sec), 240.4713237946375
[TOTAL_GCS_Copy], Count, 6
[TOTAL_GC_TIME_Copy], Time(ms), 32
[TOTAL_GC_TIME_%_Copy], Time(%), 0.38475411807142
[TOTAL_GCS_MarkSweepCompact], Count, 1
[TOTAL_GC_TIME_MarkSweepCompact], Time(ms), 23
[TOTAL_GC_TIME_%_MarkSweepCompact], Time(%), 0.27654202236383313
[TOTAL_GCs], Count, 7
[TOTAL_GC_TIME], Time(ms), 55
[TOTAL_GC_TIME_%], Time(%), 0.6612961404352531
[CLEANUP], Operations, 8
[CLEANUP], AverageLatency(us), 278147.375
[CLEANUP], MinLatency(us), 3
[CLEANUP], MaxLatency(us), 2226175
[CLEANUP], 95thPercentileLatency(us), 2226175
[CLEANUP], 99thPercentileLatency(us), 2226175
[INSERT], Operations, 2000
[INSERT], AverageLatency(us), 17547.493
[INSERT], MinLatency(us), 2364
[INSERT], MaxLatency(us), 85183
[INSERT], 95thPercentileLatency(us), 48735
[INSERT], 99thPercentileLatency(us), 65727
[INSERT], Return=OK, 2000
