[OVERALL], RunTime(ms), 17542
[OVERALL], Throughput(ops/sec), 114.01208528103979
[TOTAL_GCS_Copy], Count, 11
[TOTAL_GC_TIME_Copy], Time(ms), 44
[TOTAL_GC_TIME_%_Copy], Time(%), 0.2508265876182875
[TOTAL_GCS_MarkSweepCompact], Count, 1
[TOTAL_GC_TIME_MarkSweepCompact], Time(ms), 12
[TOTAL_GC_TIME_%_MarkSweepCompact], Time(%), 0.06840725116862387
[TOTAL_GCs], Count, 12
[TOTAL_GC_TIME], Time(ms), 56
[TOTAL_GC_TIME_%], Time(%), 0.3192338387869114
[CLEANUP], Operations, 128
[CLEANUP], AverageLatency(us), 17385.3984375
[CLEANUP], MinLatency(us), 1
[CLEANUP], MaxLatency(us), 2226175
[CLEANUP], 95thPercentileLatency(us), 2
[CLEANUP], 99thPercentileLatency(us), 8
[INSERT], Operations, 2000
[INSERT], AverageLatency(us), 874148.392
[INSERT], MinLatency(us), 24624
[INSERT], MaxLatency(us), 12812287
[INSERT], 95thPercentileLatency(us), 12656639
[INSERT], 99thPercentileLatency(us), 12771327
[INSERT], Return=OK, 2000
