[OVERALL], RunTime(ms), 34120
[OVERALL], Throughput(ops/sec), 58.61664712778429
[TOTAL_GCS_Copy], Count, 6
[TOTAL_GC_TIME_Copy], Time(ms), 36
[TOTAL_GC_TIME_%_Copy], Time(%), 0.10550996483001172
[TOTAL_GCS_MarkSweepCompact], Count, 1
[TOTAL_GC_TIME_MarkSweepCompact], Time(ms), 12
[TOTAL_GC_TIME_%_MarkSweepCompact], Time(%), 0.035169988276670575
[TOTAL_GCs], Count, 7
[TOTAL_GC_TIME], Time(ms), 48
[TOTAL_GC_TIME_%], Time(%), 0.1406799531066823
[CLEANUP], Operations, 2
[CLEANUP], AverageLatency(us), 1110532.0
[CLEANUP], MinLatency(us), 8
[CLEANUP], MaxLatency(us), 2222079
[CLEANUP], 95thPercentileLatency(us), 2222079
[CLEANUP], 99thPercentileLatency(us), 2222079
[INSERT], Operations, 2000
[INSERT], AverageLatency(us), 29875.178
[INSERT], MinLatency(us), 2068
[INSERT], MaxLatency(us), 12058623
[INSERT], 95thPercentileLatency(us), 44351
[INSERT], 99thPercentileLatency(us), 52927
[INSERT], Return=OK, 2000
