[OVERALL], RunTime(ms), 9888
[OVERALL], Throughput(ops/sec), 202.26537216828478
[TOTAL_GCS_Copy], Count, 6
[TOTAL_GC_TIME_Copy], Time(ms), 33
[TOTAL_GC_TIME_%_Copy], Time(%), 0.33373786407766987
[TOTAL_GCS_MarkSweepCompact], Count, 1
[TOTAL_GC_TIME_MarkSweepCompact], Time(ms), 12
[TOTAL_GC_TIME_%_MarkSweepCompact], Time(%), 0.12135922330097086
[TOTAL_GCs], Count, 7
[TOTAL_GC_TIME], Time(ms), 45
[TOTAL_GC_TIME_%], Time(%), 0.45509708737864074
[CLEANUP], Operations, 8
[CLEANUP], AverageLatency(us), 278147.875
[CLEANUP], MinLatency(us), 2
[CLEANUP], MaxLatency(us), 2226175
[CLEANUP], 95thPercentileLatency(us), 2226175
[CLEANUP], 99thPercentileLatency(us), 2226175
[INSERT], Operations, 2000
[INSERT], AverageLatency(us), 23826.7405
[INSERT], MinLatency(us), 3364
[INSERT], MaxLatency(us), 90879
[INSERT], 95thPercentileLatency(us), 52063
[INSERT], 99thPercentileLatency(us), 64351
[INSERT], Return=OK, 2000
