[OVERALL], RunTime(ms), 5436
[OVERALL], Throughput(ops/sec), 367.91758646063283
[TOTAL_GCS_Copy], Count, 11
[TOTAL_GC_TIME_Copy], Time(ms), 44
[TOTAL_GC_TIME_%_Copy], Time(%), 0.8094186902133923
[TOTAL_GCS_MarkSweepCompact], Count, 1
[TOTAL_GC_TIME_MarkSweepCompact], Time(ms), 12
[TOTAL_GC_TIME_%_MarkSweepCompact], Time(%), 0.22075055187637968
[TOTAL_GCs], Count, 12
[TOTAL_GC_TIME], Time(ms), 56
[TOTAL_GC_TIME_%], Time(%), 1.030169242089772
[CLEANUP], Operations, 128
[CLEANUP], AverageLatency(us), 17449.203125
[CLEANUP], MinLatency(us), 1
[CLEANUP], MaxLatency(us), 2234367
[CLEANUP], 95thPercentileLatency(us), 2
[CLEANUP], 99thPercentileLatency(us), 5
[INSERT], Operations, 2000
[INSERT], AverageLatency(us), 98515.624
[INSERT], MinLatency(us), 21408
[INSERT], MaxLatency(us), 703999
[INSERT], 95thPercentileLatency(us), 496383
[INSERT], 99thPercentileLatency(us), 646655
[INSERT], Return=OK, 2000
