[OVERALL], RunTime(ms), 16186
[OVERALL], Throughput(ops/sec), 308.90893364636105
[TOTAL_GCS_Copy], Count, 7
[TOTAL_GC_TIME_Copy], Time(ms), 36
[TOTAL_GC_TIME_%_Copy], Time(%), 0.22241443222537996
[TOTAL_GCS_MarkSweepCompact], Count, 1
[TOTAL_GC_TIME_MarkSweepCompact], Time(ms), 11
[TOTAL_GC_TIME_%_MarkSweepCompact], Time(%), 0.06795996540219944
[TOTAL_GCs], Count, 8
[TOTAL_GC_TIME], Time(ms), 47
[TOTAL_GC_TIME_%], Time(%), 0.2903743976275794
[READ], Operations, 2570
[READ], AverageLatency(us), 3652.676653696498
[READ], MinLatency(us), 706
[READ], MaxLatency(us), 38495
[READ], 95thPercentileLatency(us), 7231
[READ], 99thPercentileLatency(us), 7895
[READ], Return=OK, 2570
[CLEANUP], Operations, 2
[CLEANUP], AverageLatency(us), 1113604.5
[CLEANUP], MinLatency(us), 9
[CLEANUP], MaxLatency(us), 2228223
[CLEANUP], 95thPercentileLatency(us), 2228223
[CLEANUP], 99thPercentileLatency(us), 2228223
[UPDATE], Operations, 2430
[UPDATE], AverageLatency(us), 6358.628395061728
[UPDATE], MinLatency(us), 1600
[UPDATE], MaxLatency(us), 41695
[UPDATE], 95thPercentileLatency(us), 8327
[UPDATE], 99thPercentileLatency(us), 11399
[UPDATE], Return=OK, 2430
