[OVERALL], RunTime(ms), 17281
[OVERALL], Throughput(ops/sec), 115.7340431687981
[TOTAL_GCS_Copy], Count, 8
[TOTAL_GC_TIME_Copy], Time(ms), 40
[TOTAL_GC_TIME_%_Copy], Time(%), 0.23146808633759622
[TOTAL_GCS_MarkSweepCompact], Count, 1
[TOTAL_GC_TIME_MarkSweepCompact], Time(ms), 12
[TOTAL_GC_TIME_%_MarkSweepCompact], Time(%), 0.06944042590127886
[TOTAL_GCs], Count, 9
[TOTAL_GC_TIME], Time(ms), 52
[TOTAL_GC_TIME_%], Time(%), 0.30090851223887505
[CLEANUP], Operations, 64
[CLEANUP], AverageLatency(us), 34769.171875
[CLEANUP], MinLatency(us), 1
[CLEANUP], MaxLatency(us), 2226175
[CLEANUP], 95thPercentileLatency(us), 2
[CLEANUP], 99thPercentileLatency(us), 6
[INSERT], Operations, 2000
[INSERT], AverageLatency(us), 432066.881
[INSERT], MinLatency(us), 5964
[INSERT], MaxLatency(us), 12517375
[INSERT], 95thPercentileLatency(us), 88639
[INSERT], 99thPercentileLatency(us), 12468223
[INSERT], Return=OK, 2000
