[OVERALL], RunTime(ms), 15115
[OVERALL], Throughput(ops/sec), 132.31888852133642
[TOTAL_GCS_Copy], Count, 6
[TOTAL_GC_TIME_Copy], Time(ms), 32
[TOTAL_GC_TIME_%_Copy], Time(%), 0.21171022163413827
[TOTAL_GCS_MarkSweepCompact], Count, 1
[TOTAL_GC_TIME_MarkSweepCompact], Time(ms), 21
[TOTAL_GC_TIME_%_MarkSweepCompact], Time(%), 0.13893483294740325
[TOTAL_GCs], Count, 7
[TOTAL_GC_TIME], Time(ms), 53
[TOTAL_GC_TIME_%], Time(%), 0.35064505458154155
[CLEANUP], Operations, 8
[CLEANUP], AverageLatency(us), 277891.125
[CLEANUP], MinLatency(us), 1
[CLEANUP], MaxLatency(us), 2224127
[CLEANUP], 95thPercentileLatency(us), 2224127
[CLEANUP], 99thPercentileLatency(us), 2224127
[INSERT], Operations, 2000
[INSERT], AverageLatency(us), 44736.094
[INSERT], MinLatency(us), 13368
[INSERT], MaxLatency(us), 133759
[INSERT], 95thPercentileLatency(us), 81023
[INSERT], 99thPercentileLatency(us), 104447
[INSERT], Return=OK, 2000
