[OVERALL], RunTime(ms), 5256
[OVERALL], Throughput(ops/sec), 380.517503805175
[TOTAL_GCS_Copy], Count, 7
[TOTAL_GC_TIME_Copy], Time(ms), 36
[TOTAL_GC_TIME_%_Copy], Time(%), 0.684931506849315
[TOTAL_GCS_MarkSweepCompact], Count, 1
[TOTAL_GC_TIME_MarkSweepCompact], Time(ms), 11
[TOTAL_GC_TIME_%_MarkSweepCompact], Time(%), 0.20928462709284626
[TOTAL_GCs], Count, 8
[TOTAL_GC_TIME], Time(ms), 47
[TOTAL_GC_TIME_%], Time(%), 0.8942161339421613
[CLEANUP], Operations, 32
[CLEANUP], AverageLatency(us), 69601.40625
[CLEANUP], MinLatency(us), 1
[CLEANUP], MaxLatency(us), 2228223
[CLEANUP], 95thPercentileLatency(us), 2
[CLEANUP], 99thPercentileLatency(us), 2228223
[INSERT], Operations, 2000
[INSERT], AverageLatency(us), 24450.135
[INSERT], MinLatency(us), 5196
[INSERT], MaxLatency(us), 275711
[INSERT], 95thPercentileLatency(us), 50207
[INSERT], 99thPercentileLatency(us), 223871
[INSERT], Return=OK, 2000
