[OVERALL], RunTime(ms), 29299
[OVERALL], Throughput(ops/sec), 68.26171541690843
[TOTAL_GCS_Copy], Count, 11
[TOTAL_GC_TIME_Copy], Time(ms), 45
[TOTAL_GC_TIME_%_Copy], Time(%), 0.15358885968804395
[TOTAL_GCS_MarkSweepCompact], Count, 1
[TOTAL_GC_TIME_MarkSweepCompact], Time(ms), 13
[TOTAL_GC_TIME_%_MarkSweepCompact], Time(%), 0.044370115020990475
[TOTAL_GCs], Count, 12
[TOTAL_GC_TIME], Time(ms), 58
[TOTAL_GC_TIME_%], Time(%), 0.19795897470903442
[CLEANUP], Operations, 128
[CLEANUP], AverageLatency(us), 17417.21875
[CLEANUP], MinLatency(us), 1
[CLEANUP], MaxLatency(us), 2230271
[CLEANUP], 95thPercentileLatency(us), 2
[CLEANUP], 99thPercentileLatency(us), 13
[INSERT], Operations, 2000
[INSERT], AverageLatency(us), 1631102.9105
[INSERT], MinLatency(us), 2678
[INSERT], MaxLatency(us), 24838143
[INSERT], 95thPercentileLatency(us), 24625151
[INSERT], 99thPercentileLatency(us), 24756223
[INSERT], Return=OK, 2000
