[OVERALL], RunTime(ms), 5286
[OVERALL], Throughput(ops/sec), 378.35792659856224
[TOTAL_GCS_Copy], Count, 10
[TOTAL_GC_TIME_Copy], Time(ms), 40
[TOTAL_GC_TIME_%_Copy], Time(%), 0.7567158531971245
[TOTAL_GCS_MarkSweepCompact], Count, 1
[TOTAL_GC_TIME_MarkSweepCompact], Time(ms), 12
[TOTAL_GC_TIME_%_MarkSweepCompact], Time(%), 0.22701475595913734
[TOTAL_GCs], Count, 11
[TOTAL_GC_TIME], Time(ms), 52
[TOTAL_GC_TIME_%], Time(%), 0.9837306091562618
[READ], Operations, 1014
[READ], AverageLatency(us), 88765.63806706114
[READ], MinLatency(us), 1193
[READ], MaxLatency(us), 711679
[READ], 95thPercentileLatency(us), 440319
[READ], 99thPercentileLatency(us), 637951
[READ], Return=OK, 1014
[CLEANUP], Operations, 128
[CLEANUP], AverageLatency(us), 17433.046875
[CLEANUP], MinLatency(us), 1
[CLEANUP], MaxLatency(us), 2232319
[CLEANUP], 95thPercentileLatency(us), 1
[CLEANUP], 99thPercentileLatency(us), 4
[UPDATE], Operations, 986
[UPDATE], AverageLatency(us), 98700.61561866126
[UPDATE], MinLatency(us), 3296
[UPDATE], MaxLatency(us), 709631
[UPDATE], 95thPercentileLatency(us), 475391
[UPDATE], 99thPercentileLatency(us), 650751
[UPDATE], Return=OK, 986
