[OVERALL], RunTime(ms), 17037
[OVERALL], Throughput(ops/sec), 58.69577977343429
[TOTAL_GCS_Copy], Count, 4
[TOTAL_GC_TIME_Copy], Time(ms), 23
[TOTAL_GC_TIME_%_Copy], Time(%), 0.13500029347889886
[TOTAL_GCS_MarkSweepCompact], Count, 1
[TOTAL_GC_TIME_MarkSweepCompact], Time(ms), 11
[TOTAL_GC_TIME_%_MarkSweepCompact], Time(%), 0.06456535775077772
[TOTAL_GCs], Count, 5
[TOTAL_GC_TIME], Time(ms), 34
[TOTAL_GC_TIME_%], Time(%), 0.1995656512296766
[READ], Operations, 936
[READ], AverageLatency(us), 28099.82371794872
[READ], MinLatency(us), 854
[READ], MaxLatency(us), 12075007
[READ], 95thPercentileLatency(us), 4379
[READ], 99thPercentileLatency(us), 7067
[READ], Return=OK, 936
[CLEANUP], Operations, 2
[CLEANUP], AverageLatency(us), 1116675.0
[CLEANUP], MinLatency(us), 6
[CLEANUP], MaxLatency(us), 2234367
[CLEANUP], 95thPercentileLatency(us), 2234367
[CLEANUP], 99thPercentileLatency(us), 2234367
[UPDATE], Operations, 64
[UPDATE], AverageLatency(us), 4445.5625
[UPDATE], MinLatency(us), 2462
[UPDATE], MaxLatency(us), 15575
[UPDATE], 95thPercentileLatency(us), 11343
[UPDATE], 99thPercentileLatency(us), 13103
[UPDATE], Return=OK, 64
