[OVERALL], RunTime(ms), 5389
[OVERALL], Throughput(ops/sec), 371.12636852848397
[TOTAL_GCS_Copy], Count, 11
[TOTAL_GC_TIME_Copy], Time(ms), 44
[TOTAL_GC_TIME_%_Copy], Time(%), 0.8164780107626647
[TOTAL_GCS_MarkSweepCompact], Count, 1
[TOTAL_GC_TIME_MarkSweepCompact], Time(ms), 12
[TOTAL_GC_TIME_%_MarkSweepCompact], Time(%), 0.2226758211170904
[TOTAL_GCs], Count, 12
[TOTAL_GC_TIME], Time(ms), 56
[TOTAL_GC_TIME_%], Time(%), 1.039153831879755
[CLEANUP], Operations, 128
[CLEANUP], AverageLatency(us), 17417.1015625
[CLEANUP], MinLatency(us), 1
[CLEANUP], MaxLatency(us), 2230271
[CLEANUP], 95thPercentileLatency(us), 2
[CLEANUP], 99thPercentileLatency(us), 5
[INSERT], Operations, 2000
[INSERT], AverageLatency(us), 95757.811
[INSERT], MinLatency(us), 3046
[INSERT], MaxLatency(us), 784895
[INSERT], 95thPercentileLatency(us), 533503
[INSERT], 99thPercentileLatency(us), 753151
[INSERT], Return=OK, 2000
