[OVERALL], RunTime(ms), 18651
[OVERALL], Throughput(ops/sec), 53.61642807356174
[TOTAL_GCS_Copy], Count, 4
[TOTAL_GC_TIME_Copy], Time(ms), 28
[TOTAL_GC_TIME_%_Copy], Time(%), 0.15012599860597287
[TOTAL_GCS_MarkSweepCompact], Count, 1
[TOTAL_GC_TIME_MarkSweepCompact], Time(ms), 11
[TOTAL_GC_TIME_%_MarkSweepCompact], Time(%), 0.058978070880917915
[TOTAL_GCs], Count, 5
[TOTAL_GC_TIME], Time(ms), 39
[TOTAL_GC_TIME_%], Time(%), 0.20910406948689078
[READ], Operations, 1000
[READ], AverageLatency(us), 29791.019
[READ], MinLatency(us), 906
[READ], MaxLatency(us), 12075007
[READ], 95thPercentileLatency(us), 11759
[READ], 99thPercentileLatency(us), 13063
[READ], Return=OK, 1000
[CLEANUP], Operations, 2
[CLEANUP], AverageLatency(us), 1111555.5
[CLEANUP], MinLatency(us), 7
[CLEANUP], MaxLatency(us), 2224127
[CLEANUP], 95thPercentileLatency(us), 2224127
[CLEANUP], 99thPercentileLatency(us), 2224127
