[OVERALL], RunTime(ms), 5368
[OVERALL], Throughput(ops/sec), 372.5782414307005
[TOTAL_GCS_Copy], Count, 8
[TOTAL_GC_TIME_Copy], Time(ms), 39
[TOTAL_GC_TIME_%_Copy], Time(%), 0.7265275707898659
[TOTAL_GCS_MarkSweepCompact], Count, 1
[TOTAL_GC_TIME_MarkSweepCompact], Time(ms), 12
[TOTAL_GC_TIME_%_MarkSweepCompact], Time(%), 0.22354694485842028
[TOTAL_GCs], Count, 9
[TOTAL_GC_TIME], Time(ms), 51
[TOTAL_GC_TIME_%], Time(%), 0.9500745156482862
[CLEANUP], Operations, 64
[CLEANUP], AverageLatency(us), 34801.3125
[CLEANUP], MinLatency(us), 1
[CLEANUP], MaxLatency(us), 2228223
[CLEANUP], 95thPercentileLatency(us), 2
[CLEANUP], 99thPercentileLatency(us), 9
[INSERT], Operations, 2000
[INSERT], AverageLatency(us), 49473.229
[INSERT], MinLatency(us), 6420
[INSERT], MaxLatency(us), 507903
[INSERT], 95thPercentileLatency(us), 97215
[INSERT], 99thPercentileLatency(us), 404991
[INSERT], Return=OK, 2000
