[OVERALL], RunTime(ms), 5214
[OVERALL], Throughput(ops/sec), 383.5826620636747
[TOTAL_GCS_Copy], Count, 6
[TOTAL_GC_TIME_Copy], Time(ms), 33
[TOTAL_GC_TIME_%_Copy], Time(%), 0.6329113924050633
[TOTAL_GCS_MarkSweepCompact], Count, 1
[TOTAL_GC_TIME_MarkSweepCompact], Time(ms), 12
[TOTAL_GC_TIME_%_MarkSweepCompact], Time(%), 0.23014959723820483
[TOTAL_GCs], Count, 7
[TOTAL_GC_TIME], Time(ms), 45
[TOTAL_GC_TIME_%], Time(%), 0.863060989643268
[READ], Operations, 1001
[READ], AverageLatency(us), 41626.93306693307
[READ], MinLatency(us), 1177
[READ], MaxLatency(us), 375551
[READ], 95thPercentileLatency(us), 88063
[READ], 99thPercentileLatency(us), 337919
[READ], Return=OK, 1001
[CLEANUP], Operations, 64
[CLEANUP], AverageLatency(us), 34897.109375
[CLEANUP], MinLatency(us), 1
[CLEANUP], MaxLatency(us), 2234367
[CLEANUP], 95thPercentileLatency(us), 2
[CLEANUP], 99thPercentileLatency(us), 6
[UPDATE], Operations, 999
[UPDATE], AverageLatency(us), 48400.21221221221
[UPDATE], MinLatency(us), 4148
[UPDATE], MaxLatency(us), 387839
[UPDATE], 95thPercentileLatency(us), 100351
[UPDATE], 99thPercentileLatency(us), 357631
[UPDATE], Return=OK, 999
