[OVERALL], RunTime(ms), 6797
[OVERALL], Throughput(ops/sec), 735.6186552890981
[TOTAL_GCS_Copy], Count, 7
[TOTAL_GC_TIME_Copy], Time(ms), 39
[TOTAL_GC_TIME_%_Copy], Time(%), 0.5737825511254966
[TOTAL_GCS_MarkSweepCompact], Count, 1
[TOTAL_GC_TIME_MarkSweepCompact], Time(ms), 11
[TOTAL_GC_TIME_%_MarkSweepCompact], Time(%), 0.16183610416360159
[TOTAL_GCs], Count, 8
[TOTAL_GC_TIME], Time(ms), 50
[TOTAL_GC_TIME_%], Time(%), 0.7356186552890981
[READ], Operations, 4758
[READ], AverageLatency(us), 2372.9909625893233
[READ], MinLatency(us), 644
[READ], MaxLatency(us), 57919
[READ], 95thPercentileLatency(us), 5619
[READ], 99thPercentileLatency(us), 9591
[READ], Return=OK, 4758
[CLEANUP], Operations, 4
[CLEANUP], AverageLatency(us), 557314.75
[CLEANUP], MinLatency(us), 2
[CLEANUP], MaxLatency(us), 2230271
[CLEANUP], 95thPercentileLatency(us), 2230271
[CLEANUP], 99thPercentileLatency(us), 2230271
[UPDATE], Operations, 242
[UPDATE], AverageLatency(us), 4268.074380165289
[UPDATE], MinLatency(us), 1824
[UPDATE], MaxLatency(us), 24607
[UPDATE], 95thPercentileLatency(us), 10479
[UPDATE], 99thPercentileLatency(us), 20831
[UPDATE], Return=OK, 242
