[OVERALL], RunTime(ms), 17359
[OVERALL], Throughput(ops/sec), 115.21401002361887
[TOTAL_GCS_Copy], Count, 11
[TOTAL_GC_TIME_Copy], Time(ms), 45
[TOTAL_GC_TIME_%_Copy], Time(%), 0.25923152255314247
[TOTAL_GCS_MarkSweepCompact], Count, 1
[TOTAL_GC_TIME_MarkSweepCompact], Time(ms), 12
[TOTAL_GC_TIME_%_MarkSweepCompact], Time(%), 0.06912840601417132
[TOTAL_GCs], Count, 12
[TOTAL_GC_TIME], Time(ms), 57
[TOTAL_GC_TIME_%], Time(%), 0.3283599285673138
[CLEANUP], Operations, 128
[CLEANUP], AverageLatency(us), 17385.2265625
[CLEANUP], MinLatency(us), 1
[CLEANUP], MaxLatency(us), 2226175
[CLEANUP], 95thPercentileLatency(us), 2
[CLEANUP], 99thPercentileLatency(us), 6
[INSERT], Operations, 2000
[INSERT], AverageLatency(us), 864559.918
[INSERT], MinLatency(us), 7884
[INSERT], MaxLatency(us), 12787711
[INSERT], 95thPercentileLatency(us), 12582911
[INSERT], 99thPercentileLatency(us), 12746751
[INSERT], Return=OK, 2000
