[OVERALL], RunTime(ms), 31905
[OVERALL], Throughput(ops/sec), 125.37219871493497
[TOTAL_GCS_Copy], Count, 7
[TOTAL_GC_TIME_Copy], Time(ms), 34
[TOTAL_GC_TIME_%_Copy], Time(%), 0.1065663689076947
[TOTAL_GCS_MarkSweepCompact], Count, 1
[TOTAL_GC_TIME_MarkSweepCompact], Time(ms), 12
[TOTAL_GC_TIME_%_MarkSweepCompact], Time(%), 0.037611659614480486
[TOTAL_GCs], Count, 8
[TOTAL_GC_TIME], Time(ms), 46
[TOTAL_GC_TIME_%], Time(%), 0.1441780285221752
[READ], Operations, 3763
[READ], AverageLatency(us), 13048.519798033483
[READ], MinLatency(us), 679
[READ], MaxLatency(us), 71743
[READ], 95thPercentileLatency(us), 19439
[READ], 99thPercentileLatency(us), 24991
[READ], Return=OK, 3763
[CLEANUP], Operations, 2
[CLEANUP], AverageLatency(us), 1113604.5
[CLEANUP], MinLatency(us), 9
[CLEANUP], MaxLatency(us), 2228223
[CLEANUP], 95thPercentileLatency(us), 2228223
[CLEANUP], 99thPercentileLatency(us), 2228223
[INSERT], Operations, 237
[INSERT], AverageLatency(us), 29262.354430379746
[INSERT], MinLatency(us), 5620
[INSERT], MaxLatency(us), 59135
[INSERT], 95thPercentileLatency(us), 38143
[INSERT], 99thPercentileLatency(us), 39455
[INSERT], Return=OK, 237
