[OVERALL], RunTime(ms), 17914
[OVERALL], Throughput(ops/sec), 223.28904767221167
[TOTAL_GCS_Copy], Count, 12
[TOTAL_GC_TIME_Copy], Time(ms), 46
[TOTAL_GC_TIME_%_Copy], Time(%), 0.25678240482304343
[TOTAL_GCS_MarkSweepCompact], Count, 1
[TOTAL_GC_TIME_MarkSweepCompact], Time(ms), 12
[TOTAL_GC_TIME_%_MarkSweepCompact], Time(%), 0.0669867143016635
[TOTAL_GCs], Count, 13
[TOTAL_GC_TIME], Time(ms), 58
[TOTAL_GC_TIME_%], Time(%), 0.32376911912470696
[READ], Operations, 3799
[READ], AverageLatency(us), 422182.840484338
[READ], MinLatency(us), 918
[READ], MaxLatency(us), 12812287
[READ], 95thPercentileLatency(us), 150527
[READ], 99thPercentileLatency(us), 12705791
[READ], Return=OK, 3799
[CLEANUP], Operations, 128
[CLEANUP], AverageLatency(us), 17401.4921875
[CLEANUP], MinLatency(us), 1
[CLEANUP], MaxLatency(us), 2228223
[CLEANUP], 95thPercentileLatency(us), 2
[CLEANUP], 99thPercentileLatency(us), 10
[UPDATE], Operations, 201
[UPDATE], AverageLatency(us), 1008570.3233830846
[UPDATE], MinLatency(us), 2812
[UPDATE], MaxLatency(us), 12861439
[UPDATE], 95thPercentileLatency(us), 12705791
[UPDATE], 99thPercentileLatency(us), 12787711
[UPDATE], Return=OK, 201
