[OVERALL], RunTime(ms), 7686
[OVERALL], Throughput(ops/sec), 260.2133749674733
[TOTAL_GCS_Copy], Count, 5
[TOTAL_GC_TIME_Copy], Time(ms), 29
[TOTAL_GC_TIME_%_Copy], Time(%), 0.37730939370283634
[TOTAL_GCS_MarkSweepCompact], Count, 1
[TOTAL_GC_TIME_MarkSweepCompact], Time(ms), 11
[TOTAL_GC_TIME_%_MarkSweepCompact], Time(%), 0.14311735623211033
[TOTAL_GCs], Count, 6
[TOTAL_GC_TIME], Time(ms), 40
[TOTAL_GC_TIME_%], Time(%), 0.5204267499349466
[READ], Operations, 1919
[READ], AverageLatency(us), 14594.108389786346
[READ], MinLatency(us), 1265
[READ], MaxLatency(us), 94335
[READ], 95thPercentileLatency(us), 22895
[READ], 99thPercentileLatency(us), 32175
[READ], Return=OK, 1919
[CLEANUP], Operations, 8
[CLEANUP], AverageLatency(us), 278146.875
[CLEANUP], MinLatency(us), 2
[CLEANUP], MaxLatency(us), 2226175
[CLEANUP], 95thPercentileLatency(us), 2226175
[CLEANUP], 99thPercentileLatency(us), 2226175
[INSERT], Operations, 81
[INSERT], AverageLatency(us), 33812.444444444445
[INSERT], MinLatency(us), 21824
[INSERT], MaxLatency(us), 80191
[INSERT], 95thPercentileLatency(us), 40191
[INSERT], 99thPercentileLatency(us), 75007
[INSERT], Return=OK, 81
