[OVERALL], RunTime(ms), 7980
[OVERALL], Throughput(ops/sec), 375.9398496240602
[TOTAL_GCS_Copy], Count, 6
[TOTAL_GC_TIME_Copy], Time(ms), 37
[TOTAL_GC_TIME_%_Copy], Time(%), 0.46365914786967416
[TOTAL_GCS_MarkSweepCompact], Count, 1
[TOTAL_GC_TIME_MarkSweepCompact], Time(ms), 12
[TOTAL_GC_TIME_%_MarkSweepCompact], Time(%), 0.15037593984962408
[TOTAL_GCs], Count, 7
[TOTAL_GC_TIME], Time(ms), 49
[TOTAL_GC_TIME_%], Time(%), 0.6140350877192983
[READ], Operations, 3000
[READ], AverageLatency(us), 5568.855666666666
[READ], MinLatency(us), 745
[READ], MaxLatency(us), 64863
[READ], 95thPercentileLatency(us), 11207
[READ], 99thPercentileLatency(us), 14039
[READ], Return=OK, 3000
[CLEANUP], Operations, 4
[CLEANUP], AverageLatency(us), 557315.75
[CLEANUP], MinLatency(us), 3
[CLEANUP], MaxLatency(us), 2230271
[CLEANUP], 95thPercentileLatency(us), 2230271
[CLEANUP], 99thPercentileLatency(us), 2230271
