[OVERALL], RunTime(ms), 5216
[OVERALL], Throughput(ops/sec), 383.4355828220859
[TOTAL_GCS_Copy], Count, 8
[TOTAL_GC_TIME_Copy], Time(ms), 39
[TOTAL_GC_TIME_%_Copy], Time(%), 0.7476993865030676
[TOTAL_GCS_MarkSweepCompact], Count, 1
[TOTAL_GC_TIME_MarkSweepCompact], Time(ms), 11
[TOTAL_GC_TIME_%_MarkSweepCompact], Time(%), 0.21088957055214724
[TOTAL_GCs], Count, 9
[TOTAL_GC_TIME], Time(ms), 50
[TOTAL_GC_TIME_%], Time(%), 0.9585889570552147
[CLEANUP], Operations, 64
[CLEANUP], AverageLatency(us), 34737.40625
[CLEANUP], MinLatency(us), 1
[CLEANUP], MaxLatency(us), 2224127
[CLEANUP], 95thPercentileLatency(us), 2
[CLEANUP], 99thPercentileLatency(us), 17
[INSERT], Operations, 2000
[INSERT], AverageLatency(us), 45748.665
[INSERT], MinLatency(us), 4732
[INSERT], MaxLatency(us), 443903
[INSERT], 95thPercentileLatency(us), 88575
[INSERT], 99thPercentileLatency(us), 403711
[INSERT], Return=OK, 2000
