[OVERALL], RunTime(ms), 11110
[OVERALL], Throughput(ops/sec), 180.01800180018003
[TOTAL_GCS_Copy], Count, 5
[TOTAL_GC_TIME_Copy], Time(ms), 29
[TOTAL_GC_TIME_%_Copy], Time(%), 0.261026102610261
[TOTAL_GCS_MarkSweepCompact], Count, 1
[TOTAL_GC_TIME_MarkSweepCompact], Time(ms), 12
[TOTAL_GC_TIME_%_MarkSweepCompact], Time(%), 0.10801080108010801
[TOTAL_GCs], Count, 6
[TOTAL_GC_TIME], Time(ms), 41
[TOTAL_GC_TIME_%], Time(%), 0.369036903690369
[READ], Operations, 1906
[READ], AverageLatency(us), 13673.903462749213
[READ], MinLatency(us), 933
[READ], MaxLatency(us), 81087
[READ], 95thPercentileLatency(us), 20703
[READ], 99thPercentileLatency(us), 35871
[READ], Return=OK, 1906
[CLEANUP], Operations, 4
[CLEANUP], AverageLatency(us), 556291.25
[CLEANUP], MinLatency(us), 3
[CLEANUP], MaxLatency(us), 2226175
[CLEANUP], 95thPercentileLatency(us), 2226175
[CLEANUP], 99thPercentileLatency(us), 2226175
[INSERT], Operations, 94
[INSERT], AverageLatency(us), 31073.787234042553
[INSERT], MinLatency(us), 16512
[INSERT], MaxLatency(us), 77951
[INSERT], 95thPercentileLatency(us), 39039
[INSERT], 99thPercentileLatency(us), 46559
[INSERT], Return=OK, 94
