[OVERALL], RunTime(ms), 5630
[OVERALL], Throughput(ops/sec), 355.23978685612786
[TOTAL_GCS_Copy], Count, 8
[TOTAL_GC_TIME_Copy], Time(ms), 40
[TOTAL_GC_TIME_%_Copy], Time(%), 0.7104795737122558
[TOTAL_GCS_MarkSweepCompact], Count, 1
[TOTAL_GC_TIME_MarkSweepCompact], Time(ms), 11
[TOTAL_GC_TIME_%_MarkSweepCompact], Time(%), 0.19538188277087032
[TOTAL_GCs], Count, 9
[TOTAL_GC_TIME], Time(ms), 51
[TOTAL_GC_TIME_%], Time(%), 0.9058614564831261
[CLEANUP], Operations, 64
[CLEANUP], AverageLatency(us), 34833.515625
[CLEANUP], MinLatency(us), 1
[CLEANUP], MaxLatency(us), 2230271
[CLEANUP], 95thPercentileLatency(us), 3
[CLEANUP], 99thPercentileLatency(us), 7
[INSERT], Operations, 2000
[INSERT], AverageLatency(us), 55488.66
[INSERT], MinLatency(us), 24992
[INSERT], MaxLatency(us), 427007
[INSERT], 95thPercentileLatency(us), 79679
[INSERT], 99thPercentileLatency(us), 364543
[INSERT], Return=OK, 2000
