[OVERALL], RunTime(ms), 28175
[OVERALL], Throughput(ops/sec), 177.4622892635315
[TOTAL_GCS_Copy], Count, 7
[TOTAL_GC_TIME_Copy], Time(ms), 32
[TOTAL_GC_TIME_%_Copy], Time(%), 0.11357586512866016
[TOTAL_GCS_MarkSweepCompact], Count, 1
[TOTAL_GC_TIME_MarkSweepCompact], Time(ms), 11
[TOTAL_GC_TIME_%_MarkSweepCompact], Time(%), 0.03904170363797693
[TOTAL_GCs], Count, 8
[TOTAL_GC_TIME], Time(ms), 43
[TOTAL_GC_TIME_%], Time(%), 0.1526175687666371
[READ], Operations, 5000
[READ], AverageLatency(us), 4887.7576
[READ], MinLatency(us), 585
[READ], MaxLatency(us), 37343
[READ], 95thPercentileLatency(us), 8471
[READ], 99thPercentileLatency(us), 12191
[READ], Return=OK, 5000
[CLEANUP], Operations, 1
[CLEANUP], AverageLatency(us), 2223104.0
[CLEANUP], MinLatency(us), 2222080
[CLEANUP], MaxLatency(us), 2224127
[CLEANUP], 95thPercentileLatency(us), 2224127
[CLEANUP], 99thPercentileLatency(us), 2224127
