[OVERALL], RunTime(ms), 5770
[OVERALL], Throughput(ops/sec), 693.2409012131716
[TOTAL_GCS_Copy], Count, 9
[TOTAL_GC_TIME_Copy], Time(ms), 40
[TOTAL_GC_TIME_%_Copy], Time(%), 0.6932409012131715
[TOTAL_GCS_MarkSweepCompact], Count, 1
[TOTAL_GC_TIME_MarkSweepCompact], Time(ms), 12
[TOTAL_GC_TIME_%_MarkSweepCompact], Time(%), 0.20797227036395147
[TOTAL_GCs], Count, 10
[TOTAL_GC_TIME], Time(ms), 52
[TOTAL_GC_TIME_%], Time(%), 0.901213171577123
[READ], Operations, 3797
[READ], AverageLatency(us), 32040.539636555175
[READ], MinLatency(us), 1098
[READ], MaxLatency(us), 464127
[READ], 95thPercentileLatency(us), 78783
[READ], 99thPercentileLatency(us), 340479
[READ], Return=OK, 3797
[CLEANUP], Operations, 64
[CLEANUP], AverageLatency(us), 34865.53125
[CLEANUP], MinLatency(us), 1
[CLEANUP], MaxLatency(us), 2232319
[CLEANUP], 95thPercentileLatency(us), 2
[CLEANUP], 99thPercentileLatency(us), 7
[UPDATE], Operations, 203
[UPDATE], AverageLatency(us), 39175.23645320197
[UPDATE], MinLatency(us), 2898
[UPDATE], MaxLatency(us), 313599
[UPDATE], 95thPercentileLatency(us), 143871
[UPDATE], 99thPercentileLatency(us), 234111
[UPDATE], Return=OK, 203
