[OVERALL], RunTime(ms), 9171
[OVERALL], Throughput(ops/sec), 218.0787264202377
[TOTAL_GCS_Copy], Count, 6
[TOTAL_GC_TIME_Copy], Time(ms), 31
[TOTAL_GC_TIME_%_Copy], Time(%), 0.33802202595136843
[TOTAL_GCS_MarkSweepCompact], Count, 1
[TOTAL_GC_TIME_MarkSweepCompact], Time(ms), 11
[TOTAL_GC_TIME_%_MarkSweepCompact], Time(%), 0.11994329953113074
[TOTAL_GCs], Count, 7
[TOTAL_GC_TIME], Time(ms), 42
[TOTAL_GC_TIME_%], Time(%), 0.45796532548249924
[CLEANUP], Operations, 8
[CLEANUP], AverageLatency(us), 277635.5
[CLEANUP], MinLatency(us), 3
[CLEANUP], MaxLatency(us), 2222079
[CLEANUP], 95thPercentileLatency(us), 2222079
[CLEANUP], 99thPercentileLatency(us), 2222079
[INSERT], Operations, 2000
[INSERT], AverageLatency(us), 21145.5595
[INSERT], MinLatency(us), 2596
[INSERT], MaxLatency(us), 87871
[INSERT], 95thPercentileLatency(us), 51871
[INSERT], 99thPercentileLatency(us), 63679
[INSERT], Return=OK, 2000
