[OVERALL], RunTime(ms), 19566
[OVERALL], Throughput(ops/sec), 102.21813349688234
[TOTAL_GCS_Copy], Count, 5
[TOTAL_GC_TIME_Copy], Time(ms), 33
[TOTAL_GC_TIME_%_Copy], Time(%), 0.16865992026985588
[TOTAL_GCS_MarkSweepCompact], Count, 1
[TOTAL_GC_TIME_MarkSweepCompact], Time(ms), 11
[TOTAL_GC_TIME_%_MarkSweepCompact], Time(%), 0.05621997342328529
[TOTAL_GCs], Count, 6
[TOTAL_GC_TIME], Time(ms), 44
[TOTAL_GC_TIME_%], Time(%), 0.22487989369314115
[READ], Operations, 1889
[READ], AverageLatency(us), 8184.021704605611
[READ], MinLatency(us), 804
[READ], MaxLatency(us), 12083199
[READ], 95thPercentileLatency(us), 3077
[READ], 99thPercentileLatency(us), 5307
[READ], Return=OK, 1889
[CLEANUP], Operations, 1
[CLEANUP], AverageLatency(us), 2229248.0
[CLEANUP], MinLatency(us), 2228224
[CLEANUP], MaxLatency(us), 2230271
[CLEANUP], 95thPercentileLatency(us), 2230271
[CLEANUP], 99thPercentileLatency(us), 2230271
[UPDATE], Operations, 111
[UPDATE], AverageLatency(us), 3573.828828828829
[UPDATE], MinLatency(us), 1871
[UPDATE], MaxLatency(us), 10575
[UPDATE], 95thPercentileLatency(us), 8279
[UPDATE], 99thPercentileLatency(us), 10567
[UPDATE], Return=OK, 111
