[OVERALL], RunTime(ms), 6670
[OVERALL], Throughput(ops/sec), 299.85007496251876
[TOTAL_GCS_Copy], Count, 7
[TOTAL_GC_TIME_Copy], Time(ms), 36
[TOTAL_GC_TIME_%_Copy], Time(%), 0.5397301349325337
[TOTAL_GCS_MarkSweepCompact], Count, 1
[TOTAL_GC_TIME_MarkSweepCompact], Time(ms), 12
[TOTAL_GC_TIME_%_MarkSweepCompact], Time(%), 0.17991004497751123
[TOTAL_GCs], Count, 8
[TOTAL_GC_TIME], Time(ms), 48
[TOTAL_GC_TIME_%], Time(%), 0.7196401799100449
[CLEANUP], Operations, 32
[CLEANUP], AverageLatency(us), 69665.8125
[CLEANUP], MinLatency(us), 1
[CLEANUP], MaxLatency(us), 2230271
[CLEANUP], 95thPercentileLatency(us), 3
[CLEANUP], 99thPercentileLatency(us), 2230271
[INSERT], Operations, 2000
[INSERT], AverageLatency(us), 44963.254
[INSERT], MinLatency(us), 14384
[INSERT], MaxLatency(us), 244479
[INSERT], 95thPercentileLatency(us), 67135
[INSERT], 99thPercentileLatency(us), 208383
[INSERT], Return=OK, 2000
