[OVERALL], RunTime(ms), 54129
[OVERALL], Throughput(ops/sec), 92.37192632415156
[TOTAL_GCS_Copy], Count, 13
[TOTAL_GC_TIME_Copy], Time(ms), 53
[TOTAL_GC_TIME_%_Copy], Time(%), 0.09791424190360065
[TOTAL_GCS_MarkSweepCompact], Count, 1
[TOTAL_GC_TIME_MarkSweepCompact], Time(ms), 13
[TOTAL_GC_TIME_%_MarkSweepCompact], Time(%), 0.02401670084427941
[TOTAL_GCs], Count, 14
[TOTAL_GC_TIME], Time(ms), 66
[TOTAL_GC_TIME_%], Time(%), 0.12193094274788006
[READ], Operations, 4760
[READ], AverageLatency(us), 1273979.1825630253
[READ], MinLatency(us), 891
[READ], MaxLatency(us), 48955391
[READ], 95thPercentileLatency(us), 121727
[READ], 99thPercentileLatency(us), 48889855
[READ], Return=OK, 4760
[READ], Return=ERROR, 1
[CLEANUP], Operations, 128
[CLEANUP], AverageLatency(us), 17353.5390625
[CLEANUP], MinLatency(us), 1
[CLEANUP], MaxLatency(us), 2222079
[CLEANUP], 95thPercentileLatency(us), 2
[CLEANUP], 99thPercentileLatency(us), 6
[READ-FAILED], Operations, 1
[READ-FAILED], AverageLatency(us), 4.857856E7
[READ-FAILED], MinLatency(us), 48562176
[READ-FAILED], MaxLatency(us), 48594943
[READ-FAILED], 95thPercentileLatency(us), 48594943
[READ-FAILED], 99thPercentileLatency(us), 48594943
[UPDATE], Operations, 239
[UPDATE], AverageLatency(us), 1384783.7364016736
[UPDATE], MinLatency(us), 3298
[UPDATE], MaxLatency(us), 48955391
[UPDATE], 95thPercentileLatency(us), 262911
[UPDATE], 99thPercentileLatency(us), 48955391
[UPDATE], Return=OK, 239
