[OVERALL], RunTime(ms), 17377
[OVERALL], Throughput(ops/sec), 115.09466536226046
[TOTAL_GCS_Copy], Count, 11
[TOTAL_GC_TIME_Copy], Time(ms), 44
[TOTAL_GC_TIME_%_Copy], Time(%), 0.25320826379697303
[TOTAL_GCS_MarkSweepCompact], Count, 1
[TOTAL_GC_TIME_MarkSweepCompact], Time(ms), 12
[TOTAL_GC_TIME_%_MarkSweepCompact], Time(%), 0.06905679921735627
[TOTAL_GCs], Count, 12
[TOTAL_GC_TIME], Time(ms), 56
[TOTAL_GC_TIME_%], Time(%), 0.3222650630143293
[CLEANUP], Operations, 128
[CLEANUP], AverageLatency(us), 17417.140625
[CLEANUP], MinLatency(us), 1
[CLEANUP], MaxLatency(us), 2230271
[CLEANUP], 95thPercentileLatency(us), 2
[CLEANUP], 99thPercentileLatency(us), 5
[INSERT], Operations, 2000
[INSERT], AverageLatency(us), 865725.626
[INSERT], MinLatency(us), 4320
[INSERT], MaxLatency(us), 12828671
[INSERT], 95thPercentileLatency(us), 12615679
[INSERT], 99thPercentileLatency(us), 12771327
[INSERT], Return=OK, 2000
