[OVERALL], RunTime(ms), 15628
[OVERALL], Throughput(ops/sec), 127.9754287176862
[TOTAL_GCS_Copy], Count, 6
[TOTAL_GC_TIME_Copy], Time(ms), 32
[TOTAL_GC_TIME_%_Copy], Time(%), 0.2047606859482979
[TOTAL_GCS_MarkSweepCompact], Count, 1
[TOTAL_GC_TIME_MarkSweepCompact], Time(ms), 11
[TOTAL_GC_TIME_%_MarkSweepCompact], Time(%), 0.07038648579472741
[TOTAL_GCs], Count, 7
[TOTAL_GC_TIME], Time(ms), 43
[TOTAL_GC_TIME_%], Time(%), 0.27514717174302533
[CLEANUP], Operations, 4
[CLEANUP], AverageLatency(us), 555267.5
[CLEANUP], MinLatency(us), 3
[CLEANUP], MaxLatency(us), 2222079
[CLEANUP], 95thPercentileLatency(us), 2222079
[CLEANUP], 99thPercentileLatency(us), 2222079
[INSERT], Operations, 2000
[INSERT], AverageLatency(us), 23571.956
[INSERT], MinLatency(us), 2774
[INSERT], MaxLatency(us), 75135
[INSERT], 95thPercentileLatency(us), 50815
[INSERT], 99thPercentileLatency(us), 62271
[INSERT], Return=OK, 2000
