[OVERALL], RunTime(ms), 10362
[OVERALL], Throughput(ops/sec), 386.0258637328701
[TOTAL_GCS_Copy], Count, 54
[TOTAL_GC_TIME_Copy], Time(ms), 91
[TOTAL_GC_TIME_%_Copy], Time(%), 0.8782088399922795
[TOTAL_GCS_MarkSweepCompact], Count, 1
[TOTAL_GC_TIME_MarkSweepCompact], Time(ms), 12
[TOTAL_GC_TIME_%_MarkSweepCompact], Time(%), 0.11580775911986102
[TOTAL_GCs], Count, 55
[TOTAL_GC_TIME], Time(ms), 103
[TOTAL_GC_TIME_%], Time(%), 0.9940165991121405
[CLEANUP], Operations, 16
[CLEANUP], AverageLatency(us), 139332.3125
[CLEANUP], MinLatency(us), 1
[CLEANUP], MaxLatency(us), 2230271
[CLEANUP], 95thPercentileLatency(us), 22
[CLEANUP], 99thPercentileLatency(us), 2230271
[INSERT], Operations, 198
[INSERT], AverageLatency(us), 35051.31313131313
[INSERT], MinLatency(us), 11928
[INSERT], MaxLatency(us), 121407
[INSERT], 95thPercentileLatency(us), 61855
[INSERT], 99thPercentileLatency(us), 73535
[INSERT], Return=OK, 198
[SCAN], Operations, 3802
[SCAN], AverageLatency(us), 25230.096791162545
[SCAN], MinLatency(us), 2788
[SCAN], MaxLatency(us), 154623
[SCAN], 95thPercentileLatency(us), 47039
[SCAN], 99thPercentileLatency(us), 58527
[SCAN], Return=OK, 3802
