[OVERALL], RunTime(ms), 5129
[OVERALL], Throughput(ops/sec), 389.9395593682979
[TOTAL_GCS_Copy], Count, 8
[TOTAL_GC_TIME_Copy], Time(ms), 37
[TOTAL_GC_TIME_%_Copy], Time(%), 0.7213881848313511
[TOTAL_GCS_MarkSweepCompact], Count, 1
[TOTAL_GC_TIME_MarkSweepCompact], Time(ms), 11
[TOTAL_GC_TIME_%_MarkSweepCompact], Time(%), 0.21446675765256387
[TOTAL_GCs], Count, 9
[TOTAL_GC_TIME], Time(ms), 48
[TOTAL_GC_TIME_%], Time(%), 0.9358549424839151
[READ], Operations, 1891
[READ], AverageLatency(us), 43507.0089899524
[READ], MinLatency(us), 1190
[READ], MaxLatency(us), 403455
[READ], 95thPercentileLatency(us), 96127
[READ], 99thPercentileLatency(us), 359935
[READ], Return=OK, 1891
[CLEANUP], Operations, 64
[CLEANUP], AverageLatency(us), 34833.296875
[CLEANUP], MinLatency(us), 1
[CLEANUP], MaxLatency(us), 2230271
[CLEANUP], 95thPercentileLatency(us), 2
[CLEANUP], 99thPercentileLatency(us), 6
[UPDATE], Operations, 109
[UPDATE], AverageLatency(us), 68452.12844036697
[UPDATE], MinLatency(us), 2942
[UPDATE], MaxLatency(us), 384511
[UPDATE], 95thPercentileLatency(us), 247039
[UPDATE], 99thPercentileLatency(us), 383487
[UPDATE], Return=OK, 109
