[OVERALL], RunTime(ms), 9215
[OVERALL], Throughput(ops/sec), 217.0374389582203
[TOTAL_GCS_Copy], Count, 5
[TOTAL_GC_TIME_Copy], Time(ms), 28
[TOTAL_GC_TIME_%_Copy], Time(%), 0.3038524145415084
[TOTAL_GCS_MarkSweepCompact], Count, 1
[TOTAL_GC_TIME_MarkSweepCompact], Time(ms), 11
[TOTAL_GC_TIME_%_MarkSweepCompact], Time(%), 0.11937059142702117
[TOTAL_GCs], Count, 6
[TOTAL_GC_TIME], Time(ms), 39
[TOTAL_GC_TIME_%], Time(%), 0.4232230059685296
[READ], Operations, 2000
[READ], AverageLatency(us), 5530.3835
[READ], MinLatency(us), 631
[READ], MaxLatency(us), 44991
[READ], 95thPercentileLatency(us), 11919
[READ], 99thPercentileLatency(us), 12551
[READ], Return=OK, 2000
[CLEANUP], Operations, 2
[CLEANUP], AverageLatency(us), 1113603.5
[CLEANUP], MinLatency(us), 7
[CLEANUP], MaxLatency(us), 2228223
[CLEANUP], 95thPercentileLatency(us), 2228223
[CLEANUP], 99thPercentileLatency(us), 2228223
