[OVERALL], RunTime(ms), 5986
[OVERALL], Throughput(ops/sec), 668.2258603407952
[TOTAL_GCS_Copy], Count, 9
[TOTAL_GC_TIME_Copy], Time(ms), 40
[TOTAL_GC_TIME_%_Copy], Time(%), 0.6682258603407952
[TOTAL_GCS_MarkSweepCompact], Count, 1
[TOTAL_GC_TIME_MarkSweepCompact], Time(ms), 13
[TOTAL_GC_TIME_%_MarkSweepCompact], Time(%), 0.2171734046107584
[TOTAL_GCs], Count, 10
[TOTAL_GC_TIME], Time(ms), 53
[TOTAL_GC_TIME_%], Time(%), 0.8853992649515536
[READ], Operations, 3800
[READ], AverageLatency(us), 32172.63157894737
[READ], MinLatency(us), 2100
[READ], MaxLatency(us), 412159
[READ], 95thPercentileLatency(us), 70399
[READ], 99thPercentileLatency(us), 328959
[READ], Return=OK, 3800
[CLEANUP], Operations, 64
[CLEANUP], AverageLatency(us), 34833.71875
[CLEANUP], MinLatency(us), 1
[CLEANUP], MaxLatency(us), 2230271
[CLEANUP], 95thPercentileLatency(us), 2
[CLEANUP], 99thPercentileLatency(us), 6
[INSERT], Operations, 200
[INSERT], AverageLatency(us), 61089.6
[INSERT], MinLatency(us), 25072
[INSERT], MaxLatency(us), 415487
[INSERT], 95thPercentileLatency(us), 109567
[INSERT], 99thPercentileLatency(us), 299519
[INSERT], Return=OK, 200
