[OVERALL], RunTime(ms), 9812
[OVERALL], Throughput(ops/sec), 203.8320423970648
[TOTAL_GCS_Copy], Count, 7
[TOTAL_GC_TIME_Copy], Time(ms), 33
[TOTAL_GC_TIME_%_Copy], Time(%), 0.336322869955157
[TOTAL_GCS_MarkSweepCompact], Count, 1
[TOTAL_GC_TIME_MarkSweepCompact], Time(ms), 11
[TOTAL_GC_TIME_%_MarkSweepCompact], Time(%), 0.11210762331838565
[TOTAL_GCs], Count, 8
[TOTAL_GC_TIME], Time(ms), 44
[TOTAL_GC_TIME_%], Time(%), 0.4484304932735426
[CLEANUP], Operations, 16
[CLEANUP], AverageLatency(us), 139075.6875
[CLEANUP], MinLatency(us), 1
[CLEANUP], MaxLatency(us), 2226175
[CLEANUP], 95thPercentileLatency(us), 20
[CLEANUP], 99thPercentileLatency(us), 2226175
[INSERT], Operations, 2000
[INSERT], AverageLatency(us), 46328.634
[INSERT], MinLatency(us), 14168
[INSERT], MaxLatency(us), 156031
[INSERT], 95thPercentileLatency(us), 89151
[INSERT], 99thPercentileLatency(us), 129727
[INSERT], Return=OK, 2000
