[OVERALL], RunTime(ms), 32261
[OVERALL], Throughput(ops/sec), 61.99435851337528
[TOTAL_GCS_Copy], Count, 6
[TOTAL_GC_TIME_Copy], Time(ms), 36
[TOTAL_GC_TIME_%_Copy], Time(%), 0.11158984532407552
[TOTAL_GCS_MarkSweepCompact], Count, 1
[TOTAL_GC_TIME_MarkSweepCompact], Time(ms), 11
[TOTAL_GC_TIME_%_MarkSweepCompact], Time(%), 0.0340968971823564
[TOTAL_GCs], Count, 7
[TOTAL_GC_TIME], Time(ms), 47
[TOTAL_GC_TIME_%], Time(%), 0.1456867425064319
[CLEANUP], Operations, 8
[CLEANUP], AverageLatency(us), 279683.25
[CLEANUP], MinLatency(us), 2
[CLEANUP], MaxLatency(us), 2238463
[CLEANUP], 95thPercentileLatency(us), 2238463
[CLEANUP], 99thPercentileLatency(us), 2238463
[INSERT], Operations, 2000
[INSERT], AverageLatency(us), 113643.01
[INSERT], MinLatency(us), 3688
[INSERT], MaxLatency(us), 24199167
[INSERT], 95thPercentileLatency(us), 48767
[INSERT], 99thPercentileLatency(us), 64991
[INSERT], Return=OK, 2000
