[OVERALL], RunTime(ms), 5198
[OVERALL], Throughput(ops/sec), 384.7633705271258
[TOTAL_GCS_Copy], Count, 7
[TOTAL_GC_TIME_Copy], Time(ms), 35
[TOTAL_GC_TIME_%_Copy], Time(%), 0.6733358984224702
[TOTAL_GCS_MarkSweepCompact], Count, 1
[TOTAL_GC_TIME_MarkSweepCompact], Time(ms), 11
[TOTAL_GC_TIME_%_MarkSweepCompact], Time(%), 0.21161985378991918
[TOTAL_GCs], Count, 8
[TOTAL_GC_TIME], Time(ms), 46
[TOTAL_GC_TIME_%], Time(%), 0.8849557522123894
[CLEANUP], Operations, 32
[CLEANUP], AverageLatency(us), 69601.15625
[CLEANUP], MinLatency(us), 1
[CLEANUP], MaxLatency(us), 2228223
[CLEANUP], 95thPercentileLatency(us), 2
[CLEANUP], 99thPercentileLatency(us), 2228223
[INSERT], Operations, 2000
[INSERT], AverageLatency(us), 22750.589
[INSERT], MinLatency(us), 5256
[INSERT], MaxLatency(us), 237439
[INSERT], 95thPercentileLatency(us), 44927
[INSERT], 99thPercentileLatency(us), 204799
[INSERT], Return=OK, 2000
