[OVERALL], RunTime(ms), 6671
[OVERALL], Throughput(ops/sec), 599.610253335332
[TOTAL_GCS_Copy], Count, 8
[TOTAL_GC_TIME_Copy], Time(ms), 37
[TOTAL_GC_TIME_%_Copy], Time(%), 0.5546394843351821
[TOTAL_GCS_MarkSweepCompact], Count, 1
[TOTAL_GC_TIME_MarkSweepCompact], Time(ms), 11
[TOTAL_GC_TIME_%_MarkSweepCompact], Time(%), 0.1648928196672163
[TOTAL_GCs], Count, 9
[TOTAL_GC_TIME], Time(ms), 48
[TOTAL_GC_TIME_%], Time(%), 0.7195323040023984
[READ], Operations, 3802
[READ], AverageLatency(us), 19301.1575486586
[READ], MinLatency(us), 1378
[READ], MaxLatency(us), 269823
[READ], 95thPercentileLatency(us), 36095
[READ], 99thPercentileLatency(us), 55487
[READ], Return=OK, 3802
[CLEANUP], Operations, 32
[CLEANUP], AverageLatency(us), 69730.21875
[CLEANUP], MinLatency(us), 1
[CLEANUP], MaxLatency(us), 2232319
[CLEANUP], 95thPercentileLatency(us), 3
[CLEANUP], 99thPercentileLatency(us), 2232319
[INSERT], Operations, 198
[INSERT], AverageLatency(us), 57797.93939393939
[INSERT], MinLatency(us), 22688
[INSERT], MaxLatency(us), 167039
[INSERT], 95thPercentileLatency(us), 99135
[INSERT], 99thPercentileLatency(us), 116735
[INSERT], Return=OK, 198
