[OVERALL], RunTime(ms), 7429
[OVERALL], Throughput(ops/sec), 538.4304751648943
[TOTAL_GCS_Copy], Count, 6
[TOTAL_GC_TIME_Copy], Time(ms), 36
[TOTAL_GC_TIME_%_Copy], Time(%), 0.4845874276484049
[TOTAL_GCS_MarkSweepCompact], Count, 1
[TOTAL_GC_TIME_MarkSweepCompact], Time(ms), 11
[TOTAL_GC_TIME_%_MarkSweepCompact], Time(%), 0.14806838067034594
[TOTAL_GCs], Count, 7
[TOTAL_GC_TIME], Time(ms), 47
[TOTAL_GC_TIME_%], Time(%), 0.6326558083187508
[READ], Operations, 2007
[READ], AverageLatency(us), 828.2974588938714
[READ], MinLatency(us), 485
[READ], MaxLatency(us), 15623
[READ], 95thPercentileLatency(us), 1456
[READ], 99thPercentileLatency(us), 3951
[READ], Return=OK, 2007
[CLEANUP], Operations, 1
[CLEANUP], AverageLatency(us), 2229248.0
[CLEANUP], MinLatency(us), 2228224
[CLEANUP], MaxLatency(us), 2230271
[CLEANUP], 95thPercentileLatency(us), 2230271
[CLEANUP], 99thPercentileLatency(us), 2230271
[UPDATE], Operations, 1993
[UPDATE], AverageLatency(us), 1018.2789764174611
[UPDATE], MinLatency(us), 669
[UPDATE], MaxLatency(us), 28815
[UPDATE], 95thPercentileLatency(us), 1440
[UPDATE], 99thPercentileLatency(us), 4671
[UPDATE], Return=OK, 1993
