[OVERALL], RunTime(ms), 5197
[OVERALL], Throughput(ops/sec), 384.83740619588224
[TOTAL_GCS_Copy], Count, 8
[TOTAL_GC_TIME_Copy], Time(ms), 39
[TOTAL_GC_TIME_%_Copy], Time(%), 0.7504329420819703
[TOTAL_GCS_MarkSweepCompact], Count, 1
[TOTAL_GC_TIME_MarkSweepCompact], Time(ms), 11
[TOTAL_GC_TIME_%_MarkSweepCompact], Time(%), 0.21166057340773525
[TOTAL_GCs], Count, 9
[TOTAL_GC_TIME], Time(ms), 50
[TOTAL_GC_TIME_%], Time(%), 0.9620935154897056
[CLEANUP], Operations, 64
[CLEANUP], AverageLatency(us), 34961.140625
[CLEANUP], MinLatency(us), 1
[CLEANUP], MaxLatency(us), 2238463
[CLEANUP], 95thPercentileLatency(us), 2
[CLEANUP], 99thPercentileLatency(us), 5
[INSERT], Operations, 2000
[INSERT], AverageLatency(us), 46579.073
[INSERT], MinLatency(us), 4184
[INSERT], MaxLatency(us), 434687
[INSERT], 95thPercentileLatency(us), 88959
[INSERT], 99thPercentileLatency(us), 393215
[INSERT], Return=OK, 2000
