[OVERALL], RunTime(ms), 14118
[OVERALL], Throughput(ops/sec), 141.66312508853946
[TOTAL_GCS_Copy], Count, 6
[TOTAL_GC_TIME_Copy], Time(ms), 32
[TOTAL_GC_TIME_%_Copy], Time(%), 0.22666100014166313
[TOTAL_GCS_MarkSweepCompact], Count, 1
[TOTAL_GC_TIME_MarkSweepCompact], Time(ms), 11
[TOTAL_GC_TIME_%_MarkSweepCompact], Time(%), 0.0779147187986967
[TOTAL_GCs], Count, 7
[TOTAL_GC_TIME], Time(ms), 43
[TOTAL_GC_TIME_%], Time(%), 0.30457571894035984
[CLEANUP], Operations, 4
[CLEANUP], AverageLatency(us), 556803.25
[CLEANUP], MinLatency(us), 2
[CLEANUP], MaxLatency(us), 2228223
[CLEANUP], 95thPercentileLatency(us), 2228223
[CLEANUP], 99thPercentileLatency(us), 2228223
[INSERT], Operations, 2000
[INSERT], AverageLatency(us), 20546.4855
[INSERT], MinLatency(us), 1687
[INSERT], MaxLatency(us), 84095
[INSERT], 95thPercentileLatency(us), 46783
[INSERT], 99thPercentileLatency(us), 53791
[INSERT], Return=OK, 2000
