[OVERALL], RunTime(ms), 20081
[OVERALL], Throughput(ops/sec), 199.19326726756637
[TOTAL_GCS_Copy], Count, 58
[TOTAL_GC_TIME_Copy], Time(ms), 105
[TOTAL_GC_TIME_%_Copy], Time(%), 0.5228823265773617
[TOTAL_GCS_MarkSweepCompact], Count, 1
[TOTAL_GC_TIME_MarkSweepCompact], Time(ms), 11
[TOTAL_GC_TIME_%_MarkSweepCompact], Time(%), 0.05477814849858075
[TOTAL_GCs], Count, 59
[TOTAL_GC_TIME], Time(ms), 116
[TOTAL_GC_TIME_%], Time(%), 0.5776604750759424
[CLEANUP], Operations, 32
[CLEANUP], AverageLatency(us), 69346.6875
[CLEANUP], MinLatency(us), 1
[CLEANUP], MaxLatency(us), 2220031
[CLEANUP], 95thPercentileLatency(us), 4
[CLEANUP], 99thPercentileLatency(us), 2220031
[INSERT], Operations, 205
[INSERT], AverageLatency(us), 104498.67317073171
[INSERT], MinLatency(us), 12552
[INSERT], MaxLatency(us), 12279807
[INSERT], 95thPercentileLatency(us), 89151
[INSERT], 99thPercentileLatency(us), 108479
[INSERT], Return=OK, 205
[SCAN], Operations, 3795
[SCAN], AverageLatency(us), 130906.36600790513
[SCAN], MinLatency(us), 3060
[SCAN], MaxLatency(us), 12443647
[SCAN], 95thPercentileLatency(us), 65439
[SCAN], 99thPercentileLatency(us), 129791
[SCAN], Return=OK, 3795
