[OVERALL], RunTime(ms), 5591
[OVERALL], Throughput(ops/sec), 357.7177606868181
[TOTAL_GCS_Copy], Count, 7
[TOTAL_GC_TIME_Copy], Time(ms), 33
[TOTAL_GC_TIME_%_Copy], Time(%), 0.5902343051332499
[TOTAL_GCS_MarkSweepCompact], Count, 1
[TOTAL_GC_TIME_MarkSweepCompact], Time(ms), 13
[TOTAL_GC_TIME_%_MarkSweepCompact], Time(%), 0.23251654444643174
[TOTAL_GCs], Count, 8
[TOTAL_GC_TIME], Time(ms), 46
[TOTAL_GC_TIME_%], Time(%), 0.8227508495796817
[CLEANUP], Operations, 16
[CLEANUP], AverageLatency(us), 139202.125
[CLEANUP], MinLatency(us), 1
[CLEANUP], MaxLatency(us), 2228223
[CLEANUP], 95thPercentileLatency(us), 7
[CLEANUP], 99thPercentileLatency(us), 2228223
[INSERT], Operations, 2000
[INSERT], AverageLatency(us), 15227.235
[INSERT], MinLatency(us), 6440
[INSERT], MaxLatency(us), 160511
[INSERT], 95thPercentileLatency(us), 25631
[INSERT], 99thPercentileLatency(us), 56511
[INSERT], Return=OK, 2000
