[OVERALL], RunTime(ms), 35852
[OVERALL], Throughput(ops/sec), 55.78489345085351
[TOTAL_GCS_Copy], Count, 6
[TOTAL_GC_TIME_Copy], Time(ms), 33
[TOTAL_GC_TIME_%_Copy], Time(%), 0.0920450741939083
[TOTAL_GCS_MarkSweepCompact], Count, 1
[TOTAL_GC_TIME_MarkSweepCompact], Time(ms), 12
[TOTAL_GC_TIME_%_MarkSweepCompact], Time(%), 0.0334709360705121
[TOTAL_GCs], Count, 7
[TOTAL_GC_TIME], Time(ms), 45
[TOTAL_GC_TIME_%], Time(%), 0.12551601026442039
[CLEANUP], Operations, 2
[CLEANUP], AverageLatency(us), 1113604.0
[CLEANUP], MinLatency(us), 8
[CLEANUP], MaxLatency(us), 2228223
[CLEANUP], 95thPercentileLatency(us), 2228223
[CLEANUP], 99thPercentileLatency(us), 2228223
[INSERT], Operations, 2000
[INSERT], AverageLatency(us), 32041.7125
[INSERT], MinLatency(us), 2424
[INSERT], MaxLatency(us), 12075007
[INSERT], 95thPercentileLatency(us), 46527
[INSERT], 99thPercentileLatency(us), 55199
[INSERT], Return=OK, 2000
