[OVERALL], RunTime(ms), 6315
[OVERALL], Throughput(ops/sec), 950.1187648456057
[TOTAL_GCS_Copy], Count, 13
[TOTAL_GC_TIME_Copy], Time(ms), 48
[TOTAL_GC_TIME_%_Copy], Time(%), 0.7600950118764845
[TOTAL_GCS_MarkSweepCompact], Count, 1
[TOTAL_GC_TIME_MarkSweepCompact], Time(ms), 12
[TOTAL_GC_TIME_%_MarkSweepCompact], Time(%), 0.19002375296912113
[TOTAL_GCs], Count, 14
[TOTAL_GC_TIME], Time(ms), 60
[TOTAL_GC_TIME_%], Time(%), 0.9501187648456058
[READ], Operations, 5708
[READ], AverageLatency(us), 50327.52224947442
[READ], MinLatency(us), 2526
[READ], MaxLatency(us), 697343
[READ], 95thPercentileLatency(us), 121727
[READ], 99thPercentileLatency(us), 551935
[READ], Return=OK, 5708
[CLEANUP], Operations, 128
[CLEANUP], AverageLatency(us), 17385.4765625
[CLEANUP], MinLatency(us), 1
[CLEANUP], MaxLatency(us), 2226175
[CLEANUP], 95thPercentileLatency(us), 2
[CLEANUP], 99thPercentileLatency(us), 6
[INSERT], Operations, 292
[INSERT], AverageLatency(us), 76724.64383561644
[INSERT], MinLatency(us), 9608
[INSERT], MaxLatency(us), 649215
[INSERT], 95thPercentileLatency(us), 154239
[INSERT], 99thPercentileLatency(us), 555007
[INSERT], Return=OK, 292
