[OVERALL], RunTime(ms), 6063
[OVERALL], Throughput(ops/sec), 989.6091044037605
[TOTAL_GCS_Copy], Count, 10
[TOTAL_GC_TIME_Copy], Time(ms), 43
[TOTAL_GC_TIME_%_Copy], Time(%), 0.7092198581560284
[TOTAL_GCS_MarkSweepCompact], Count, 1
[TOTAL_GC_TIME_MarkSweepCompact], Time(ms), 20
[TOTAL_GC_TIME_%_MarkSweepCompact], Time(%), 0.32986970146792016
[TOTAL_GCs], Count, 11
[TOTAL_GC_TIME], Time(ms), 63
[TOTAL_GC_TIME_%], Time(%), 1.0390895596239487
[READ], Operations, 6000
[READ], AverageLatency(us), 24401.788166666665
[READ], MinLatency(us), 1254
[READ], MaxLatency(us), 432127
[READ], 95thPercentileLatency(us), 66111
[READ], 99thPercentileLatency(us), 235135
[READ], Return=OK, 6000
[CLEANUP], Operations, 64
[CLEANUP], AverageLatency(us), 34801.828125
[CLEANUP], MinLatency(us), 1
[CLEANUP], MaxLatency(us), 2228223
[CLEANUP], 95thPercentileLatency(us), 3
[CLEANUP], 99thPercentileLatency(us), 20
