[OVERALL], RunTime(ms), 6422
[OVERALL], Throughput(ops/sec), 155.71473061351602
[TOTAL_GCS_Copy], Count, 4
[TOTAL_GC_TIME_Copy], Time(ms), 23
[TOTAL_GC_TIME_%_Copy], Time(%), 0.35814388041108686
[TOTAL_GCS_MarkSweepCompact], Count, 1
[TOTAL_GC_TIME_MarkSweepCompact], Time(ms), 11
[TOTAL_GC_TIME_%_MarkSweepCompact], Time(%), 0.17128620367486766
[TOTAL_GCs], Count, 5
[TOTAL_GC_TIME], Time(ms), 34
[TOTAL_GC_TIME_%], Time(%), 0.5294300840859545
[READ], Operations, 504
[READ], AverageLatency(us), 4322.019841269841
[READ], MinLatency(us), 902
[READ], MaxLatency(us), 42975
[READ], 95thPercentileLatency(us), 7679
[READ], 99thPercentileLatency(us), 9535
[READ], Return=OK, 504
[CLEANUP], Operations, 2
[CLEANUP], AverageLatency(us), 1111556.0
[CLEANUP], MinLatency(us), 8
[CLEANUP], MaxLatency(us), 2224127
[CLEANUP], 95thPercentileLatency(us), 2224127
[CLEANUP], 99thPercentileLatency(us), 2224127
[UPDATE], Operations, 496
[UPDATE], AverageLatency(us), 6545.290322580645
[UPDATE], MinLatency(us), 2256
[UPDATE], MaxLatency(us), 48127
[UPDATE], 95thPercentileLatency(us), 9207
[UPDATE], 99thPercentileLatency(us), 13855
[UPDATE], Return=OK, 496
