[OVERALL], RunTime(ms), 5127
[OVERALL], Throughput(ops/sec), 390.09167154281255
[TOTAL_GCS_Copy], Count, 8
[TOTAL_GC_TIME_Copy], Time(ms), 40
[TOTAL_GC_TIME_%_Copy], Time(%), 0.7801833430856251
[TOTAL_GCS_MarkSweepCompact], Count, 1
[TOTAL_GC_TIME_MarkSweepCompact], Time(ms), 11
[TOTAL_GC_TIME_%_MarkSweepCompact], Time(%), 0.21455041934854693
[TOTAL_GCs], Count, 9
[TOTAL_GC_TIME], Time(ms), 51
[TOTAL_GC_TIME_%], Time(%), 0.994733762434172
[CLEANUP], Operations, 64
[CLEANUP], AverageLatency(us), 34833.140625
[CLEANUP], MinLatency(us), 1
[CLEANUP], MaxLatency(us), 2230271
[CLEANUP], 95thPercentileLatency(us), 2
[CLEANUP], 99thPercentileLatency(us), 6
[INSERT], Operations, 2000
[INSERT], AverageLatency(us), 43830.9495
[INSERT], MinLatency(us), 1865
[INSERT], MaxLatency(us), 412927
[INSERT], 95thPercentileLatency(us), 91967
[INSERT], 99thPercentileLatency(us), 372991
[INSERT], Return=OK, 2000
