[OVERALL], RunTime(ms), 60599
[OVERALL], Throughput(ops/sec), 33.003844947936436
[TOTAL_GCS_Copy], Count, 6
[TOTAL_GC_TIME_Copy], Time(ms), 33
[TOTAL_GC_TIME_%_Copy], Time(%), 0.05445634416409512
[TOTAL_GCS_MarkSweepCompact], Count, 1
[TOTAL_GC_TIME_MarkSweepCompact], Time(ms), 11
[TOTAL_GC_TIME_%_MarkSweepCompact], Time(%), 0.01815211472136504
[TOTAL_GCs], Count, 7
[TOTAL_GC_TIME], Time(ms), 44
[TOTAL_GC_TIME_%], Time(%), 0.07260845888546016
[CLEANUP], Operations, 4
[CLEANUP], AverageLatency(us), 555267.5
[CLEANUP], MinLatency(us), 3
[CLEANUP], MaxLatency(us), 2222079
[CLEANUP], 95thPercentileLatency(us), 2222079
[CLEANUP], 99thPercentileLatency(us), 2222079
[INSERT], Operations, 2000
[INSERT], AverageLatency(us), 113021.479
[INSERT], MinLatency(us), 7028
[INSERT], MaxLatency(us), 36405247
[INSERT], 95thPercentileLatency(us), 67519
[INSERT], 99thPercentileLatency(us), 88831
[INSERT], Return=OK, 2000
