[OVERALL], RunTime(ms), 9908
[OVERALL], Throughput(ops/sec), 201.85708518368995
[TOTAL_GCS_Copy], Count, 7
[TOTAL_GC_TIME_Copy], Time(ms), 37
[TOTAL_GC_TIME_%_Copy], Time(%), 0.3734356075898264
[TOTAL_GCS_MarkSweepCompact], Count, 1
[TOTAL_GC_TIME_MarkSweepCompact], Time(ms), 11
[TOTAL_GC_TIME_%_MarkSweepCompact], Time(%), 0.11102139685102946
[TOTAL_GCs], Count, 8
[TOTAL_GC_TIME], Time(ms), 48
[TOTAL_GC_TIME_%], Time(%), 0.4844570044408559
[CLEANUP], Operations, 16
[CLEANUP], AverageLatency(us), 138818.875
[CLEANUP], MinLatency(us), 2
[CLEANUP], MaxLatency(us), 2222079
[CLEANUP], 95thPercentileLatency(us), 7
[CLEANUP], 99thPercentileLatency(us), 2222079
[INSERT], Operations, 2000
[INSERT], AverageLatency(us), 48095.706
[INSERT], MinLatency(us), 16160
[INSERT], MaxLatency(us), 149887
[INSERT], 95thPercentileLatency(us), 91647
[INSERT], 99thPercentileLatency(us), 119743
[INSERT], Return=OK, 2000
