[OVERALL], RunTime(ms), 42079
[OVERALL], Throughput(ops/sec), 118.8241165426935
[TOTAL_GCS_Copy], Count, 10
[TOTAL_GC_TIME_Copy], Time(ms), 44
[TOTAL_GC_TIME_%_Copy], Time(%), 0.10456522255757028
[TOTAL_GCS_MarkSweepCompact], Count, 1
[TOTAL_GC_TIME_MarkSweepCompact], Time(ms), 12
[TOTAL_GC_TIME_%_MarkSweepCompact], Time(%), 0.02851778797024644
[TOTAL_GCs], Count, 11
[TOTAL_GC_TIME], Time(ms), 56
[TOTAL_GC_TIME_%], Time(%), 0.13308301052781674
[READ], Operations, 4999
[READ], AverageLatency(us), 483012.1444288858
[READ], MinLatency(us), 1442
[READ], MaxLatency(us), 36634623
[READ], 95thPercentileLatency(us), 67071
[READ], 99thPercentileLatency(us), 36503551
[READ], Return=OK, 4999
[READ], Return=ERROR, 1
[CLEANUP], Operations, 64
[CLEANUP], AverageLatency(us), 34769.515625
[CLEANUP], MinLatency(us), 1
[CLEANUP], MaxLatency(us), 2226175
[CLEANUP], 95thPercentileLatency(us), 2
[CLEANUP], 99thPercentileLatency(us), 6
[READ-FAILED], Operations, 1
[READ-FAILED], AverageLatency(us), 3.6356096E7
[READ-FAILED], MinLatency(us), 36339712
[READ-FAILED], MaxLatency(us), 36372479
[READ-FAILED], 95thPercentileLatency(us), 36372479
[READ-FAILED], 99thPercentileLatency(us), 36372479
