[OVERALL], RunTime(ms), 5256
[OVERALL], Throughput(ops/sec), 380.517503805175
[TOTAL_GCS_Copy], Count, 6
[TOTAL_GC_TIME_Copy], Time(ms), 36
[TOTAL_GC_TIME_%_Copy], Time(%), 0.684931506849315
[TOTAL_GCS_MarkSweepCompact], Count, 1
[TOTAL_GC_TIME_MarkSweepCompact], Time(ms), 11
[TOTAL_GC_TIME_%_MarkSweepCompact], Time(%), 0.20928462709284626
[TOTAL_GCs], Count, 7
[TOTAL_GC_TIME], Time(ms), 47
[TOTAL_GC_TIME_%], Time(%), 0.8942161339421613
[READ], Operations, 1905
[READ], AverageLatency(us), 11544.64251968504
[READ], MinLatency(us), 863
[READ], MaxLatency(us), 136191
[READ], 95thPercentileLatency(us), 25167
[READ], 99thPercentileLatency(us), 40959
[READ], Return=OK, 1905
[CLEANUP], Operations, 16
[CLEANUP], AverageLatency(us), 139585.3125
[CLEANUP], MinLatency(us), 1
[CLEANUP], MaxLatency(us), 2234367
[CLEANUP], 95thPercentileLatency(us), 6
[CLEANUP], 99thPercentileLatency(us), 2234367
[UPDATE], Operations, 95
[UPDATE], AverageLatency(us), 17296.55789473684
[UPDATE], MinLatency(us), 2338
[UPDATE], MaxLatency(us), 84031
[UPDATE], 95thPercentileLatency(us), 56319
[UPDATE], 99thPercentileLatency(us), 77631
[UPDATE], Return=OK, 95
