[OVERALL], RunTime(ms), 34066
[OVERALL], Throughput(ops/sec), 58.70956378794106
[TOTAL_GCS_Copy], Count, 6
[TOTAL_GC_TIME_Copy], Time(ms), 32
[TOTAL_GC_TIME_%_Copy], Time(%), 0.09393530206070569
[TOTAL_GCS_MarkSweepCompact], Count, 1
[TOTAL_GC_TIME_MarkSweepCompact], Time(ms), 11
[TOTAL_GC_TIME_%_MarkSweepCompact], Time(%), 0.03229026008336758
[TOTAL_GCs], Count, 7
[TOTAL_GC_TIME], Time(ms), 43
[TOTAL_GC_TIME_%], Time(%), 0.12622556214407327
[CLEANUP], Operations, 2
[CLEANUP], AverageLatency(us), 1109508.0
[CLEANUP], MinLatency(us), 8
[CLEANUP], MaxLatency(us), 2220031
[CLEANUP], 95thPercentileLatency(us), 2220031
[CLEANUP], 99thPercentileLatency(us), 2220031
[INSERT], Operations, 2000
[INSERT], AverageLatency(us), 30202.8395
[INSERT], MinLatency(us), 1520
[INSERT], MaxLatency(us), 12083199
[INSERT], 95thPercentileLatency(us), 44479
[INSERT], 99thPercentileLatency(us), 48735
[INSERT], Return=OK, 2000
