[OVERALL], RunTime(ms), 40312
[OVERALL], Throughput(ops/sec), 49.613018456042866
[TOTAL_GCS_Copy], Count, 6
[TOTAL_GC_TIME_Copy], Time(ms), 37
[TOTAL_GC_TIME_%_Copy], Time(%), 0.0917840841436793
[TOTAL_GCS_MarkSweepCompact], Count, 1
[TOTAL_GC_TIME_MarkSweepCompact], Time(ms), 11
[TOTAL_GC_TIME_%_MarkSweepCompact], Time(%), 0.027287160150823574
[TOTAL_GCs], Count, 7
[TOTAL_GC_TIME], Time(ms), 48
[TOTAL_GC_TIME_%], Time(%), 0.11907124429450287
[CLEANUP], Operations, 8
[CLEANUP], AverageLatency(us), 277123.5
[CLEANUP], MinLatency(us), 3
[CLEANUP], MaxLatency(us), 2217983
[CLEANUP], 95thPercentileLatency(us), 2217983
[CLEANUP], 99thPercentileLatency(us), 2217983
[INSERT], Operations, 2000
[INSERT], AverageLatency(us), 144932.161
[INSERT], MinLatency(us), 7588
[INSERT], MaxLatency(us), 24330239
[INSERT], 95thPercentileLatency(us), 90111
[INSERT], 99thPercentileLatency(us), 106495
[INSERT], Return=OK, 2000
