[OVERALL], RunTime(ms), 24805
[OVERALL], Throughput(ops/sec), 80.62890546260834
[TOTAL_GCS_Copy], Count, 6
[TOTAL_GC_TIME_Copy], Time(ms), 33
[TOTAL_GC_TIME_%_Copy], Time(%), 0.13303769401330376
[TOTAL_GCS_MarkSweepCompact], Count, 1
[TOTAL_GC_TIME_MarkSweepCompact], Time(ms), 11
[TOTAL_GC_TIME_%_MarkSweepCompact], Time(%), 0.044345898004434586
[TOTAL_GCs], Count, 7
[TOTAL_GC_TIME], Time(ms), 44
[TOTAL_GC_TIME_%], Time(%), 0.17738359201773835
[CLEANUP], Operations, 4
[CLEANUP], AverageLatency(us), 556291.5
[CLEANUP], MinLatency(us), 3
[CLEANUP], MaxLatency(us), 2226175
[CLEANUP], 95thPercentileLatency(us), 2226175
[CLEANUP], 99thPercentileLatency(us), 2226175
[INSERT], Operations, 2000
[INSERT], AverageLatency(us), 41644.3135
[INSERT], MinLatency(us), 2626
[INSERT], MaxLatency(us), 134527
[INSERT], 95thPercentileLatency(us), 73471
[INSERT], 99thPercentileLatency(us), 94015
[INSERT], Return=OK, 2000
