[OVERALL], RunTime(ms), 13655
[OVERALL], Throughput(ops/sec), 366.16623947272063
[TOTAL_GCS_Copy], Count, 7
[TOTAL_GC_TIME_Copy], Time(ms), 39
[TOTAL_GC_TIME_%_Copy], Time(%), 0.28560966678872207
[TOTAL_GCS_MarkSweepCompact], Count, 1
[TOTAL_GC_TIME_MarkSweepCompact], Time(ms), 11
[TOTAL_GC_TIME_%_MarkSweepCompact], Time(%), 0.08055657268399855
[TOTAL_GCs], Count, 8
[TOTAL_GC_TIME], Time(ms), 50
[TOTAL_GC_TIME_%], Time(%), 0.36616623947272064
[READ], Operations, 4755
[READ], AverageLatency(us), 14705.706203995795
[READ], MinLatency(us), 777
[READ], MaxLatency(us), 96319
[READ], 95thPercentileLatency(us), 21807
[READ], 99thPercentileLatency(us), 33983
[READ], Return=OK, 4755
[CLEANUP], Operations, 8
[CLEANUP], AverageLatency(us), 278147.375
[CLEANUP], MinLatency(us), 1
[CLEANUP], MaxLatency(us), 2226175
[CLEANUP], 95thPercentileLatency(us), 2226175
[CLEANUP], 99thPercentileLatency(us), 2226175
[INSERT], Operations, 245
[INSERT], AverageLatency(us), 34736.22857142857
[INSERT], MinLatency(us), 19040
[INSERT], MaxLatency(us), 92223
[INSERT], 95thPercentileLatency(us), 46879
[INSERT], 99thPercentileLatency(us), 77887
[INSERT], Return=OK, 245
