[OVERALL], RunTime(ms), 60365
[OVERALL], Throughput(ops/sec), 33.13178166155885
[TOTAL_GCS_Copy], Count, 6
[TOTAL_GC_TIME_Copy], Time(ms), 37
[TOTAL_GC_TIME_%_Copy], Time(%), 0.061293796073883876
[TOTAL_GCS_MarkSweepCompact], Count, 1
[TOTAL_GC_TIME_MarkSweepCompact], Time(ms), 12
[TOTAL_GC_TIME_%_MarkSweepCompact], Time(%), 0.01987906899693531
[TOTAL_GCs], Count, 7
[TOTAL_GC_TIME], Time(ms), 49
[TOTAL_GC_TIME_%], Time(%), 0.08117286507081918
[CLEANUP], Operations, 4
[CLEANUP], AverageLatency(us), 556291.75
[CLEANUP], MinLatency(us), 2
[CLEANUP], MaxLatency(us), 2226175
[CLEANUP], 95thPercentileLatency(us), 2226175
[CLEANUP], 99thPercentileLatency(us), 2226175
[INSERT], Operations, 2000
[INSERT], AverageLatency(us), 113170.148
[INSERT], MinLatency(us), 6588
[INSERT], MaxLatency(us), 36306943
[INSERT], 95thPercentileLatency(us), 68927
[INSERT], 99thPercentileLatency(us), 88511
[INSERT], Return=OK, 2000
