[OVERALL], RunTime(ms), 33897
[OVERALL], Throughput(ops/sec), 59.002271587456114
[TOTAL_GCS_Copy], Count, 6
[TOTAL_GC_TIME_Copy], Time(ms), 32
[TOTAL_GC_TIME_%_Copy], Time(%), 0.0944036345399298
[TOTAL_GCS_MarkSweepCompact], Count, 1
[TOTAL_GC_TIME_MarkSweepCompact], Time(ms), 11
[TOTAL_GC_TIME_%_MarkSweepCompact], Time(%), 0.032451249373100864
[TOTAL_GCs], Count, 7
[TOTAL_GC_TIME], Time(ms), 43
[TOTAL_GC_TIME_%], Time(%), 0.12685488391303065
[CLEANUP], Operations, 2
[CLEANUP], AverageLatency(us), 1108483.5
[CLEANUP], MinLatency(us), 7
[CLEANUP], MaxLatency(us), 2217983
[CLEANUP], 95thPercentileLatency(us), 2217983
[CLEANUP], 99thPercentileLatency(us), 2217983
[INSERT], Operations, 2000
[INSERT], AverageLatency(us), 30058.836
[INSERT], MinLatency(us), 1789
[INSERT], MaxLatency(us), 12075007
[INSERT], 95thPercentileLatency(us), 43999
[INSERT], 99thPercentileLatency(us), 48223
[INSERT], Return=OK, 2000
