[OVERALL], RunTime(ms), 15174
[OVERALL], Throughput(ops/sec), 395.41320680110715
[TOTAL_GCS_Copy], Count, 8
[TOTAL_GC_TIME_Copy], Time(ms), 38
[TOTAL_GC_TIME_%_Copy], Time(%), 0.25042836430736787
[TOTAL_GCS_MarkSweepCompact], Count, 1
[TOTAL_GC_TIME_MarkSweepCompact], Time(ms), 11
[TOTAL_GC_TIME_%_MarkSweepCompact], Time(%), 0.07249242124686965
[TOTAL_GCs], Count, 9
[TOTAL_GC_TIME], Time(ms), 49
[TOTAL_GC_TIME_%], Time(%), 0.32292078555423753
[READ], Operations, 5695
[READ], AverageLatency(us), 13918.141527655838
[READ], MinLatency(us), 730
[READ], MaxLatency(us), 99519
[READ], 95thPercentileLatency(us), 21615
[READ], 99thPercentileLatency(us), 32927
[READ], Return=OK, 5695
[CLEANUP], Operations, 8
[CLEANUP], AverageLatency(us), 279426.75
[CLEANUP], MinLatency(us), 2
[CLEANUP], MaxLatency(us), 2236415
[CLEANUP], 95thPercentileLatency(us), 2236415
[CLEANUP], 99thPercentileLatency(us), 2236415
[INSERT], Operations, 305
[INSERT], AverageLatency(us), 35108.19672131148
[INSERT], MinLatency(us), 19584
[INSERT], MaxLatency(us), 102143
[INSERT], 95thPercentileLatency(us), 58015
[INSERT], 99thPercentileLatency(us), 79743
[INSERT], Return=OK, 305
