[OVERALL], RunTime(ms), 20567
[OVERALL], Throughput(ops/sec), 145.8647347692906
[TOTAL_GCS_Copy], Count, 42
[TOTAL_GC_TIME_Copy], Time(ms), 74
[TOTAL_GC_TIME_%_Copy], Time(%), 0.35979967909758354
[TOTAL_GCS_MarkSweepCompact], Count, 1
[TOTAL_GC_TIME_MarkSweepCompact], Time(ms), 11
[TOTAL_GC_TIME_%_MarkSweepCompact], Time(%), 0.05348373608207323
[TOTAL_GCs], Count, 43
[TOTAL_GC_TIME], Time(ms), 85
[TOTAL_GC_TIME_%], Time(%), 0.4132834151796568
[CLEANUP], Operations, 4
[CLEANUP], AverageLatency(us), 556803.75
[CLEANUP], MinLatency(us), 3
[CLEANUP], MaxLatency(us), 2228223
[CLEANUP], 95thPercentileLatency(us), 2228223
[CLEANUP], 99thPercentileLatency(us), 2228223
[INSERT], Operations, 157
[INSERT], AverageLatency(us), 34568.076433121016
[INSERT], MinLatency(us), 4708
[INSERT], MaxLatency(us), 87039
[INSERT], 95thPercentileLatency(us), 45343
[INSERT], 99thPercentileLatency(us), 49311
[INSERT], Return=OK, 157
[SCAN], Operations, 2843
[SCAN], AverageLatency(us), 21587.090749208583
[SCAN], MinLatency(us), 1105
[SCAN], MaxLatency(us), 100479
[SCAN], 95thPercentileLatency(us), 43423
[SCAN], 99thPercentileLatency(us), 46463
[SCAN], Return=OK, 2843
