[OVERALL], RunTime(ms), 39984
[OVERALL], Throughput(ops/sec), 50.02000800320128
[TOTAL_GCS_Copy], Count, 28
[TOTAL_GC_TIME_Copy], Time(ms), 55
[TOTAL_GC_TIME_%_Copy], Time(%), 0.1375550220088035
[TOTAL_GCS_MarkSweepCompact], Count, 1
[TOTAL_GC_TIME_MarkSweepCompact], Time(ms), 11
[TOTAL_GC_TIME_%_MarkSweepCompact], Time(%), 0.027511004401760707
[TOTAL_GCs], Count, 29
[TOTAL_GC_TIME], Time(ms), 66
[TOTAL_GC_TIME_%], Time(%), 0.16506602641056423
[CLEANUP], Operations, 1
[CLEANUP], AverageLatency(us), 2219008.0
[CLEANUP], MinLatency(us), 2217984
[CLEANUP], MaxLatency(us), 2220031
[CLEANUP], 95thPercentileLatency(us), 2220031
[CLEANUP], 99thPercentileLatency(us), 2220031
[INSERT], Operations, 99
[INSERT], AverageLatency(us), 30365.545454545456
[INSERT], MinLatency(us), 3964
[INSERT], MaxLatency(us), 79871
[INSERT], 95thPercentileLatency(us), 42175
[INSERT], 99thPercentileLatency(us), 43071
[INSERT], Return=OK, 99
[SCAN], Operations, 1901
[SCAN], AverageLatency(us), 17470.555497106787
[SCAN], MinLatency(us), 1201
[SCAN], MaxLatency(us), 12115967
[SCAN], 95thPercentileLatency(us), 23519
[SCAN], 99thPercentileLatency(us), 27967
[SCAN], Return=OK, 1901
