[OVERALL], RunTime(ms), 46076
[OVERALL], Throughput(ops/sec), 108.51636426773157
[TOTAL_GCS_Copy], Count, 66
[TOTAL_GC_TIME_Copy], Time(ms), 90
[TOTAL_GC_TIME_%_Copy], Time(%), 0.19532945568191684
[TOTAL_GCS_MarkSweepCompact], Count, 1
[TOTAL_GC_TIME_MarkSweepCompact], Time(ms), 11
[TOTAL_GC_TIME_%_MarkSweepCompact], Time(%), 0.023873600138900945
[TOTAL_GCs], Count, 67
[TOTAL_GC_TIME], Time(ms), 101
[TOTAL_GC_TIME_%], Time(%), 0.21920305582081778
[CLEANUP], Operations, 2
[CLEANUP], AverageLatency(us), 1111556.5
[CLEANUP], MinLatency(us), 9
[CLEANUP], MaxLatency(us), 2224127
[CLEANUP], 95thPercentileLatency(us), 2224127
[CLEANUP], 99thPercentileLatency(us), 2224127
[INSERT], Operations, 265
[INSERT], AverageLatency(us), 33243.25283018868
[INSERT], MinLatency(us), 4896
[INSERT], MaxLatency(us), 72319
[INSERT], 95thPercentileLatency(us), 43487
[INSERT], 99thPercentileLatency(us), 45439
[INSERT], Return=OK, 265
[SCAN], Operations, 4735
[SCAN], AverageLatency(us), 15890.007391763464
[SCAN], MinLatency(us), 1299
[SCAN], MaxLatency(us), 98047
[SCAN], 95thPercentileLatency(us), 25007
[SCAN], 99thPercentileLatency(us), 38623
[SCAN], Return=OK, 4735
