[OVERALL], RunTime(ms), 5180
[OVERALL], Throughput(ops/sec), 386.1003861003861
[TOTAL_GCS_Copy], Count, 8
[TOTAL_GC_TIME_Copy], Time(ms), 37
[TOTAL_GC_TIME_%_Copy], Time(%), 0.7142857142857143
[TOTAL_GCS_MarkSweepCompact], Count, 1
[TOTAL_GC_TIME_MarkSweepCompact], Time(ms), 11
[TOTAL_GC_TIME_%_MarkSweepCompact], Time(%), 0.21235521235521237
[TOTAL_GCs], Count, 9
[TOTAL_GC_TIME], Time(ms), 48
[TOTAL_GC_TIME_%], Time(%), 0.9266409266409266
[CLEANUP], Operations, 64
[CLEANUP], AverageLatency(us), 34961.171875
[CLEANUP], MinLatency(us), 1
[CLEANUP], MaxLatency(us), 2238463
[CLEANUP], 95thPercentileLatency(us), 2
[CLEANUP], 99thPercentileLatency(us), 6
[INSERT], Operations, 2000
[INSERT], AverageLatency(us), 46749.4715
[INSERT], MinLatency(us), 2600
[INSERT], MaxLatency(us), 467711
[INSERT], 95thPercentileLatency(us), 104383
[INSERT], 99thPercentileLatency(us), 378879
[INSERT], Return=OK, 2000
