[OVERALL], RunTime(ms), 64004
[OVERALL], Throughput(ops/sec), 62.49609399412537
[TOTAL_GCS_Copy], Count, 53
[TOTAL_GC_TIME_Copy], Time(ms), 88
[TOTAL_GC_TIME_%_Copy], Time(%), 0.1374914067870758
[TOTAL_GCS_MarkSweepCompact], Count, 1
[TOTAL_GC_TIME_MarkSweepCompact], Time(ms), 16
[TOTAL_GC_TIME_%_MarkSweepCompact], Time(%), 0.024998437597650146
[TOTAL_GCs], Count, 54
[TOTAL_GC_TIME], Time(ms), 104
[TOTAL_GC_TIME_%], Time(%), 0.16248984438472597
[CLEANUP], Operations, 1
[CLEANUP], AverageLatency(us), 2219008.0
[CLEANUP], MinLatency(us), 2217984
[CLEANUP], MaxLatency(us), 2220031
[CLEANUP], 95thPercentileLatency(us), 2220031
[CLEANUP], 99thPercentileLatency(us), 2220031
[INSERT], Operations, 187
[INSERT], AverageLatency(us), 30941.807486631016
[INSERT], MinLatency(us), 5072
[INSERT], MaxLatency(us), 81151
[INSERT], 95thPercentileLatency(us), 42783
[INSERT], 99thPercentileLatency(us), 44671
[INSERT], Return=OK, 187
[SCAN], Operations, 3813
[SCAN], AverageLatency(us), 14268.602937319696
[SCAN], MinLatency(us), 1052
[SCAN], MaxLatency(us), 12124159
[SCAN], 95thPercentileLatency(us), 23295
[SCAN], 99thPercentileLatency(us), 25439
[SCAN], Return=OK, 3813
