[OVERALL], RunTime(ms), 15723
[OVERALL], Throughput(ops/sec), 127.2021878776315
[TOTAL_GCS_Copy], Count, 6
[TOTAL_GC_TIME_Copy], Time(ms), 33
[TOTAL_GC_TIME_%_Copy], Time(%), 0.20988360999809197
[TOTAL_GCS_MarkSweepCompact], Count, 1
[TOTAL_GC_TIME_MarkSweepCompact], Time(ms), 12
[TOTAL_GC_TIME_%_MarkSweepCompact], Time(%), 0.0763213127265789
[TOTAL_GCs], Count, 7
[TOTAL_GC_TIME], Time(ms), 45
[TOTAL_GC_TIME_%], Time(%), 0.28620492272467085
[CLEANUP], Operations, 4
[CLEANUP], AverageLatency(us), 556803.25
[CLEANUP], MinLatency(us), 3
[CLEANUP], MaxLatency(us), 2228223
[CLEANUP], 95thPercentileLatency(us), 2228223
[CLEANUP], 99thPercentileLatency(us), 2228223
[INSERT], Operations, 2000
[INSERT], AverageLatency(us), 23566.395
[INSERT], MinLatency(us), 2926
[INSERT], MaxLatency(us), 78399
[INSERT], 95thPercentileLatency(us), 50335
[INSERT], 99thPercentileLatency(us), 59455
[INSERT], Return=OK, 2000
