[OVERALL], RunTime(ms), 5488
[OVERALL], Throughput(ops/sec), 364.4314868804665
[TOTAL_GCS_Copy], Count, 11
[TOTAL_GC_TIME_Copy], Time(ms), 45
[TOTAL_GC_TIME_%_Copy], Time(%), 0.8199708454810495
[TOTAL_GCS_MarkSweepCompact], Count, 1
[TOTAL_GC_TIME_MarkSweepCompact], Time(ms), 12
[TOTAL_GC_TIME_%_MarkSweepCompact], Time(%), 0.21865889212827988
[TOTAL_GCs], Count, 12
[TOTAL_GC_TIME], Time(ms), 57
[TOTAL_GC_TIME_%], Time(%), 1.0386297376093294
[CLEANUP], Operations, 128
[CLEANUP], AverageLatency(us), 17433.46875
[CLEANUP], MinLatency(us), 1
[CLEANUP], MaxLatency(us), 2232319
[CLEANUP], 95thPercentileLatency(us), 3
[CLEANUP], 99thPercentileLatency(us), 9
[INSERT], Operations, 2000
[INSERT], AverageLatency(us), 101796.52
[INSERT], MinLatency(us), 25024
[INSERT], MaxLatency(us), 767999
[INSERT], 95thPercentileLatency(us), 553983
[INSERT], 99thPercentileLatency(us), 701951
[INSERT], Return=OK, 2000
