[OVERALL], RunTime(ms), 17621
[OVERALL], Throughput(ops/sec), 113.50093638272516
[TOTAL_GCS_Copy], Count, 5
[TOTAL_GC_TIME_Copy], Time(ms), 29
[TOTAL_GC_TIME_%_Copy], Time(%), 0.16457635775495147
[TOTAL_GCS_MarkSweepCompact], Count, 1
[TOTAL_GC_TIME_MarkSweepCompact], Time(ms), 11
[TOTAL_GC_TIME_%_MarkSweepCompact], Time(%), 0.06242551501049883
[TOTAL_GCs], Count, 6
[TOTAL_GC_TIME], Time(ms), 40
[TOTAL_GC_TIME_%], Time(%), 0.2270018727654503
[READ], Operations, 1899
[READ], AverageLatency(us), 12927.925750394945
[READ], MinLatency(us), 730
[READ], MaxLatency(us), 66431
[READ], 95thPercentileLatency(us), 19375
[READ], 99thPercentileLatency(us), 23295
[READ], Return=OK, 1899
[CLEANUP], Operations, 2
[CLEANUP], AverageLatency(us), 1113603.5
[CLEANUP], MinLatency(us), 7
[CLEANUP], MaxLatency(us), 2228223
[CLEANUP], 95thPercentileLatency(us), 2228223
[CLEANUP], 99thPercentileLatency(us), 2228223
[INSERT], Operations, 101
[INSERT], AverageLatency(us), 28818.039603960395
[INSERT], MinLatency(us), 7592
[INSERT], MaxLatency(us), 45535
[INSERT], 95thPercentileLatency(us), 38175
[INSERT], 99thPercentileLatency(us), 40319
[INSERT], Return=OK, 101
