[OVERALL], RunTime(ms), 20830
[OVERALL], Throughput(ops/sec), 240.03840614498318
[TOTAL_GCS_Copy], Count, 7
[TOTAL_GC_TIME_Copy], Time(ms), 37
[TOTAL_GC_TIME_%_Copy], Time(%), 0.17762842054728756
[TOTAL_GCS_MarkSweepCompact], Count, 1
[TOTAL_GC_TIME_MarkSweepCompact], Time(ms), 21
[TOTAL_GC_TIME_%_MarkSweepCompact], Time(%), 0.10081613058089295
[TOTAL_GCs], Count, 8
[TOTAL_GC_TIME], Time(ms), 58
[TOTAL_GC_TIME_%], Time(%), 0.2784445511281805
[READ], Operations, 4732
[READ], AverageLatency(us), 4483.970836855452
[READ], MinLatency(us), 632
[READ], MaxLatency(us), 12050431
[READ], 95thPercentileLatency(us), 3463
[READ], 99thPercentileLatency(us), 5719
[READ], Return=OK, 4732
[CLEANUP], Operations, 2
[CLEANUP], AverageLatency(us), 1114627.5
[CLEANUP], MinLatency(us), 7
[CLEANUP], MaxLatency(us), 2230271
[CLEANUP], 95thPercentileLatency(us), 2230271
[CLEANUP], 99thPercentileLatency(us), 2230271
[UPDATE], Operations, 268
[UPDATE], AverageLatency(us), 48329.03731343283
[UPDATE], MinLatency(us), 1623
[UPDATE], MaxLatency(us), 12058623
[UPDATE], 95thPercentileLatency(us), 6783
[UPDATE], 99thPercentileLatency(us), 11279
[UPDATE], Return=OK, 268
