[OVERALL], RunTime(ms), 5622
[OVERALL], Throughput(ops/sec), 533.6179295624333
[TOTAL_GCS_Copy], Count, 7
[TOTAL_GC_TIME_Copy], Time(ms), 36
[TOTAL_GC_TIME_%_Copy], Time(%), 0.6403415154749199
[TOTAL_GCS_MarkSweepCompact], Count, 1
[TOTAL_GC_TIME_MarkSweepCompact], Time(ms), 13
[TOTAL_GC_TIME_%_MarkSweepCompact], Time(%), 0.23123443614372108
[TOTAL_GCs], Count, 8
[TOTAL_GC_TIME], Time(ms), 49
[TOTAL_GC_TIME_%], Time(%), 0.8715759516186411
[READ], Operations, 2870
[READ], AverageLatency(us), 9703.087456445994
[READ], MinLatency(us), 864
[READ], MaxLatency(us), 167423
[READ], 95thPercentileLatency(us), 21983
[READ], 99thPercentileLatency(us), 35423
[READ], Return=OK, 2870
[CLEANUP], Operations, 16
[CLEANUP], AverageLatency(us), 139073.4375
[CLEANUP], MinLatency(us), 1
[CLEANUP], MaxLatency(us), 2226175
[CLEANUP], 95thPercentileLatency(us), 6
[CLEANUP], 99thPercentileLatency(us), 2226175
[UPDATE], Operations, 130
[UPDATE], AverageLatency(us), 14560.615384615385
[UPDATE], MinLatency(us), 2670
[UPDATE], MaxLatency(us), 133631
[UPDATE], 95thPercentileLatency(us), 60031
[UPDATE], 99thPercentileLatency(us), 79231
[UPDATE], Return=OK, 130
