[OVERALL], RunTime(ms), 11503
[OVERALL], Throughput(ops/sec), 521.6030600712858
[TOTAL_GCS_Copy], Count, 7
[TOTAL_GC_TIME_Copy], Time(ms), 33
[TOTAL_GC_TIME_%_Copy], Time(%), 0.2868816830392072
[TOTAL_GCS_MarkSweepCompact], Count, 1
[TOTAL_GC_TIME_MarkSweepCompact], Time(ms), 11
[TOTAL_GC_TIME_%_MarkSweepCompact], Time(%), 0.09562722767973572
[TOTAL_GCs], Count, 8
[TOTAL_GC_TIME], Time(ms), 44
[TOTAL_GC_TIME_%], Time(%), 0.3825089107189429
[READ], Operations, 2963
[READ], AverageLatency(us), 3386.5298683766455
[READ], MinLatency(us), 595
[READ], MaxLatency(us), 31743
[READ], 95thPercentileLatency(us), 5479
[READ], 99thPercentileLatency(us), 8079
[READ], Return=OK, 2963
[CLEANUP], Operations, 4
[CLEANUP], AverageLatency(us), 556803.25
[CLEANUP], MinLatency(us), 2
[CLEANUP], MaxLatency(us), 2228223
[CLEANUP], 95thPercentileLatency(us), 2228223
[CLEANUP], 99thPercentileLatency(us), 2228223
[UPDATE], Operations, 3037
[UPDATE], AverageLatency(us), 6809.520908791571
[UPDATE], MinLatency(us), 1826
[UPDATE], MaxLatency(us), 55935
[UPDATE], 95thPercentileLatency(us), 8575
[UPDATE], 99thPercentileLatency(us), 11703
[UPDATE], Return=OK, 3037
