[OVERALL], RunTime(ms), 6091
[OVERALL], Throughput(ops/sec), 985.0599244787392
[TOTAL_GCS_Copy], Count, 10
[TOTAL_GC_TIME_Copy], Time(ms), 41
[TOTAL_GC_TIME_%_Copy], Time(%), 0.6731242817271385
[TOTAL_GCS_MarkSweepCompact], Count, 1
[TOTAL_GC_TIME_MarkSweepCompact], Time(ms), 11
[TOTAL_GC_TIME_%_MarkSweepCompact], Time(%), 0.18059431948776883
[TOTAL_GCs], Count, 11
[TOTAL_GC_TIME], Time(ms), 52
[TOTAL_GC_TIME_%], Time(%), 0.8537186012149072
[READ], Operations, 3001
[READ], AverageLatency(us), 21595.93435521493
[READ], MinLatency(us), 1325
[READ], MaxLatency(us), 381183
[READ], 95thPercentileLatency(us), 62751
[READ], 99thPercentileLatency(us), 112383
[READ], Return=OK, 3001
[CLEANUP], Operations, 64
[CLEANUP], AverageLatency(us), 34834.828125
[CLEANUP], MinLatency(us), 1
[CLEANUP], MaxLatency(us), 2230271
[CLEANUP], 95thPercentileLatency(us), 8
[CLEANUP], 99thPercentileLatency(us), 30
[UPDATE], Operations, 2999
[UPDATE], AverageLatency(us), 28384.374124708236
[UPDATE], MinLatency(us), 2414
[UPDATE], MaxLatency(us), 393983
[UPDATE], 95thPercentileLatency(us), 73471
[UPDATE], 99thPercentileLatency(us), 257151
[UPDATE], Return=OK, 2999
