[OVERALL], RunTime(ms), 41232
[OVERALL], Throughput(ops/sec), 48.50601474582848
[TOTAL_GCS_Copy], Count, 6
[TOTAL_GC_TIME_Copy], Time(ms), 33
[TOTAL_GC_TIME_%_Copy], Time(%), 0.08003492433061699
[TOTAL_GCS_MarkSweepCompact], Count, 1
[TOTAL_GC_TIME_MarkSweepCompact], Time(ms), 12
[TOTAL_GC_TIME_%_MarkSweepCompact], Time(%), 0.02910360884749709
[TOTAL_GCs], Count, 7
[TOTAL_GC_TIME], Time(ms), 45
[TOTAL_GC_TIME_%], Time(%), 0.10913853317811407
[CLEANUP], Operations, 2
[CLEANUP], AverageLatency(us), 1111556.5
[CLEANUP], MinLatency(us), 9
[CLEANUP], MaxLatency(us), 2224127
[CLEANUP], 95thPercentileLatency(us), 2224127
[CLEANUP], 99thPercentileLatency(us), 2224127
[INSERT], Operations, 2000
[INSERT], AverageLatency(us), 37320.3165
[INSERT], MinLatency(us), 2558
[INSERT], MaxLatency(us), 100479
[INSERT], 95thPercentileLatency(us), 64575
[INSERT], 99thPercentileLatency(us), 81983
[INSERT], Return=OK, 2000
