[OVERALL], RunTime(ms), 5340
[OVERALL], Throughput(ops/sec), 374.53183520599254
[TOTAL_GCS_Copy], Count, 11
[TOTAL_GC_TIME_Copy], Time(ms), 44
[TOTAL_GC_TIME_%_Copy], Time(%), 0.8239700374531835
[TOTAL_GCS_MarkSweepCompact], Count, 1
[TOTAL_GC_TIME_MarkSweepCompact], Time(ms), 13
[TOTAL_GC_TIME_%_MarkSweepCompact], Time(%), 0.24344569288389512
[TOTAL_GCs], Count, 12
[TOTAL_GC_TIME], Time(ms), 57
[TOTAL_GC_TIME_%], Time(%), 1.0674157303370786
[CLEANUP], Operations, 128
[CLEANUP], AverageLatency(us), 17353.2421875
[CLEANUP], MinLatency(us), 1
[CLEANUP], MaxLatency(us), 2222079
[CLEANUP], 95thPercentileLatency(us), 2
[CLEANUP], 99thPercentileLatency(us), 5
[INSERT], Operations, 2000
[INSERT], AverageLatency(us), 97902.102
[INSERT], MinLatency(us), 14528
[INSERT], MaxLatency(us), 727039
[INSERT], 95thPercentileLatency(us), 541695
[INSERT], 99thPercentileLatency(us), 680447
[INSERT], Return=OK, 2000
