[OVERALL], RunTime(ms), 6096
[OVERALL], Throughput(ops/sec), 984.2519685039371
[TOTAL_GCS_Copy], Count, 10
[TOTAL_GC_TIME_Copy], Time(ms), 42
[TOTAL_GC_TIME_%_Copy], Time(%), 0.6889763779527559
[TOTAL_GCS_MarkSweepCompact], Count, 1
[TOTAL_GC_TIME_MarkSweepCompact], Time(ms), 11
[TOTAL_GC_TIME_%_MarkSweepCompact], Time(%), 0.18044619422572178
[TOTAL_GCs], Count, 11
[TOTAL_GC_TIME], Time(ms), 53
[TOTAL_GC_TIME_%], Time(%), 0.8694225721784777
[READ], Operations, 5703
[READ], AverageLatency(us), 24776.786077503068
[READ], MinLatency(us), 834
[READ], MaxLatency(us), 427519
[READ], 95thPercentileLatency(us), 69439
[READ], 99thPercentileLatency(us), 238975
[READ], Return=OK, 5703
[CLEANUP], Operations, 64
[CLEANUP], AverageLatency(us), 34801.671875
[CLEANUP], MinLatency(us), 1
[CLEANUP], MaxLatency(us), 2228223
[CLEANUP], 95thPercentileLatency(us), 2
[CLEANUP], 99thPercentileLatency(us), 6
[UPDATE], Operations, 297
[UPDATE], AverageLatency(us), 32479.164983164985
[UPDATE], MinLatency(us), 2886
[UPDATE], MaxLatency(us), 436479
[UPDATE], 95thPercentileLatency(us), 91455
[UPDATE], 99thPercentileLatency(us), 209151
[UPDATE], Return=OK, 297
