[OVERALL], RunTime(ms), 5735
[OVERALL], Throughput(ops/sec), 697.4716652136007
[TOTAL_GCS_Copy], Count, 7
[TOTAL_GC_TIME_Copy], Time(ms), 36
[TOTAL_GC_TIME_%_Copy], Time(%), 0.6277244986922406
[TOTAL_GCS_MarkSweepCompact], Count, 1
[TOTAL_GC_TIME_MarkSweepCompact], Time(ms), 11
[TOTAL_GC_TIME_%_MarkSweepCompact], Time(%), 0.1918047079337402
[TOTAL_GCs], Count, 8
[TOTAL_GC_TIME], Time(ms), 47
[TOTAL_GC_TIME_%], Time(%), 0.8195292066259808
[READ], Operations, 3777
[READ], AverageLatency(us), 15605.483717235902
[READ], MinLatency(us), 897
[READ], MaxLatency(us), 274431
[READ], 95thPercentileLatency(us), 40383
[READ], 99thPercentileLatency(us), 68095
[READ], Return=OK, 3777
[CLEANUP], Operations, 32
[CLEANUP], AverageLatency(us), 69537.46875
[CLEANUP], MinLatency(us), 1
[CLEANUP], MaxLatency(us), 2226175
[CLEANUP], 95thPercentileLatency(us), 2
[CLEANUP], 99thPercentileLatency(us), 2226175
[UPDATE], Operations, 223
[UPDATE], AverageLatency(us), 21081.538116591928
[UPDATE], MinLatency(us), 2042
[UPDATE], MaxLatency(us), 183423
[UPDATE], 95thPercentileLatency(us), 54111
[UPDATE], 99thPercentileLatency(us), 157951
[UPDATE], Return=OK, 223
