[OVERALL], RunTime(ms), 6020
[OVERALL], Throughput(ops/sec), 332.22591362126246
[TOTAL_GCS_Copy], Count, 6
[TOTAL_GC_TIME_Copy], Time(ms), 31
[TOTAL_GC_TIME_%_Copy], Time(%), 0.5149501661129569
[TOTAL_GCS_MarkSweepCompact], Count, 1
[TOTAL_GC_TIME_MarkSweepCompact], Time(ms), 11
[TOTAL_GC_TIME_%_MarkSweepCompact], Time(%), 0.18272425249169436
[TOTAL_GCs], Count, 7
[TOTAL_GC_TIME], Time(ms), 42
[TOTAL_GC_TIME_%], Time(%), 0.6976744186046512
[READ], Operations, 1904
[READ], AverageLatency(us), 16364.77205882353
[READ], MinLatency(us), 1123
[READ], MaxLatency(us), 160895
[READ], 95thPercentileLatency(us), 24335
[READ], 99thPercentileLatency(us), 39615
[READ], Return=OK, 1904
[CLEANUP], Operations, 16
[CLEANUP], AverageLatency(us), 139074.125
[CLEANUP], MinLatency(us), 1
[CLEANUP], MaxLatency(us), 2226175
[CLEANUP], 95thPercentileLatency(us), 7
[CLEANUP], 99thPercentileLatency(us), 2226175
[INSERT], Operations, 96
[INSERT], AverageLatency(us), 41746.833333333336
[INSERT], MinLatency(us), 23664
[INSERT], MaxLatency(us), 139391
[INSERT], 95thPercentileLatency(us), 61951
[INSERT], 99thPercentileLatency(us), 136703
[INSERT], Return=OK, 96
