[OVERALL], RunTime(ms), 5938
[OVERALL], Throughput(ops/sec), 336.81374200067364
[TOTAL_GCS_Copy], Count, 6
[TOTAL_GC_TIME_Copy], Time(ms), 40
[TOTAL_GC_TIME_%_Copy], Time(%), 0.6736274840013472
[TOTAL_GCS_MarkSweepCompact], Count, 1
[TOTAL_GC_TIME_MarkSweepCompact], Time(ms), 12
[TOTAL_GC_TIME_%_MarkSweepCompact], Time(%), 0.20208824520040417
[TOTAL_GCs], Count, 7
[TOTAL_GC_TIME], Time(ms), 52
[TOTAL_GC_TIME_%], Time(%), 0.8757157292017514
[CLEANUP], Operations, 1
[CLEANUP], AverageLatency(us), 2231296.0
[CLEANUP], MinLatency(us), 2230272
[CLEANUP], MaxLatency(us), 2232319
[CLEANUP], 95thPercentileLatency(us), 2232319
[CLEANUP], 99thPercentileLatency(us), 2232319
[INSERT], Operations, 2000
[INSERT], AverageLatency(us), 1089.7895
[INSERT], MinLatency(us), 728
[INSERT], MaxLatency(us), 37535
[INSERT], 95thPercentileLatency(us), 1510
[INSERT], 99thPercentileLatency(us), 4235
[INSERT], Return=OK, 2000
