[OVERALL], RunTime(ms), 33787
[OVERALL], Throughput(ops/sec), 177.58309408944268
[TOTAL_GCS_Copy], Count, 7
[TOTAL_GC_TIME_Copy], Time(ms), 39
[TOTAL_GC_TIME_%_Copy], Time(%), 0.11542901115813775
[TOTAL_GCS_MarkSweepCompact], Count, 1
[TOTAL_GC_TIME_MarkSweepCompact], Time(ms), 11
[TOTAL_GC_TIME_%_MarkSweepCompact], Time(%), 0.03255690058306449
[TOTAL_GCs], Count, 8
[TOTAL_GC_TIME], Time(ms), 50
[TOTAL_GC_TIME_%], Time(%), 0.14798591174120224
[READ], Operations, 3073
[READ], AverageLatency(us), 3962.2040351448095
[READ], MinLatency(us), 748
[READ], MaxLatency(us), 22479
[READ], 95thPercentileLatency(us), 7463
[READ], 99thPercentileLatency(us), 8383
[READ], Return=OK, 3073
[CLEANUP], Operations, 1
[CLEANUP], AverageLatency(us), 2229248.0
[CLEANUP], MinLatency(us), 2228224
[CLEANUP], MaxLatency(us), 2230271
[CLEANUP], 95thPercentileLatency(us), 2230271
[CLEANUP], 99thPercentileLatency(us), 2230271
[UPDATE], Operations, 2927
[UPDATE], AverageLatency(us), 6083.338230269901
[UPDATE], MinLatency(us), 1403
[UPDATE], MaxLatency(us), 38303
[UPDATE], 95thPercentileLatency(us), 8295
[UPDATE], 99thPercentileLatency(us), 11015
[UPDATE], Return=OK, 2927
