[OVERALL], RunTime(ms), 5262
[OVERALL], Throughput(ops/sec), 380.08361839604714
[TOTAL_GCS_Copy], Count, 7
[TOTAL_GC_TIME_Copy], Time(ms), 36
[TOTAL_GC_TIME_%_Copy], Time(%), 0.6841505131128849
[TOTAL_GCS_MarkSweepCompact], Count, 1
[TOTAL_GC_TIME_MarkSweepCompact], Time(ms), 13
[TOTAL_GC_TIME_%_MarkSweepCompact], Time(%), 0.24705435195743064
[TOTAL_GCs], Count, 8
[TOTAL_GC_TIME], Time(ms), 49
[TOTAL_GC_TIME_%], Time(%), 0.9312048650703154
[CLEANUP], Operations, 32
[CLEANUP], AverageLatency(us), 69537.125
[CLEANUP], MinLatency(us), 1
[CLEANUP], MaxLatency(us), 2226175
[CLEANUP], 95thPercentileLatency(us), 1
[CLEANUP], 99thPercentileLatency(us), 2226175
[INSERT], Operations, 2000
[INSERT], AverageLatency(us), 23878.3665
[INSERT], MinLatency(us), 2092
[INSERT], MaxLatency(us), 270847
[INSERT], 95thPercentileLatency(us), 48767
[INSERT], 99thPercentileLatency(us), 202239
[INSERT], Return=OK, 2000
