[OVERALL], RunTime(ms), 5775
[OVERALL], Throughput(ops/sec), 346.32034632034635
[TOTAL_GCS_Copy], Count, 5
[TOTAL_GC_TIME_Copy], Time(ms), 32
[TOTAL_GC_TIME_%_Copy], Time(%), 0.5541125541125541
[TOTAL_GCS_MarkSweepCompact], Count, 1
[TOTAL_GC_TIME_MarkSweepCompact], Time(ms), 11
[TOTAL_GC_TIME_%_MarkSweepCompact], Time(%), 0.19047619047619047
[TOTAL_GCs], Count, 6
[TOTAL_GC_TIME], Time(ms), 43
[TOTAL_GC_TIME_%], Time(%), 0.7445887445887446
[READ], Operations, 1905
[READ], AverageLatency(us), 974.2598425196851
[READ], MinLatency(us), 518
[READ], MaxLatency(us), 32447
[READ], 95thPercentileLatency(us), 2553
[READ], 99thPercentileLatency(us), 4623
[READ], Return=OK, 1905
[CLEANUP], Operations, 1
[CLEANUP], AverageLatency(us), 2231296.0
[CLEANUP], MinLatency(us), 2230272
[CLEANUP], MaxLatency(us), 2232319
[CLEANUP], 95thPercentileLatency(us), 2232319
[CLEANUP], 99thPercentileLatency(us), 2232319
[UPDATE], Operations, 95
[UPDATE], AverageLatency(us), 1609.0105263157895
[UPDATE], MinLatency(us), 883
[UPDATE], MaxLatency(us), 13799
[UPDATE], 95thPercentileLatency(us), 4045
[UPDATE], 99thPercentileLatency(us), 8863
[UPDATE], Return=OK, 95
