[OVERALL], RunTime(ms), 34296
[OVERALL], Throughput(ops/sec), 58.315838581758804
[TOTAL_GCS_Copy], Count, 6
[TOTAL_GC_TIME_Copy], Time(ms), 35
[TOTAL_GC_TIME_%_Copy], Time(%), 0.10205271751807792
[TOTAL_GCS_MarkSweepCompact], Count, 1
[TOTAL_GC_TIME_MarkSweepCompact], Time(ms), 11
[TOTAL_GC_TIME_%_MarkSweepCompact], Time(%), 0.03207371121996734
[TOTAL_GCs], Count, 7
[TOTAL_GC_TIME], Time(ms), 46
[TOTAL_GC_TIME_%], Time(%), 0.13412642873804526
[CLEANUP], Operations, 2
[CLEANUP], AverageLatency(us), 1108483.5
[CLEANUP], MinLatency(us), 7
[CLEANUP], MaxLatency(us), 2217983
[CLEANUP], 95thPercentileLatency(us), 2217983
[CLEANUP], 99thPercentileLatency(us), 2217983
[INSERT], Operations, 2000
[INSERT], AverageLatency(us), 30247.6565
[INSERT], MinLatency(us), 1482
[INSERT], MaxLatency(us), 12140543
[INSERT], 95thPercentileLatency(us), 44063
[INSERT], 99thPercentileLatency(us), 48927
[INSERT], Return=OK, 2000
