[OVERALL], RunTime(ms), 5752
[OVERALL], Throughput(ops/sec), 521.557719054242
[TOTAL_GCS_Copy], Count, 8
[TOTAL_GC_TIME_Copy], Time(ms), 36
[TOTAL_GC_TIME_%_Copy], Time(%), 0.6258692628650904
[TOTAL_GCS_MarkSweepCompact], Count, 1
[TOTAL_GC_TIME_MarkSweepCompact], Time(ms), 11
[TOTAL_GC_TIME_%_MarkSweepCompact], Time(%), 0.19123783031988875
[TOTAL_GCs], Count, 9
[TOTAL_GC_TIME], Time(ms), 47
[TOTAL_GC_TIME_%], Time(%), 0.8171070931849791
[READ], Operations, 2855
[READ], AverageLatency(us), 38681.93940455341
[READ], MinLatency(us), 2054
[READ], MaxLatency(us), 427263
[READ], 95thPercentileLatency(us), 80383
[READ], 99thPercentileLatency(us), 342783
[READ], Return=OK, 2855
[CLEANUP], Operations, 64
[CLEANUP], AverageLatency(us), 34833.484375
[CLEANUP], MinLatency(us), 1
[CLEANUP], MaxLatency(us), 2230271
[CLEANUP], 95thPercentileLatency(us), 3
[CLEANUP], 99thPercentileLatency(us), 6
[INSERT], Operations, 145
[INSERT], AverageLatency(us), 65290.59310344828
[INSERT], MinLatency(us), 23696
[INSERT], MaxLatency(us), 243967
[INSERT], 95thPercentileLatency(us), 108863
[INSERT], 99thPercentileLatency(us), 117311
[INSERT], Return=OK, 145
