[OVERALL], RunTime(ms), 4700
[OVERALL], Throughput(ops/sec), 212.7659574468085
[TOTAL_GCS_Copy], Count, 7
[TOTAL_GC_TIME_Copy], Time(ms), 33
[TOTAL_GC_TIME_%_Copy], Time(%), 0.7021276595744681
[TOTAL_GCS_MarkSweepCompact], Count, 1
[TOTAL_GC_TIME_MarkSweepCompact], Time(ms), 12
[TOTAL_GC_TIME_%_MarkSweepCompact], Time(%), 0.2553191489361702
[TOTAL_GCs], Count, 8
[TOTAL_GC_TIME], Time(ms), 45
[TOTAL_GC_TIME_%], Time(%), 0.9574468085106382
[READ], Operations, 951
[READ], AverageLatency(us), 59123.09043112513
[READ], MinLatency(us), 1035
[READ], MaxLatency(us), 412159
[READ], 95thPercentileLatency(us), 300543
[READ], 99thPercentileLatency(us), 395263
[READ], Return=OK, 951
[CLEANUP], Operations, 64
[CLEANUP], AverageLatency(us), 34769.078125
[CLEANUP], MinLatency(us), 1
[CLEANUP], MaxLatency(us), 2226175
[CLEANUP], 95thPercentileLatency(us), 2
[CLEANUP], 99thPercentileLatency(us), 5
[UPDATE], Operations, 49
[UPDATE], AverageLatency(us), 82702.36734693877
[UPDATE], MinLatency(us), 2644
[UPDATE], MaxLatency(us), 267775
[UPDATE], 95thPercentileLatency(us), 251647
[UPDATE], 99thPercentileLatency(us), 267775
[UPDATE], Return=OK, 49
