[OVERALL], RunTime(ms), 67656
[OVERALL], Throughput(ops/sec), 73.90327539316543
[TOTAL_GCS_Copy], Count, 7
[TOTAL_GC_TIME_Copy], Time(ms), 38
[TOTAL_GC_TIME_%_Copy], Time(%), 0.05616648929880572
[TOTAL_GCS_MarkSweepCompact], Count, 1
[TOTAL_GC_TIME_MarkSweepCompact], Time(ms), 11
[TOTAL_GC_TIME_%_MarkSweepCompact], Time(%), 0.016258720586496394
[TOTAL_GCs], Count, 8
[TOTAL_GC_TIME], Time(ms), 49
[TOTAL_GC_TIME_%], Time(%), 0.07242520988530211
[READ], Operations, 4757
[READ], AverageLatency(us), 12077.76245532899
[READ], MinLatency(us), 747
[READ], MaxLatency(us), 77631
[READ], 95thPercentileLatency(us), 18943
[READ], 99thPercentileLatency(us), 20735
[READ], Return=OK, 4757
[CLEANUP], Operations, 1
[CLEANUP], AverageLatency(us), 2219008.0
[CLEANUP], MinLatency(us), 2217984
[CLEANUP], MaxLatency(us), 2220031
[CLEANUP], 95thPercentileLatency(us), 2220031
[CLEANUP], 99thPercentileLatency(us), 2220031
[INSERT], Operations, 243
[INSERT], AverageLatency(us), 26065.61316872428
[INSERT], MinLatency(us), 2434
[INSERT], MaxLatency(us), 61855
[INSERT], 95thPercentileLatency(us), 37695
[INSERT], 99thPercentileLatency(us), 38559
[INSERT], Return=OK, 243
