[OVERALL], RunTime(ms), 6339
[OVERALL], Throughput(ops/sec), 315.5071777882947
[TOTAL_GCS_Copy], Count, 31
[TOTAL_GC_TIME_Copy], Time(ms), 77
[TOTAL_GC_TIME_%_Copy], Time(%), 1.2147026344849345
[TOTAL_GCS_MarkSweepCompact], Count, 1
[TOTAL_GC_TIME_MarkSweepCompact], Time(ms), 12
[TOTAL_GC_TIME_%_MarkSweepCompact], Time(%), 0.18930430667297682
[TOTAL_GCs], Count, 32
[TOTAL_GC_TIME], Time(ms), 89
[TOTAL_GC_TIME_%], Time(%), 1.4040069411579112
[CLEANUP], Operations, 64
[CLEANUP], AverageLatency(us), 34834.5
[CLEANUP], MinLatency(us), 1
[CLEANUP], MaxLatency(us), 2230271
[CLEANUP], 95thPercentileLatency(us), 3
[CLEANUP], 99thPercentileLatency(us), 29
[INSERT], Operations, 106
[INSERT], AverageLatency(us), 80224.67924528301
[INSERT], MinLatency(us), 19344
[INSERT], MaxLatency(us), 444159
[INSERT], 95thPercentileLatency(us), 145791
[INSERT], 99thPercentileLatency(us), 335103
[INSERT], Return=OK, 106
[SCAN], Operations, 1894
[SCAN], AverageLatency(us), 77033.88806758184
[SCAN], MinLatency(us), 6252
[SCAN], MaxLatency(us), 568319
[SCAN], 95thPercentileLatency(us), 185343
[SCAN], 99thPercentileLatency(us), 471039
[SCAN], Return=OK, 1894
