[OVERALL], RunTime(ms), 24819
[OVERALL], Throughput(ops/sec), 80.58342398968531
[TOTAL_GCS_Copy], Count, 6
[TOTAL_GC_TIME_Copy], Time(ms), 33
[TOTAL_GC_TIME_%_Copy], Time(%), 0.13296264958298076
[TOTAL_GCS_MarkSweepCompact], Count, 1
[TOTAL_GC_TIME_MarkSweepCompact], Time(ms), 11
[TOTAL_GC_TIME_%_MarkSweepCompact], Time(%), 0.04432088319432693
[TOTAL_GCs], Count, 7
[TOTAL_GC_TIME], Time(ms), 44
[TOTAL_GC_TIME_%], Time(%), 0.1772835327773077
[CLEANUP], Operations, 4
[CLEANUP], AverageLatency(us), 556291.0
[CLEANUP], MinLatency(us), 2
[CLEANUP], MaxLatency(us), 2226175
[CLEANUP], 95thPercentileLatency(us), 2226175
[CLEANUP], 99thPercentileLatency(us), 2226175
[INSERT], Operations, 2000
[INSERT], AverageLatency(us), 41624.6025
[INSERT], MinLatency(us), 3372
[INSERT], MaxLatency(us), 118207
[INSERT], 95thPercentileLatency(us), 77695
[INSERT], 99thPercentileLatency(us), 95743
[INSERT], Return=OK, 2000
