[OVERALL], RunTime(ms), 13622
[OVERALL], Throughput(ops/sec), 146.82131845543972
[TOTAL_GCS_Copy], Count, 5
[TOTAL_GC_TIME_Copy], Time(ms), 37
[TOTAL_GC_TIME_%_Copy], Time(%), 0.2716194391425635
[TOTAL_GCS_MarkSweepCompact], Count, 1
[TOTAL_GC_TIME_MarkSweepCompact], Time(ms), 12
[TOTAL_GC_TIME_%_MarkSweepCompact], Time(%), 0.08809279107326384
[TOTAL_GCs], Count, 6
[TOTAL_GC_TIME], Time(ms), 49
[TOTAL_GC_TIME_%], Time(%), 0.3597122302158274
[READ], Operations, 2000
[READ], AverageLatency(us), 4944.061
[READ], MinLatency(us), 617
[READ], MaxLatency(us), 38655
[READ], 95thPercentileLatency(us), 9863
[READ], 99thPercentileLatency(us), 12039
[READ], Return=OK, 2000
[CLEANUP], Operations, 1
[CLEANUP], AverageLatency(us), 2219008.0
[CLEANUP], MinLatency(us), 2217984
[CLEANUP], MaxLatency(us), 2220031
[CLEANUP], 95thPercentileLatency(us), 2220031
[CLEANUP], 99thPercentileLatency(us), 2220031
