[OVERALL], RunTime(ms), 5279
[OVERALL], Throughput(ops/sec), 378.85963250615646
[TOTAL_GCS_Copy], Count, 11
[TOTAL_GC_TIME_Copy], Time(ms), 44
[TOTAL_GC_TIME_%_Copy], Time(%), 0.8334911915135442
[TOTAL_GCS_MarkSweepCompact], Count, 1
[TOTAL_GC_TIME_MarkSweepCompact], Time(ms), 13
[TOTAL_GC_TIME_%_MarkSweepCompact], Time(%), 0.2462587611290017
[TOTAL_GCs], Count, 12
[TOTAL_GC_TIME], Time(ms), 57
[TOTAL_GC_TIME_%], Time(%), 1.0797499526425458
[CLEANUP], Operations, 128
[CLEANUP], AverageLatency(us), 17465.078125
[CLEANUP], MinLatency(us), 1
[CLEANUP], MaxLatency(us), 2236415
[CLEANUP], 95thPercentileLatency(us), 2
[CLEANUP], 99thPercentileLatency(us), 5
[INSERT], Operations, 2000
[INSERT], AverageLatency(us), 90847.304
[INSERT], MinLatency(us), 2120
[INSERT], MaxLatency(us), 664063
[INSERT], 95thPercentileLatency(us), 476415
[INSERT], 99thPercentileLatency(us), 610303
[INSERT], Return=OK, 2000
