[OVERALL], RunTime(ms), 5838
[OVERALL], Throughput(ops/sec), 513.874614594039
[TOTAL_GCS_Copy], Count, 11
[TOTAL_GC_TIME_Copy], Time(ms), 46
[TOTAL_GC_TIME_%_Copy], Time(%), 0.7879410757108599
[TOTAL_GCS_MarkSweepCompact], Count, 1
[TOTAL_GC_TIME_MarkSweepCompact], Time(ms), 13
[TOTAL_GC_TIME_%_MarkSweepCompact], Time(%), 0.22267899965741694
[TOTAL_GCs], Count, 12
[TOTAL_GC_TIME], Time(ms), 59
[TOTAL_GC_TIME_%], Time(%), 1.0106200753682768
[READ], Operations, 2845
[READ], AverageLatency(us), 78172.64253075571
[READ], MinLatency(us), 2788
[READ], MaxLatency(us), 764927
[READ], 95thPercentileLatency(us), 166527
[READ], 99thPercentileLatency(us), 654335
[READ], Return=OK, 2845
[CLEANUP], Operations, 128
[CLEANUP], AverageLatency(us), 17369.2265625
[CLEANUP], MinLatency(us), 1
[CLEANUP], MaxLatency(us), 2224127
[CLEANUP], 95thPercentileLatency(us), 2
[CLEANUP], 99thPercentileLatency(us), 5
[INSERT], Operations, 155
[INSERT], AverageLatency(us), 121548.64516129032
[INSERT], MinLatency(us), 22688
[INSERT], MaxLatency(us), 590335
[INSERT], 95thPercentileLatency(us), 492799
[INSERT], 99thPercentileLatency(us), 589311
[INSERT], Return=OK, 155
