[OVERALL], RunTime(ms), 15251
[OVERALL], Throughput(ops/sec), 131.13894170874042
[TOTAL_GCS_Copy], Count, 6
[TOTAL_GC_TIME_Copy], Time(ms), 32
[TOTAL_GC_TIME_%_Copy], Time(%), 0.20982230673398466
[TOTAL_GCS_MarkSweepCompact], Count, 1
[TOTAL_GC_TIME_MarkSweepCompact], Time(ms), 12
[TOTAL_GC_TIME_%_MarkSweepCompact], Time(%), 0.07868336502524426
[TOTAL_GCs], Count, 7
[TOTAL_GC_TIME], Time(ms), 44
[TOTAL_GC_TIME_%], Time(%), 0.2885056717592289
[CLEANUP], Operations, 8
[CLEANUP], AverageLatency(us), 278147.25
[CLEANUP], MinLatency(us), 2
[CLEANUP], MaxLatency(us), 2226175
[CLEANUP], 95thPercentileLatency(us), 2226175
[CLEANUP], 99thPercentileLatency(us), 2226175
[INSERT], Operations, 2000
[INSERT], AverageLatency(us), 45377.24
[INSERT], MinLatency(us), 12216
[INSERT], MaxLatency(us), 126975
[INSERT], 95thPercentileLatency(us), 84095
[INSERT], 99thPercentileLatency(us), 102719
[INSERT], Return=OK, 2000
