[OVERALL], RunTime(ms), 6825
[OVERALL], Throughput(ops/sec), 879.1208791208791
[TOTAL_GCS_Copy], Count, 8
[TOTAL_GC_TIME_Copy], Time(ms), 40
[TOTAL_GC_TIME_%_Copy], Time(%), 0.5860805860805861
[TOTAL_GCS_MarkSweepCompact], Count, 1
[TOTAL_GC_TIME_MarkSweepCompact], Time(ms), 11
[TOTAL_GC_TIME_%_MarkSweepCompact], Time(%), 0.16117216117216118
[TOTAL_GCs], Count, 9
[TOTAL_GC_TIME], Time(ms), 51
[TOTAL_GC_TIME_%], Time(%), 0.7472527472527473
[READ], Operations, 3058
[READ], AverageLatency(us), 5997.480052321779
[READ], MinLatency(us), 924
[READ], MaxLatency(us), 128127
[READ], 95thPercentileLatency(us), 16527
[READ], 99thPercentileLatency(us), 23087
[READ], Return=OK, 3058
[CLEANUP], Operations, 16
[CLEANUP], AverageLatency(us), 139127.6875
[CLEANUP], MinLatency(us), 2
[CLEANUP], MaxLatency(us), 2226175
[CLEANUP], 95thPercentileLatency(us), 848
[CLEANUP], 99thPercentileLatency(us), 2226175
[UPDATE], Operations, 2942
[UPDATE], AverageLatency(us), 10342.098232494902
[UPDATE], MinLatency(us), 2324
[UPDATE], MaxLatency(us), 157567
[UPDATE], 95thPercentileLatency(us), 20527
[UPDATE], 99thPercentileLatency(us), 29311
[UPDATE], Return=OK, 2942
