[OVERALL], RunTime(ms), 65537
[OVERALL], Throughput(ops/sec), 30.51711247081801
[TOTAL_GCS_Copy], Count, 12
[TOTAL_GC_TIME_Copy], Time(ms), 48
[TOTAL_GC_TIME_%_Copy], Time(%), 0.07324106992996322
[TOTAL_GCS_MarkSweepCompact], Count, 1
[TOTAL_GC_TIME_MarkSweepCompact], Time(ms), 12
[TOTAL_GC_TIME_%_MarkSweepCompact], Time(%), 0.018310267482490806
[TOTAL_GCs], Count, 13
[TOTAL_GC_TIME], Time(ms), 60
[TOTAL_GC_TIME_%], Time(%), 0.09155133741245404
[CLEANUP], Operations, 128
[CLEANUP], AverageLatency(us), 17369.453125
[CLEANUP], MinLatency(us), 1
[CLEANUP], MaxLatency(us), 2224127
[CLEANUP], 95thPercentileLatency(us), 2
[CLEANUP], 99thPercentileLatency(us), 31
[INSERT], Operations, 2000
[INSERT], AverageLatency(us), 3950030.9105
[INSERT], MinLatency(us), 2680
[INSERT], MaxLatency(us), 61079551
[INSERT], 95thPercentileLatency(us), 60882943
[INSERT], 99thPercentileLatency(us), 61014015
[INSERT], Return=OK, 2000
