[OVERALL], RunTime(ms), 5840
[OVERALL], Throughput(ops/sec), 684.931506849315
[TOTAL_GCS_Copy], Count, 9
[TOTAL_GC_TIME_Copy], Time(ms), 39
[TOTAL_GC_TIME_%_Copy], Time(%), 0.6678082191780822
[TOTAL_GCS_MarkSweepCompact], Count, 1
[TOTAL_GC_TIME_MarkSweepCompact], Time(ms), 13
[TOTAL_GC_TIME_%_MarkSweepCompact], Time(%), 0.2226027397260274
[TOTAL_GCs], Count, 10
[TOTAL_GC_TIME], Time(ms), 52
[TOTAL_GC_TIME_%], Time(%), 0.8904109589041096
[READ], Operations, 1978
[READ], AverageLatency(us), 28756.936804853387
[READ], MinLatency(us), 1275
[READ], MaxLatency(us), 411391
[READ], 95thPercentileLatency(us), 70143
[READ], 99thPercentileLatency(us), 240511
[READ], Return=OK, 1978
[CLEANUP], Operations, 64
[CLEANUP], AverageLatency(us), 34801.65625
[CLEANUP], MinLatency(us), 1
[CLEANUP], MaxLatency(us), 2228223
[CLEANUP], 95thPercentileLatency(us), 2
[CLEANUP], 99thPercentileLatency(us), 19
[UPDATE], Operations, 2022
[UPDATE], AverageLatency(us), 36679.34520276954
[UPDATE], MinLatency(us), 5356
[UPDATE], MaxLatency(us), 416511
[UPDATE], 95thPercentileLatency(us), 82751
[UPDATE], 99thPercentileLatency(us), 332543
[UPDATE], Return=OK, 2022
