[OVERALL], RunTime(ms), 39224
[OVERALL], Throughput(ops/sec), 50.98919029165817
[TOTAL_GCS_Copy], Count, 6
[TOTAL_GC_TIME_Copy], Time(ms), 34
[TOTAL_GC_TIME_%_Copy], Time(%), 0.08668162349581889
[TOTAL_GCS_MarkSweepCompact], Count, 1
[TOTAL_GC_TIME_MarkSweepCompact], Time(ms), 11
[TOTAL_GC_TIME_%_MarkSweepCompact], Time(%), 0.028044054660411995
[TOTAL_GCs], Count, 7
[TOTAL_GC_TIME], Time(ms), 45
[TOTAL_GC_TIME_%], Time(%), 0.11472567815623087
[CLEANUP], Operations, 8
[CLEANUP], AverageLatency(us), 278403.375
[CLEANUP], MinLatency(us), 2
[CLEANUP], MaxLatency(us), 2228223
[CLEANUP], 95thPercentileLatency(us), 2228223
[CLEANUP], 99thPercentileLatency(us), 2228223
[INSERT], Operations, 2000
[INSERT], AverageLatency(us), 141265.219
[INSERT], MinLatency(us), 4172
[INSERT], MaxLatency(us), 24313855
[INSERT], 95thPercentileLatency(us), 85887
[INSERT], 99thPercentileLatency(us), 104511
[INSERT], Return=OK, 2000
