[OVERALL], RunTime(ms), 6252
[OVERALL], Throughput(ops/sec), 319.8976327575176
[TOTAL_GCS_Copy], Count, 7
[TOTAL_GC_TIME_Copy], Time(ms), 40
[TOTAL_GC_TIME_%_Copy], Time(%), 0.6397952655150352
[TOTAL_GCS_MarkSweepCompact], Count, 1
[TOTAL_GC_TIME_MarkSweepCompact], Time(ms), 11
[TOTAL_GC_TIME_%_MarkSweepCompact], Time(%), 0.17594369801663468
[TOTAL_GCs], Count, 8
[TOTAL_GC_TIME], Time(ms), 51
[TOTAL_GC_TIME_%], Time(%), 0.8157389635316697
[CLEANUP], Operations, 32
[CLEANUP], AverageLatency(us), 69601.96875
[CLEANUP], MinLatency(us), 1
[CLEANUP], MaxLatency(us), 2228223
[CLEANUP], 95thPercentileLatency(us), 3
[CLEANUP], 99thPercentileLatency(us), 2228223
[INSERT], Operations, 2000
[INSERT], AverageLatency(us), 39794.224
[INSERT], MinLatency(us), 21008
[INSERT], MaxLatency(us), 250367
[INSERT], 95thPercentileLatency(us), 59743
[INSERT], 99thPercentileLatency(us), 211327
[INSERT], Return=OK, 2000
