[OVERALL], RunTime(ms), 6583
[OVERALL], Throughput(ops/sec), 303.8128512836093
[TOTAL_GCS_Copy], Count, 5
[TOTAL_GC_TIME_Copy], Time(ms), 28
[TOTAL_GC_TIME_%_Copy], Time(%), 0.425337991797053
[TOTAL_GCS_MarkSweepCompact], Count, 1
[TOTAL_GC_TIME_MarkSweepCompact], Time(ms), 11
[TOTAL_GC_TIME_%_MarkSweepCompact], Time(%), 0.16709706820598513
[TOTAL_GCs], Count, 6
[TOTAL_GC_TIME], Time(ms), 39
[TOTAL_GC_TIME_%], Time(%), 0.5924350600030381
[READ], Operations, 2000
[READ], AverageLatency(us), 5665.7285
[READ], MinLatency(us), 860
[READ], MaxLatency(us), 59807
[READ], 95thPercentileLatency(us), 10423
[READ], 99thPercentileLatency(us), 12895
[READ], Return=OK, 2000
[CLEANUP], Operations, 4
[CLEANUP], AverageLatency(us), 556291.5
[CLEANUP], MinLatency(us), 3
[CLEANUP], MaxLatency(us), 2226175
[CLEANUP], 95thPercentileLatency(us), 2226175
[CLEANUP], 99thPercentileLatency(us), 2226175
