[OVERALL], RunTime(ms), 14115
[OVERALL], Throughput(ops/sec), 141.69323414806942
[TOTAL_GCS_Copy], Count, 6
[TOTAL_GC_TIME_Copy], Time(ms), 35
[TOTAL_GC_TIME_%_Copy], Time(%), 0.2479631597591215
[TOTAL_GCS_MarkSweepCompact], Count, 1
[TOTAL_GC_TIME_MarkSweepCompact], Time(ms), 11
[TOTAL_GC_TIME_%_MarkSweepCompact], Time(%), 0.07793127878143818
[TOTAL_GCs], Count, 7
[TOTAL_GC_TIME], Time(ms), 46
[TOTAL_GC_TIME_%], Time(%), 0.3258944385405597
[CLEANUP], Operations, 4
[CLEANUP], AverageLatency(us), 558339.0
[CLEANUP], MinLatency(us), 2
[CLEANUP], MaxLatency(us), 2234367
[CLEANUP], 95thPercentileLatency(us), 2234367
[CLEANUP], 99thPercentileLatency(us), 2234367
[INSERT], Operations, 2000
[INSERT], AverageLatency(us), 20404.818
[INSERT], MinLatency(us), 3170
[INSERT], MaxLatency(us), 81535
[INSERT], 95thPercentileLatency(us), 46623
[INSERT], 99thPercentileLatency(us), 54783
[INSERT], Return=OK, 2000
