[OVERALL], RunTime(ms), 12569
[OVERALL], Throughput(ops/sec), 397.80412125069614
[TOTAL_GCS_Copy], Count, 7
[TOTAL_GC_TIME_Copy], Time(ms), 37
[TOTAL_GC_TIME_%_Copy], Time(%), 0.29437504972551515
[TOTAL_GCS_MarkSweepCompact], Count, 1
[TOTAL_GC_TIME_MarkSweepCompact], Time(ms), 11
[TOTAL_GC_TIME_%_MarkSweepCompact], Time(%), 0.08751690667515316
[TOTAL_GCs], Count, 8
[TOTAL_GC_TIME], Time(ms), 48
[TOTAL_GC_TIME_%], Time(%), 0.3818919564006683
[READ], Operations, 4742
[READ], AverageLatency(us), 1688.2551665963729
[READ], MinLatency(us), 618
[READ], MaxLatency(us), 33407
[READ], 95thPercentileLatency(us), 2943
[READ], 99thPercentileLatency(us), 4883
[READ], Return=OK, 4742
[CLEANUP], Operations, 1
[CLEANUP], AverageLatency(us), 2229248.0
[CLEANUP], MinLatency(us), 2228224
[CLEANUP], MaxLatency(us), 2230271
[CLEANUP], 95thPercentileLatency(us), 2230271
[CLEANUP], 99thPercentileLatency(us), 2230271
[UPDATE], Operations, 258
[UPDATE], AverageLatency(us), 3151.1317829457366
[UPDATE], MinLatency(us), 1617
[UPDATE], MaxLatency(us), 14063
[UPDATE], 95thPercentileLatency(us), 4615
[UPDATE], 99thPercentileLatency(us), 8447
[UPDATE], Return=OK, 258
