[OVERALL], RunTime(ms), 39277
[OVERALL], Throughput(ops/sec), 50.9203859765257
[TOTAL_GCS_Copy], Count, 6
[TOTAL_GC_TIME_Copy], Time(ms), 36
[TOTAL_GC_TIME_%_Copy], Time(%), 0.09165669475774627
[TOTAL_GCS_MarkSweepCompact], Count, 1
[TOTAL_GC_TIME_MarkSweepCompact], Time(ms), 23
[TOTAL_GC_TIME_%_MarkSweepCompact], Time(%), 0.05855844387300456
[TOTAL_GCs], Count, 7
[TOTAL_GC_TIME], Time(ms), 59
[TOTAL_GC_TIME_%], Time(%), 0.15021513863075084
[CLEANUP], Operations, 1
[CLEANUP], AverageLatency(us), 2223104.0
[CLEANUP], MinLatency(us), 2222080
[CLEANUP], MaxLatency(us), 2224127
[CLEANUP], 95thPercentileLatency(us), 2224127
[CLEANUP], 99thPercentileLatency(us), 2224127
[INSERT], Operations, 2000
[INSERT], AverageLatency(us), 17765.791
[INSERT], MinLatency(us), 1586
[INSERT], MaxLatency(us), 54719
[INSERT], 95thPercentileLatency(us), 40991
[INSERT], 99thPercentileLatency(us), 46431
[INSERT], Return=OK, 2000
