[OVERALL], RunTime(ms), 23022
[OVERALL], Throughput(ops/sec), 43.43671270958214
[TOTAL_GCS_Copy], Count, 4
[TOTAL_GC_TIME_Copy], Time(ms), 23
[TOTAL_GC_TIME_%_Copy], Time(%), 0.09990443923203893
[TOTAL_GCS_MarkSweepCompact], Count, 1
[TOTAL_GC_TIME_MarkSweepCompact], Time(ms), 12
[TOTAL_GC_TIME_%_MarkSweepCompact], Time(%), 0.05212405525149857
[TOTAL_GCs], Count, 5
[TOTAL_GC_TIME], Time(ms), 35
[TOTAL_GC_TIME_%], Time(%), 0.15202849448353747
[READ], Operations, 943
[READ], AverageLatency(us), 39057.40402969247
[READ], MinLatency(us), 757
[READ], MaxLatency(us), 12156927
[READ], 95thPercentileLatency(us), 19823
[READ], 99thPercentileLatency(us), 35871
[READ], Return=OK, 943
[CLEANUP], Operations, 2
[CLEANUP], AverageLatency(us), 1114628.0
[CLEANUP], MinLatency(us), 8
[CLEANUP], MaxLatency(us), 2230271
[CLEANUP], 95thPercentileLatency(us), 2230271
[CLEANUP], 99thPercentileLatency(us), 2230271
[INSERT], Operations, 57
[INSERT], AverageLatency(us), 30600.912280701756
[INSERT], MinLatency(us), 11912
[INSERT], MaxLatency(us), 48223
[INSERT], 95thPercentileLatency(us), 38655
[INSERT], 99thPercentileLatency(us), 39775
[INSERT], Return=OK, 57
