[OVERALL], RunTime(ms), 6319
[OVERALL], Throughput(ops/sec), 316.5057762304162
[TOTAL_GCS_Copy], Count, 7
[TOTAL_GC_TIME_Copy], Time(ms), 35
[TOTAL_GC_TIME_%_Copy], Time(%), 0.5538851084032284
[TOTAL_GCS_MarkSweepCompact], Count, 1
[TOTAL_GC_TIME_MarkSweepCompact], Time(ms), 12
[TOTAL_GC_TIME_%_MarkSweepCompact], Time(%), 0.1899034657382497
[TOTAL_GCs], Count, 8
[TOTAL_GC_TIME], Time(ms), 47
[TOTAL_GC_TIME_%], Time(%), 0.7437885741414781
[CLEANUP], Operations, 32
[CLEANUP], AverageLatency(us), 69666.0
[CLEANUP], MinLatency(us), 1
[CLEANUP], MaxLatency(us), 2230271
[CLEANUP], 95thPercentileLatency(us), 3
[CLEANUP], 99thPercentileLatency(us), 2230271
[INSERT], Operations, 2000
[INSERT], AverageLatency(us), 39054.988
[INSERT], MinLatency(us), 19664
[INSERT], MaxLatency(us), 254335
[INSERT], 95thPercentileLatency(us), 55199
[INSERT], 99thPercentileLatency(us), 214015
[INSERT], Return=OK, 2000
