[OVERALL], RunTime(ms), 5655
[OVERALL], Throughput(ops/sec), 353.6693191865606
[TOTAL_GCS_Copy], Count, 7
[TOTAL_GC_TIME_Copy], Time(ms), 34
[TOTAL_GC_TIME_%_Copy], Time(%), 0.601237842617153
[TOTAL_GCS_MarkSweepCompact], Count, 1
[TOTAL_GC_TIME_MarkSweepCompact], Time(ms), 11
[TOTAL_GC_TIME_%_MarkSweepCompact], Time(%), 0.1945181255526083
[TOTAL_GCs], Count, 8
[TOTAL_GC_TIME], Time(ms), 45
[TOTAL_GC_TIME_%], Time(%), 0.7957559681697612
[CLEANUP], Operations, 16
[CLEANUP], AverageLatency(us), 138945.875
[CLEANUP], MinLatency(us), 1
[CLEANUP], MaxLatency(us), 2224127
[CLEANUP], 95thPercentileLatency(us), 6
[CLEANUP], 99thPercentileLatency(us), 2224127
[INSERT], Operations, 2000
[INSERT], AverageLatency(us), 14722.954
[INSERT], MinLatency(us), 2352
[INSERT], MaxLatency(us), 157311
[INSERT], 95thPercentileLatency(us), 44703
[INSERT], 99thPercentileLatency(us), 56863
[INSERT], Return=OK, 2000
