[OVERALL], RunTime(ms), 34431
[OVERALL], Throughput(ops/sec), 145.21797217623654
[TOTAL_GCS_Copy], Count, 7
[TOTAL_GC_TIME_Copy], Time(ms), 35
[TOTAL_GC_TIME_%_Copy], Time(%), 0.10165258052336557
[TOTAL_GCS_MarkSweepCompact], Count, 1
[TOTAL_GC_TIME_MarkSweepCompact], Time(ms), 11
[TOTAL_GC_TIME_%_MarkSweepCompact], Time(%), 0.03194795387877204
[TOTAL_GCs], Count, 8
[TOTAL_GC_TIME], Time(ms), 46
[TOTAL_GC_TIME_%], Time(%), 0.13360053440213762
[READ], Operations, 2480
[READ], AverageLatency(us), 27883.84758064516
[READ], MinLatency(us), 731
[READ], MaxLatency(us), 24199167
[READ], 95thPercentileLatency(us), 5831
[READ], 99thPercentileLatency(us), 8043
[READ], Return=OK, 2480
[CLEANUP], Operations, 4
[CLEANUP], AverageLatency(us), 556803.75
[CLEANUP], MinLatency(us), 3
[CLEANUP], MaxLatency(us), 2228223
[CLEANUP], 95thPercentileLatency(us), 2228223
[CLEANUP], 99thPercentileLatency(us), 2228223
[UPDATE], Operations, 2520
[UPDATE], AverageLatency(us), 21155.379365079367
[UPDATE], MinLatency(us), 2082
[UPDATE], MaxLatency(us), 24182783
[UPDATE], 95thPercentileLatency(us), 8871
[UPDATE], 99thPercentileLatency(us), 11815
[UPDATE], Return=OK, 2520
