[OVERALL], RunTime(ms), 5273
[OVERALL], Throughput(ops/sec), 379.29072634174094
[TOTAL_GCS_Copy], Count, 11
[TOTAL_GC_TIME_Copy], Time(ms), 42
[TOTAL_GC_TIME_%_Copy], Time(%), 0.796510525317656
[TOTAL_GCS_MarkSweepCompact], Count, 1
[TOTAL_GC_TIME_MarkSweepCompact], Time(ms), 13
[TOTAL_GC_TIME_%_MarkSweepCompact], Time(%), 0.24653897212213163
[TOTAL_GCs], Count, 12
[TOTAL_GC_TIME], Time(ms), 55
[TOTAL_GC_TIME_%], Time(%), 1.0430494974397875
[READ], Operations, 2000
[READ], AverageLatency(us), 92259.8065
[READ], MinLatency(us), 1574
[READ], MaxLatency(us), 772095
[READ], 95thPercentileLatency(us), 506367
[READ], 99thPercentileLatency(us), 659455
[READ], Return=OK, 2000
[CLEANUP], Operations, 128
[CLEANUP], AverageLatency(us), 17513.1171875
[CLEANUP], MinLatency(us), 1
[CLEANUP], MaxLatency(us), 2242559
[CLEANUP], 95thPercentileLatency(us), 2
[CLEANUP], 99thPercentileLatency(us), 6
