[OVERALL], RunTime(ms), 6168
[OVERALL], Throughput(ops/sec), 324.25421530479895
[TOTAL_GCS_Copy], Count, 6
[TOTAL_GC_TIME_Copy], Time(ms), 33
[TOTAL_GC_TIME_%_Copy], Time(%), 0.5350194552529183
[TOTAL_GCS_MarkSweepCompact], Count, 1
[TOTAL_GC_TIME_MarkSweepCompact], Time(ms), 12
[TOTAL_GC_TIME_%_MarkSweepCompact], Time(%), 0.19455252918287938
[TOTAL_GCs], Count, 7
[TOTAL_GC_TIME], Time(ms), 45
[TOTAL_GC_TIME_%], Time(%), 0.7295719844357976
[CLEANUP], Operations, 1
[CLEANUP], AverageLatency(us), 2229248.0
[CLEANUP], MinLatency(us), 2228224
[CLEANUP], MaxLatency(us), 2230271
[CLEANUP], 95thPercentileLatency(us), 2230271
[CLEANUP], 99thPercentileLatency(us), 2230271
[INSERT], Operations, 2000
[INSERT], AverageLatency(us), 1190.7415
[INSERT], MinLatency(us), 746
[INSERT], MaxLatency(us), 28959
[INSERT], 95thPercentileLatency(us), 1684
[INSERT], 99thPercentileLatency(us), 4451
[INSERT], Return=OK, 2000
