[OVERALL], RunTime(ms), 5715
[OVERALL], Throughput(ops/sec), 524.9343832020998
[TOTAL_GCS_Copy], Count, 6
[TOTAL_GC_TIME_Copy], Time(ms), 32
[TOTAL_GC_TIME_%_Copy], Time(%), 0.5599300087489063
[TOTAL_GCS_MarkSweepCompact], Count, 1
[TOTAL_GC_TIME_MarkSweepCompact], Time(ms), 13
[TOTAL_GC_TIME_%_MarkSweepCompact], Time(%), 0.2274715660542432
[TOTAL_GCs], Count, 7
[TOTAL_GC_TIME], Time(ms), 45
[TOTAL_GC_TIME_%], Time(%), 0.7874015748031495
[READ], Operations, 2841
[READ], AverageLatency(us), 5117.936994016191
[READ], MinLatency(us), 747
[READ], MaxLatency(us), 96191
[READ], 95thPercentileLatency(us), 12743
[READ], 99thPercentileLatency(us), 18991
[READ], Return=OK, 2841
[CLEANUP], Operations, 8
[CLEANUP], AverageLatency(us), 278146.125
[CLEANUP], MinLatency(us), 1
[CLEANUP], MaxLatency(us), 2226175
[CLEANUP], 95thPercentileLatency(us), 2226175
[CLEANUP], 99thPercentileLatency(us), 2226175
[UPDATE], Operations, 159
[UPDATE], AverageLatency(us), 8416.069182389938
[UPDATE], MinLatency(us), 2226
[UPDATE], MaxLatency(us), 100607
[UPDATE], 95thPercentileLatency(us), 25343
[UPDATE], 99thPercentileLatency(us), 38751
[UPDATE], Return=OK, 159
