[OVERALL], RunTime(ms), 15912
[OVERALL], Throughput(ops/sec), 125.69130216189039
[TOTAL_GCS_Copy], Count, 6
[TOTAL_GC_TIME_Copy], Time(ms), 39
[TOTAL_GC_TIME_%_Copy], Time(%), 0.24509803921568626
[TOTAL_GCS_MarkSweepCompact], Count, 1
[TOTAL_GC_TIME_MarkSweepCompact], Time(ms), 12
[TOTAL_GC_TIME_%_MarkSweepCompact], Time(%), 0.07541478129713425
[TOTAL_GCs], Count, 7
[TOTAL_GC_TIME], Time(ms), 51
[TOTAL_GC_TIME_%], Time(%), 0.3205128205128205
[CLEANUP], Operations, 4
[CLEANUP], AverageLatency(us), 555779.5
[CLEANUP], MinLatency(us), 3
[CLEANUP], MaxLatency(us), 2224127
[CLEANUP], 95thPercentileLatency(us), 2224127
[CLEANUP], 99thPercentileLatency(us), 2224127
[INSERT], Operations, 2000
[INSERT], AverageLatency(us), 23968.5095
[INSERT], MinLatency(us), 3190
[INSERT], MaxLatency(us), 86911
[INSERT], 95thPercentileLatency(us), 51775
[INSERT], 99thPercentileLatency(us), 62655
[INSERT], Return=OK, 2000
