[OVERALL], RunTime(ms), 67406
[OVERALL], Throughput(ops/sec), 59.34189834732813
[TOTAL_GCS_Copy], Count, 7
[TOTAL_GC_TIME_Copy], Time(ms), 34
[TOTAL_GC_TIME_%_Copy], Time(%), 0.05044061359522892
[TOTAL_GCS_MarkSweepCompact], Count, 1
[TOTAL_GC_TIME_MarkSweepCompact], Time(ms), 22
[TOTAL_GC_TIME_%_MarkSweepCompact], Time(%), 0.03263804409103047
[TOTAL_GCs], Count, 8
[TOTAL_GC_TIME], Time(ms), 56
[TOTAL_GC_TIME_%], Time(%), 0.08307865768625938
[READ], Operations, 3781
[READ], AverageLatency(us), 12167.02724147051
[READ], MinLatency(us), 731
[READ], MaxLatency(us), 72447
[READ], 95thPercentileLatency(us), 18959
[READ], 99thPercentileLatency(us), 22127
[READ], Return=OK, 3781
[CLEANUP], Operations, 1
[CLEANUP], AverageLatency(us), 2221056.0
[CLEANUP], MinLatency(us), 2220032
[CLEANUP], MaxLatency(us), 2222079
[CLEANUP], 95thPercentileLatency(us), 2222079
[CLEANUP], 99thPercentileLatency(us), 2222079
[INSERT], Operations, 219
[INSERT], AverageLatency(us), 80286.35159817351
[INSERT], MinLatency(us), 2116
[INSERT], MaxLatency(us), 12173311
[INSERT], 95thPercentileLatency(us), 37727
[INSERT], 99thPercentileLatency(us), 42239
[INSERT], Return=OK, 219
