[OVERALL], RunTime(ms), 11606
[OVERALL], Throughput(ops/sec), 258.4869894881958
[TOTAL_GCS_Copy], Count, 6
[TOTAL_GC_TIME_Copy], Time(ms), 36
[TOTAL_GC_TIME_%_Copy], Time(%), 0.31018438738583487
[TOTAL_GCS_MarkSweepCompact], Count, 1
[TOTAL_GC_TIME_MarkSweepCompact], Time(ms), 11
[TOTAL_GC_TIME_%_MarkSweepCompact], Time(%), 0.09477856281233846
[TOTAL_GCs], Count, 7
[TOTAL_GC_TIME], Time(ms), 47
[TOTAL_GC_TIME_%], Time(%), 0.4049629501981734
[READ], Operations, 3000
[READ], AverageLatency(us), 5240.309666666667
[READ], MinLatency(us), 680
[READ], MaxLatency(us), 46847
[READ], 95thPercentileLatency(us), 9839
[READ], 99thPercentileLatency(us), 12431
[READ], Return=OK, 3000
[CLEANUP], Operations, 2
[CLEANUP], AverageLatency(us), 1113604.0
[CLEANUP], MinLatency(us), 8
[CLEANUP], MaxLatency(us), 2228223
[CLEANUP], 95thPercentileLatency(us), 2228223
[CLEANUP], 99thPercentileLatency(us), 2228223
