[OVERALL], RunTime(ms), 87595
[OVERALL], Throughput(ops/sec), 68.49706033449398
[TOTAL_GCS_Copy], Count, 78
[TOTAL_GC_TIME_Copy], Time(ms), 102
[TOTAL_GC_TIME_%_Copy], Time(%), 0.11644500256863977
[TOTAL_GCS_MarkSweepCompact], Count, 1
[TOTAL_GC_TIME_MarkSweepCompact], Time(ms), 11
[TOTAL_GC_TIME_%_MarkSweepCompact], Time(%), 0.012557794394657228
[TOTAL_GCs], Count, 79
[TOTAL_GC_TIME], Time(ms), 113
[TOTAL_GC_TIME_%], Time(%), 0.12900279696329697
[CLEANUP], Operations, 1
[CLEANUP], AverageLatency(us), 2225152.0
[CLEANUP], MinLatency(us), 2224128
[CLEANUP], MaxLatency(us), 2226175
[CLEANUP], 95thPercentileLatency(us), 2226175
[CLEANUP], 99thPercentileLatency(us), 2226175
[INSERT], Operations, 319
[INSERT], AverageLatency(us), 32027.14420062696
[INSERT], MinLatency(us), 3040
[INSERT], MaxLatency(us), 50335
[INSERT], 95thPercentileLatency(us), 42975
[INSERT], 99thPercentileLatency(us), 46143
[INSERT], Return=OK, 319
[SCAN], Operations, 5681
[SCAN], AverageLatency(us), 12956.523147333215
[SCAN], MinLatency(us), 1029
[SCAN], MaxLatency(us), 12156927
[SCAN], 95thPercentileLatency(us), 23183
[SCAN], 99thPercentileLatency(us), 25071
[SCAN], Return=OK, 5681
