[OVERALL], RunTime(ms), 6378
[OVERALL], Throughput(ops/sec), 313.5779241141424
[TOTAL_GCS_Copy], Count, 7
[TOTAL_GC_TIME_Copy], Time(ms), 37
[TOTAL_GC_TIME_%_Copy], Time(%), 0.5801191596111633
[TOTAL_GCS_MarkSweepCompact], Count, 1
[TOTAL_GC_TIME_MarkSweepCompact], Time(ms), 11
[TOTAL_GC_TIME_%_MarkSweepCompact], Time(%), 0.1724678582627783
[TOTAL_GCs], Count, 8
[TOTAL_GC_TIME], Time(ms), 48
[TOTAL_GC_TIME_%], Time(%), 0.7525870178739417
[CLEANUP], Operations, 32
[CLEANUP], AverageLatency(us), 69537.96875
[CLEANUP], MinLatency(us), 1
[CLEANUP], MaxLatency(us), 2226175
[CLEANUP], 95thPercentileLatency(us), 4
[CLEANUP], 99thPercentileLatency(us), 2226175
[INSERT], Operations, 2000
[INSERT], AverageLatency(us), 40161.584
[INSERT], MinLatency(us), 21232
[INSERT], MaxLatency(us), 237951
[INSERT], 95thPercentileLatency(us), 59071
[INSERT], 99thPercentileLatency(us), 209663
[INSERT], Return=OK, 2000
