[OVERALL], RunTime(ms), 14262
[OVERALL], Throughput(ops/sec), 140.2327864254663
[TOTAL_GCS_Copy], Count, 6
[TOTAL_GC_TIME_Copy], Time(ms), 36
[TOTAL_GC_TIME_%_Copy], Time(%), 0.2524190155658393
[TOTAL_GCS_MarkSweepCompact], Count, 1
[TOTAL_GC_TIME_MarkSweepCompact], Time(ms), 11
[TOTAL_GC_TIME_%_MarkSweepCompact], Time(%), 0.07712803253400645
[TOTAL_GCs], Count, 7
[TOTAL_GC_TIME], Time(ms), 47
[TOTAL_GC_TIME_%], Time(%), 0.32954704809984575
[CLEANUP], Operations, 4
[CLEANUP], AverageLatency(us), 555267.0
[CLEANUP], MinLatency(us), 1
[CLEANUP], MaxLatency(us), 2222079
[CLEANUP], 95thPercentileLatency(us), 2222079
[CLEANUP], 99thPercentileLatency(us), 2222079
[INSERT], Operations, 2000
[INSERT], AverageLatency(us), 20706.938
[INSERT], MinLatency(us), 2062
[INSERT], MaxLatency(us), 91967
[INSERT], 95thPercentileLatency(us), 47743
[INSERT], 99thPercentileLatency(us), 56255
[INSERT], Return=OK, 2000
