[OVERALL], RunTime(ms), 5492
[OVERALL], Throughput(ops/sec), 546.2490895848507
[TOTAL_GCS_Copy], Count, 8
[TOTAL_GC_TIME_Copy], Time(ms), 35
[TOTAL_GC_TIME_%_Copy], Time(%), 0.6372906045156591
[TOTAL_GCS_MarkSweepCompact], Count, 1
[TOTAL_GC_TIME_MarkSweepCompact], Time(ms), 18
[TOTAL_GC_TIME_%_MarkSweepCompact], Time(%), 0.3277494537509104
[TOTAL_GCs], Count, 9
[TOTAL_GC_TIME], Time(ms), 53
[TOTAL_GC_TIME_%], Time(%), 0.9650400582665695
[READ], Operations, 2863
[READ], AverageLatency(us), 36951.7369891722
[READ], MinLatency(us), 848
[READ], MaxLatency(us), 435711
[READ], 95thPercentileLatency(us), 83135
[READ], 99thPercentileLatency(us), 342271
[READ], Return=OK, 2863
[CLEANUP], Operations, 64
[CLEANUP], AverageLatency(us), 34961.15625
[CLEANUP], MinLatency(us), 1
[CLEANUP], MaxLatency(us), 2238463
[CLEANUP], 95thPercentileLatency(us), 2
[CLEANUP], 99thPercentileLatency(us), 6
[UPDATE], Operations, 137
[UPDATE], AverageLatency(us), 52097.788321167885
[UPDATE], MinLatency(us), 2844
[UPDATE], MaxLatency(us), 435199
[UPDATE], 95thPercentileLatency(us), 177151
[UPDATE], 99thPercentileLatency(us), 351231
[UPDATE], Return=OK, 137
