[OVERALL], RunTime(ms), 14691
[OVERALL], Throughput(ops/sec), 136.13777142468177
[TOTAL_GCS_Copy], Count, 6
[TOTAL_GC_TIME_Copy], Time(ms), 32
[TOTAL_GC_TIME_%_Copy], Time(%), 0.21782043427949083
[TOTAL_GCS_MarkSweepCompact], Count, 1
[TOTAL_GC_TIME_MarkSweepCompact], Time(ms), 11
[TOTAL_GC_TIME_%_MarkSweepCompact], Time(%), 0.07487577428357498
[TOTAL_GCs], Count, 7
[TOTAL_GC_TIME], Time(ms), 43
[TOTAL_GC_TIME_%], Time(%), 0.29269620856306583
[CLEANUP], Operations, 8
[CLEANUP], AverageLatency(us), 278146.5
[CLEANUP], MinLatency(us), 1
[CLEANUP], MaxLatency(us), 2226175
[CLEANUP], 95thPercentileLatency(us), 2226175
[CLEANUP], 99thPercentileLatency(us), 2226175
[INSERT], Operations, 2000
[INSERT], AverageLatency(us), 42968.734
[INSERT], MinLatency(us), 11336
[INSERT], MaxLatency(us), 117055
[INSERT], 95thPercentileLatency(us), 73855
[INSERT], 99thPercentileLatency(us), 89343
[INSERT], Return=OK, 2000
