[OVERALL], RunTime(ms), 9262
[OVERALL], Throughput(ops/sec), 107.96804145972791
[TOTAL_GCS_Copy], Count, 4
[TOTAL_GC_TIME_Copy], Time(ms), 23
[TOTAL_GC_TIME_%_Copy], Time(%), 0.24832649535737422
[TOTAL_GCS_MarkSweepCompact], Count, 1
[TOTAL_GC_TIME_MarkSweepCompact], Time(ms), 12
[TOTAL_GC_TIME_%_MarkSweepCompact], Time(%), 0.1295616497516735
[TOTAL_GCs], Count, 5
[TOTAL_GC_TIME], Time(ms), 35
[TOTAL_GC_TIME_%], Time(%), 0.3778881451090477
[READ], Operations, 1000
[READ], AverageLatency(us), 5545.056
[READ], MinLatency(us), 793
[READ], MaxLatency(us), 38687
[READ], 95thPercentileLatency(us), 11799
[READ], 99thPercentileLatency(us), 12527
[READ], Return=OK, 1000
[CLEANUP], Operations, 1
[CLEANUP], AverageLatency(us), 2223104.0
[CLEANUP], MinLatency(us), 2222080
[CLEANUP], MaxLatency(us), 2224127
[CLEANUP], 95thPercentileLatency(us), 2224127
[CLEANUP], 99thPercentileLatency(us), 2224127
