[OVERALL], RunTime(ms), 5571
[OVERALL], Throughput(ops/sec), 538.5029617662897
[TOTAL_GCS_Copy], Count, 8
[TOTAL_GC_TIME_Copy], Time(ms), 37
[TOTAL_GC_TIME_%_Copy], Time(%), 0.6641536528450906
[TOTAL_GCS_MarkSweepCompact], Count, 1
[TOTAL_GC_TIME_MarkSweepCompact], Time(ms), 12
[TOTAL_GC_TIME_%_MarkSweepCompact], Time(%), 0.2154011847065159
[TOTAL_GCs], Count, 9
[TOTAL_GC_TIME], Time(ms), 49
[TOTAL_GC_TIME_%], Time(%), 0.8795548375516065
[READ], Operations, 1484
[READ], AverageLatency(us), 33396.02628032345
[READ], MinLatency(us), 1288
[READ], MaxLatency(us), 368383
[READ], 95thPercentileLatency(us), 76927
[READ], 99thPercentileLatency(us), 274431
[READ], Return=OK, 1484
[CLEANUP], Operations, 64
[CLEANUP], AverageLatency(us), 34961.09375
[CLEANUP], MinLatency(us), 1
[CLEANUP], MaxLatency(us), 2238463
[CLEANUP], 95thPercentileLatency(us), 2
[CLEANUP], 99thPercentileLatency(us), 6
[UPDATE], Operations, 1516
[UPDATE], AverageLatency(us), 41480.73218997361
[UPDATE], MinLatency(us), 3650
[UPDATE], MaxLatency(us), 389375
[UPDATE], 95thPercentileLatency(us), 92095
[UPDATE], 99thPercentileLatency(us), 354815
[UPDATE], Return=OK, 1516
