[OVERALL], RunTime(ms), 30698
[OVERALL], Throughput(ops/sec), 162.87706039481398
[TOTAL_GCS_Copy], Count, 66
[TOTAL_GC_TIME_Copy], Time(ms), 91
[TOTAL_GC_TIME_%_Copy], Time(%), 0.29643624991856143
[TOTAL_GCS_MarkSweepCompact], Count, 1
[TOTAL_GC_TIME_MarkSweepCompact], Time(ms), 11
[TOTAL_GC_TIME_%_MarkSweepCompact], Time(%), 0.03583295328685908
[TOTAL_GCs], Count, 67
[TOTAL_GC_TIME], Time(ms), 102
[TOTAL_GC_TIME_%], Time(%), 0.3322692032054206
[CLEANUP], Operations, 4
[CLEANUP], AverageLatency(us), 556803.5
[CLEANUP], MinLatency(us), 3
[CLEANUP], MaxLatency(us), 2228223
[CLEANUP], 95thPercentileLatency(us), 2228223
[CLEANUP], 99thPercentileLatency(us), 2228223
[INSERT], Operations, 233
[INSERT], AverageLatency(us), 34263.991416309014
[INSERT], MinLatency(us), 6328
[INSERT], MaxLatency(us), 66047
[INSERT], 95thPercentileLatency(us), 44895
[INSERT], 99thPercentileLatency(us), 48447
[INSERT], Return=OK, 233
[SCAN], Operations, 4767
[SCAN], AverageLatency(us), 20773.857562408222
[SCAN], MinLatency(us), 1174
[SCAN], MaxLatency(us), 95935
[SCAN], 95thPercentileLatency(us), 42687
[SCAN], 99thPercentileLatency(us), 45919
[SCAN], Return=OK, 4767
