[OVERALL], RunTime(ms), 7396
[OVERALL], Throughput(ops/sec), 405.6246619794484
[TOTAL_GCS_Copy], Count, 42
[TOTAL_GC_TIME_Copy], Time(ms), 86
[TOTAL_GC_TIME_%_Copy], Time(%), 1.1627906976744187
[TOTAL_GCS_MarkSweepCompact], Count, 1
[TOTAL_GC_TIME_MarkSweepCompact], Time(ms), 12
[TOTAL_GC_TIME_%_MarkSweepCompact], Time(%), 0.16224986479177933
[TOTAL_GCs], Count, 43
[TOTAL_GC_TIME], Time(ms), 98
[TOTAL_GC_TIME_%], Time(%), 1.325040562466198
[CLEANUP], Operations, 32
[CLEANUP], AverageLatency(us), 69282.4375
[CLEANUP], MinLatency(us), 1
[CLEANUP], MaxLatency(us), 2217983
[CLEANUP], 95thPercentileLatency(us), 3
[CLEANUP], 99thPercentileLatency(us), 2217983
[INSERT], Operations, 156
[INSERT], AverageLatency(us), 50042.794871794875
[INSERT], MinLatency(us), 10080
[INSERT], MaxLatency(us), 322815
[INSERT], 95thPercentileLatency(us), 87679
[INSERT], 99thPercentileLatency(us), 190591
[INSERT], Return=OK, 156
[SCAN], Operations, 2844
[SCAN], AverageLatency(us), 36303.38466947961
[SCAN], MinLatency(us), 5112
[SCAN], MaxLatency(us), 344319
[SCAN], 95thPercentileLatency(us), 75455
[SCAN], 99thPercentileLatency(us), 166527
[SCAN], Return=OK, 2844
