[OVERALL], RunTime(ms), 32123
[OVERALL], Throughput(ops/sec), 186.78205647044174
[TOTAL_GCS_Copy], Count, 8
[TOTAL_GC_TIME_Copy], Time(ms), 35
[TOTAL_GC_TIME_%_Copy], Time(%), 0.10895619960775767
[TOTAL_GCS_MarkSweepCompact], Count, 1
[TOTAL_GC_TIME_MarkSweepCompact], Time(ms), 12
[TOTAL_GC_TIME_%_MarkSweepCompact], Time(%), 0.03735641129408835
[TOTAL_GCs], Count, 9
[TOTAL_GC_TIME], Time(ms), 47
[TOTAL_GC_TIME_%], Time(%), 0.14631261090184602
[READ], Operations, 6000
[READ], AverageLatency(us), 9443.342666666667
[READ], MinLatency(us), 654
[READ], MaxLatency(us), 12066815
[READ], 95thPercentileLatency(us), 10791
[READ], 99thPercentileLatency(us), 12631
[READ], Return=OK, 6000
[CLEANUP], Operations, 2
[CLEANUP], AverageLatency(us), 1115652.5
[CLEANUP], MinLatency(us), 9
[CLEANUP], MaxLatency(us), 2232319
[CLEANUP], 95thPercentileLatency(us), 2232319
[CLEANUP], 99thPercentileLatency(us), 2232319
