[OVERALL], RunTime(ms), 8263
[OVERALL], Throughput(ops/sec), 605.1071039574005
[TOTAL_GCS_Copy], Count, 71
[TOTAL_GC_TIME_Copy], Time(ms), 143
[TOTAL_GC_TIME_%_Copy], Time(%), 1.7306063173181654
[TOTAL_GCS_MarkSweepCompact], Count, 1
[TOTAL_GC_TIME_MarkSweepCompact], Time(ms), 12
[TOTAL_GC_TIME_%_MarkSweepCompact], Time(%), 0.1452257049497761
[TOTAL_GCs], Count, 72
[TOTAL_GC_TIME], Time(ms), 155
[TOTAL_GC_TIME_%], Time(%), 1.8758320222679414
[CLEANUP], Operations, 64
[CLEANUP], AverageLatency(us), 34706.28125
[CLEANUP], MinLatency(us), 1
[CLEANUP], MaxLatency(us), 2222079
[CLEANUP], 95thPercentileLatency(us), 3
[CLEANUP], 99thPercentileLatency(us), 8
[INSERT], Operations, 241
[INSERT], AverageLatency(us), 74301.65975103734
[INSERT], MinLatency(us), 11936
[INSERT], MaxLatency(us), 578559
[INSERT], 95thPercentileLatency(us), 163071
[INSERT], 99thPercentileLatency(us), 503039
[INSERT], Return=OK, 241
[SCAN], Operations, 4759
[SCAN], AverageLatency(us), 53780.13910485396
[SCAN], MinLatency(us), 4192
[SCAN], MaxLatency(us), 580607
[SCAN], 95thPercentileLatency(us), 132735
[SCAN], 99thPercentileLatency(us), 319231
[SCAN], Return=OK, 4759
