[OVERALL], RunTime(ms), 26245
[OVERALL], Throughput(ops/sec), 76.20499142693846
[TOTAL_GCS_Copy], Count, 5
[TOTAL_GC_TIME_Copy], Time(ms), 33
[TOTAL_GC_TIME_%_Copy], Time(%), 0.12573823585444846
[TOTAL_GCS_MarkSweepCompact], Count, 1
[TOTAL_GC_TIME_MarkSweepCompact], Time(ms), 11
[TOTAL_GC_TIME_%_MarkSweepCompact], Time(%), 0.04191274528481616
[TOTAL_GCs], Count, 6
[TOTAL_GC_TIME], Time(ms), 44
[TOTAL_GC_TIME_%], Time(%), 0.16765098113926463
[READ], Operations, 1008
[READ], AverageLatency(us), 16120.775793650793
[READ], MinLatency(us), 983
[READ], MaxLatency(us), 12058623
[READ], 95thPercentileLatency(us), 7411
[READ], 99thPercentileLatency(us), 8839
[READ], Return=OK, 1008
[CLEANUP], Operations, 1
[CLEANUP], AverageLatency(us), 2219008.0
[CLEANUP], MinLatency(us), 2217984
[CLEANUP], MaxLatency(us), 2220031
[CLEANUP], 95thPercentileLatency(us), 2220031
[CLEANUP], 99thPercentileLatency(us), 2220031
[UPDATE], Operations, 992
[UPDATE], AverageLatency(us), 6339.849798387097
[UPDATE], MinLatency(us), 2062
[UPDATE], MaxLatency(us), 18639
[UPDATE], 95thPercentileLatency(us), 9335
[UPDATE], 99thPercentileLatency(us), 12767
[UPDATE], Return=OK, 992
