[OVERALL], RunTime(ms), 29733
[OVERALL], Throughput(ops/sec), 67.26532808663774
[TOTAL_GCS_Copy], Count, 7
[TOTAL_GC_TIME_Copy], Time(ms), 35
[TOTAL_GC_TIME_%_Copy], Time(%), 0.11771432415161605
[TOTAL_GCS_MarkSweepCompact], Count, 1
[TOTAL_GC_TIME_MarkSweepCompact], Time(ms), 11
[TOTAL_GC_TIME_%_MarkSweepCompact], Time(%), 0.03699593044765076
[TOTAL_GCs], Count, 8
[TOTAL_GC_TIME], Time(ms), 46
[TOTAL_GC_TIME_%], Time(%), 0.1547102545992668
[CLEANUP], Operations, 16
[CLEANUP], AverageLatency(us), 139073.875
[CLEANUP], MinLatency(us), 1
[CLEANUP], MaxLatency(us), 2226175
[CLEANUP], 95thPercentileLatency(us), 7
[CLEANUP], 99thPercentileLatency(us), 2226175
[INSERT], Operations, 2000
[INSERT], AverageLatency(us), 208285.004
[INSERT], MinLatency(us), 4464
[INSERT], MaxLatency(us), 24281087
[INSERT], 95thPercentileLatency(us), 26623
[INSERT], 99thPercentileLatency(us), 54783
[INSERT], Return=OK, 2000
