[OVERALL], RunTime(ms), 9408
[OVERALL], Throughput(ops/sec), 106.29251700680273
[TOTAL_GCS_Copy], Count, 16
[TOTAL_GC_TIME_Copy], Time(ms), 41
[TOTAL_GC_TIME_%_Copy], Time(%), 0.4357993197278911
[TOTAL_GCS_MarkSweepCompact], Count, 1
[TOTAL_GC_TIME_MarkSweepCompact], Time(ms), 11
[TOTAL_GC_TIME_%_MarkSweepCompact], Time(%), 0.116921768707483
[TOTAL_GCs], Count, 17
[TOTAL_GC_TIME], Time(ms), 52
[TOTAL_GC_TIME_%], Time(%), 0.5527210884353742
[CLEANUP], Operations, 4
[CLEANUP], AverageLatency(us), 556803.5
[CLEANUP], MinLatency(us), 3
[CLEANUP], MaxLatency(us), 2228223
[CLEANUP], 95thPercentileLatency(us), 2228223
[CLEANUP], 99thPercentileLatency(us), 2228223
[INSERT], Operations, 42
[INSERT], AverageLatency(us), 37768.380952380954
[INSERT], MinLatency(us), 17744
[INSERT], MaxLatency(us), 108415
[INSERT], 95thPercentileLatency(us), 45279
[INSERT], 99thPercentileLatency(us), 108415
[INSERT], Return=OK, 42
[SCAN], Operations, 958
[SCAN], AverageLatency(us), 21953.439457202505
[SCAN], MinLatency(us), 1603
[SCAN], MaxLatency(us), 95615
[SCAN], 95thPercentileLatency(us), 43423
[SCAN], 99thPercentileLatency(us), 46175
[SCAN], Return=OK, 958
