[OVERALL], RunTime(ms), 5257
[OVERALL], Throughput(ops/sec), 380.44512079132585
[TOTAL_GCS_Copy], Count, 8
[TOTAL_GC_TIME_Copy], Time(ms), 37
[TOTAL_GC_TIME_%_Copy], Time(%), 0.7038234734639528
[TOTAL_GCS_MarkSweepCompact], Count, 1
[TOTAL_GC_TIME_MarkSweepCompact], Time(ms), 11
[TOTAL_GC_TIME_%_MarkSweepCompact], Time(%), 0.2092448164352292
[TOTAL_GCs], Count, 9
[TOTAL_GC_TIME], Time(ms), 48
[TOTAL_GC_TIME_%], Time(%), 0.913068289899182
[CLEANUP], Operations, 64
[CLEANUP], AverageLatency(us), 34801.1875
[CLEANUP], MinLatency(us), 1
[CLEANUP], MaxLatency(us), 2228223
[CLEANUP], 95thPercentileLatency(us), 2
[CLEANUP], 99thPercentileLatency(us), 6
[INSERT], Operations, 2000
[INSERT], AverageLatency(us), 47290.495
[INSERT], MinLatency(us), 4208
[INSERT], MaxLatency(us), 415487
[INSERT], 95thPercentileLatency(us), 99071
[INSERT], 99thPercentileLatency(us), 382207
[INSERT], Return=OK, 2000
