[OVERALL], RunTime(ms), 5998
[OVERALL], Throughput(ops/sec), 666.8889629876626
[TOTAL_GCS_Copy], Count, 6
[TOTAL_GC_TIME_Copy], Time(ms), 34
[TOTAL_GC_TIME_%_Copy], Time(%), 0.5668556185395132
[TOTAL_GCS_MarkSweepCompact], Count, 1
[TOTAL_GC_TIME_MarkSweepCompact], Time(ms), 11
[TOTAL_GC_TIME_%_MarkSweepCompact], Time(%), 0.1833944648216072
[TOTAL_GCs], Count, 7
[TOTAL_GC_TIME], Time(ms), 45
[TOTAL_GC_TIME_%], Time(%), 0.7502500833611204
[READ], Operations, 3809
[READ], AverageLatency(us), 4465.608033604621
[READ], MinLatency(us), 774
[READ], MaxLatency(us), 96063
[READ], 95thPercentileLatency(us), 11703
[READ], 99thPercentileLatency(us), 17599
[READ], Return=OK, 3809
[CLEANUP], Operations, 8
[CLEANUP], AverageLatency(us), 278914.25
[CLEANUP], MinLatency(us), 1
[CLEANUP], MaxLatency(us), 2232319
[CLEANUP], 95thPercentileLatency(us), 2232319
[CLEANUP], 99thPercentileLatency(us), 2232319
[UPDATE], Operations, 191
[UPDATE], AverageLatency(us), 7323.7696335078535
[UPDATE], MinLatency(us), 2047
[UPDATE], MaxLatency(us), 44831
[UPDATE], 95thPercentileLatency(us), 21983
[UPDATE], 99thPercentileLatency(us), 41119
[UPDATE], Return=OK, 191
