[OVERALL], RunTime(ms), 4831
[OVERALL], Throughput(ops/sec), 206.99648105982197
[TOTAL_GCS_Copy], Count, 4
[TOTAL_GC_TIME_Copy], Time(ms), 23
[TOTAL_GC_TIME_%_Copy], Time(%), 0.47609190643759053
[TOTAL_GCS_MarkSweepCompact], Count, 1
[TOTAL_GC_TIME_MarkSweepCompact], Time(ms), 12
[TOTAL_GC_TIME_%_MarkSweepCompact], Time(%), 0.24839577727178638
[TOTAL_GCs], Count, 5
[TOTAL_GC_TIME], Time(ms), 35
[TOTAL_GC_TIME_%], Time(%), 0.7244876837093769
[READ], Operations, 956
[READ], AverageLatency(us), 4264.190376569038
[READ], MinLatency(us), 914
[READ], MaxLatency(us), 63487
[READ], 95thPercentileLatency(us), 9519
[READ], 99thPercentileLatency(us), 11815
[READ], Return=OK, 956
[CLEANUP], Operations, 4
[CLEANUP], AverageLatency(us), 557826.0
[CLEANUP], MinLatency(us), 1
[CLEANUP], MaxLatency(us), 2232319
[CLEANUP], 95thPercentileLatency(us), 2232319
[CLEANUP], 99thPercentileLatency(us), 2232319
[UPDATE], Operations, 44
[UPDATE], AverageLatency(us), 8210.5
[UPDATE], MinLatency(us), 2702
[UPDATE], MaxLatency(us), 27711
[UPDATE], 95thPercentileLatency(us), 20543
[UPDATE], 99thPercentileLatency(us), 27711
[UPDATE], Return=OK, 44
