[OVERALL], RunTime(ms), 10071
[OVERALL], Throughput(ops/sec), 198.5900109224506
[TOTAL_GCS_Copy], Count, 6
[TOTAL_GC_TIME_Copy], Time(ms), 33
[TOTAL_GC_TIME_%_Copy], Time(%), 0.3276735180220435
[TOTAL_GCS_MarkSweepCompact], Count, 1
[TOTAL_GC_TIME_MarkSweepCompact], Time(ms), 12
[TOTAL_GC_TIME_%_MarkSweepCompact], Time(%), 0.11915400655347036
[TOTAL_GCs], Count, 7
[TOTAL_GC_TIME], Time(ms), 45
[TOTAL_GC_TIME_%], Time(%), 0.44682752457551383
[CLEANUP], Operations, 8
[CLEANUP], AverageLatency(us), 277635.125
[CLEANUP], MinLatency(us), 2
[CLEANUP], MaxLatency(us), 2222079
[CLEANUP], 95thPercentileLatency(us), 2222079
[CLEANUP], 99thPercentileLatency(us), 2222079
[INSERT], Operations, 2000
[INSERT], AverageLatency(us), 24155.978
[INSERT], MinLatency(us), 1849
[INSERT], MaxLatency(us), 104319
[INSERT], 95thPercentileLatency(us), 54751
[INSERT], 99thPercentileLatency(us), 67839
[INSERT], Return=OK, 2000
