[OVERALL], RunTime(ms), 14447
[OVERALL], Throughput(ops/sec), 138.4370457534436
[TOTAL_GCS_Copy], Count, 29
[TOTAL_GC_TIME_Copy], Time(ms), 55
[TOTAL_GC_TIME_%_Copy], Time(%), 0.38070187582196996
[TOTAL_GCS_MarkSweepCompact], Count, 1
[TOTAL_GC_TIME_MarkSweepCompact], Time(ms), 11
[TOTAL_GC_TIME_%_MarkSweepCompact], Time(%), 0.076140375164394
[TOTAL_GCs], Count, 30
[TOTAL_GC_TIME], Time(ms), 66
[TOTAL_GC_TIME_%], Time(%), 0.4568422509863639
[CLEANUP], Operations, 4
[CLEANUP], AverageLatency(us), 556803.25
[CLEANUP], MinLatency(us), 3
[CLEANUP], MaxLatency(us), 2228223
[CLEANUP], 95thPercentileLatency(us), 2228223
[CLEANUP], 99thPercentileLatency(us), 2228223
[INSERT], Operations, 99
[INSERT], AverageLatency(us), 34098.767676767675
[INSERT], MinLatency(us), 5220
[INSERT], MaxLatency(us), 65727
[INSERT], 95thPercentileLatency(us), 44927
[INSERT], 99thPercentileLatency(us), 52255
[INSERT], Return=OK, 99
[SCAN], Operations, 1901
[SCAN], AverageLatency(us), 20286.687006838507
[SCAN], MinLatency(us), 1214
[SCAN], MaxLatency(us), 83263
[SCAN], 95thPercentileLatency(us), 42047
[SCAN], 99thPercentileLatency(us), 46175
[SCAN], Return=OK, 1901
