[OVERALL], RunTime(ms), 11812
[OVERALL], Throughput(ops/sec), 507.95800880460547
[TOTAL_GCS_Copy], Count, 7
[TOTAL_GC_TIME_Copy], Time(ms), 33
[TOTAL_GC_TIME_%_Copy], Time(%), 0.279376904842533
[TOTAL_GCS_MarkSweepCompact], Count, 1
[TOTAL_GC_TIME_MarkSweepCompact], Time(ms), 12
[TOTAL_GC_TIME_%_MarkSweepCompact], Time(%), 0.1015916017609211
[TOTAL_GCs], Count, 8
[TOTAL_GC_TIME], Time(ms), 45
[TOTAL_GC_TIME_%], Time(%), 0.3809685066034541
[READ], Operations, 6000
[READ], AverageLatency(us), 5303.8245
[READ], MinLatency(us), 646
[READ], MaxLatency(us), 58015
[READ], 95thPercentileLatency(us), 10015
[READ], 99thPercentileLatency(us), 12903
[READ], Return=OK, 6000
[CLEANUP], Operations, 4
[CLEANUP], AverageLatency(us), 558340.0
[CLEANUP], MinLatency(us), 3
[CLEANUP], MaxLatency(us), 2234367
[CLEANUP], 95thPercentileLatency(us), 2234367
[CLEANUP], 99thPercentileLatency(us), 2234367
