[OVERALL], RunTime(ms), 9605
[OVERALL], Throughput(ops/sec), 208.2248828735034
[TOTAL_GCS_Copy], Count, 7
[TOTAL_GC_TIME_Copy], Time(ms), 33
[TOTAL_GC_TIME_%_Copy], Time(%), 0.3435710567412806
[TOTAL_GCS_MarkSweepCompact], Count, 1
[TOTAL_GC_TIME_MarkSweepCompact], Time(ms), 11
[TOTAL_GC_TIME_%_MarkSweepCompact], Time(%), 0.11452368558042686
[TOTAL_GCs], Count, 8
[TOTAL_GC_TIME], Time(ms), 44
[TOTAL_GC_TIME_%], Time(%), 0.45809474232170744
[CLEANUP], Operations, 16
[CLEANUP], AverageLatency(us), 139074.75
[CLEANUP], MinLatency(us), 1
[CLEANUP], MaxLatency(us), 2226175
[CLEANUP], 95thPercentileLatency(us), 8
[CLEANUP], 99thPercentileLatency(us), 2226175
[INSERT], Operations, 2000
[INSERT], AverageLatency(us), 45399.602
[INSERT], MinLatency(us), 6076
[INSERT], MaxLatency(us), 159871
[INSERT], 95thPercentileLatency(us), 92735
[INSERT], 99thPercentileLatency(us), 120575
[INSERT], Return=OK, 2000
