[OVERALL], RunTime(ms), 17594
[OVERALL], Throughput(ops/sec), 113.67511651699444
[TOTAL_GCS_Copy], Count, 11
[TOTAL_GC_TIME_Copy], Time(ms), 46
[TOTAL_GC_TIME_%_Copy], Time(%), 0.26145276798908723
[TOTAL_GCS_MarkSweepCompact], Count, 1
[TOTAL_GC_TIME_MarkSweepCompact], Time(ms), 13
[TOTAL_GC_TIME_%_MarkSweepCompact], Time(%), 0.07388882573604638
[TOTAL_GCs], Count, 12
[TOTAL_GC_TIME], Time(ms), 59
[TOTAL_GC_TIME_%], Time(%), 0.33534159372513356
[CLEANUP], Operations, 128
[CLEANUP], AverageLatency(us), 17433.453125
[CLEANUP], MinLatency(us), 1
[CLEANUP], MaxLatency(us), 2232319
[CLEANUP], 95thPercentileLatency(us), 2
[CLEANUP], 99thPercentileLatency(us), 6
[INSERT], Operations, 2000
[INSERT], AverageLatency(us), 875669.036
[INSERT], MinLatency(us), 22640
[INSERT], MaxLatency(us), 12836863
[INSERT], 95thPercentileLatency(us), 12632063
[INSERT], 99thPercentileLatency(us), 12779519
[INSERT], Return=OK, 2000
