[OVERALL], RunTime(ms), 5204
[OVERALL], Throughput(ops/sec), 384.3197540353574
[TOTAL_GCS_Copy], Count, 8
[TOTAL_GC_TIME_Copy], Time(ms), 36
[TOTAL_GC_TIME_%_Copy], Time(%), 0.6917755572636434
[TOTAL_GCS_MarkSweepCompact], Count, 1
[TOTAL_GC_TIME_MarkSweepCompact], Time(ms), 11
[TOTAL_GC_TIME_%_MarkSweepCompact], Time(%), 0.21137586471944658
[TOTAL_GCs], Count, 9
[TOTAL_GC_TIME], Time(ms), 47
[TOTAL_GC_TIME_%], Time(%), 0.90315142198309
[CLEANUP], Operations, 64
[CLEANUP], AverageLatency(us), 34833.328125
[CLEANUP], MinLatency(us), 1
[CLEANUP], MaxLatency(us), 2230271
[CLEANUP], 95thPercentileLatency(us), 2
[CLEANUP], 99thPercentileLatency(us), 6
[INSERT], Operations, 2000
[INSERT], AverageLatency(us), 47095.532
[INSERT], MinLatency(us), 7720
[INSERT], MaxLatency(us), 422143
[INSERT], 95thPercentileLatency(us), 92991
[INSERT], 99thPercentileLatency(us), 371967
[INSERT], Return=OK, 2000
