[OVERALL], RunTime(ms), 6037
[OVERALL], Throughput(ops/sec), 496.93556402186516
[TOTAL_GCS_Copy], Count, 6
[TOTAL_GC_TIME_Copy], Time(ms), 33
[TOTAL_GC_TIME_%_Copy], Time(%), 0.5466291204240517
[TOTAL_GCS_MarkSweepCompact], Count, 1
[TOTAL_GC_TIME_MarkSweepCompact], Time(ms), 11
[TOTAL_GC_TIME_%_MarkSweepCompact], Time(%), 0.18220970680801724
[TOTAL_GCs], Count, 7
[TOTAL_GC_TIME], Time(ms), 44
[TOTAL_GC_TIME_%], Time(%), 0.7288388272320689
[READ], Operations, 2865
[READ], AverageLatency(us), 2892.8788830715534
[READ], MinLatency(us), 735
[READ], MaxLatency(us), 68351
[READ], 95thPercentileLatency(us), 7159
[READ], 99thPercentileLatency(us), 10407
[READ], Return=OK, 2865
[CLEANUP], Operations, 4
[CLEANUP], AverageLatency(us), 557826.75
[CLEANUP], MinLatency(us), 2
[CLEANUP], MaxLatency(us), 2232319
[CLEANUP], 95thPercentileLatency(us), 2232319
[CLEANUP], 99thPercentileLatency(us), 2232319
[UPDATE], Operations, 135
[UPDATE], AverageLatency(us), 5166.8
[UPDATE], MinLatency(us), 1792
[UPDATE], MaxLatency(us), 24063
[UPDATE], 95thPercentileLatency(us), 14103
[UPDATE], 99thPercentileLatency(us), 22751
[UPDATE], Return=OK, 135
