[OVERALL], RunTime(ms), 30445
[OVERALL], Throughput(ops/sec), 197.07669568073575
[TOTAL_GCS_Copy], Count, 7
[TOTAL_GC_TIME_Copy], Time(ms), 34
[TOTAL_GC_TIME_%_Copy], Time(%), 0.11167679421908358
[TOTAL_GCS_MarkSweepCompact], Count, 1
[TOTAL_GC_TIME_MarkSweepCompact], Time(ms), 11
[TOTAL_GC_TIME_%_MarkSweepCompact], Time(%), 0.03613072754146822
[TOTAL_GCs], Count, 8
[TOTAL_GC_TIME], Time(ms), 45
[TOTAL_GC_TIME_%], Time(%), 0.1478075217605518
[READ], Operations, 3033
[READ], AverageLatency(us), 7553.112759643917
[READ], MinLatency(us), 678
[READ], MaxLatency(us), 12066815
[READ], 95thPercentileLatency(us), 7395
[READ], 99thPercentileLatency(us), 8123
[READ], Return=OK, 3033
[CLEANUP], Operations, 2
[CLEANUP], AverageLatency(us), 1112580.0
[CLEANUP], MinLatency(us), 8
[CLEANUP], MaxLatency(us), 2226175
[CLEANUP], 95thPercentileLatency(us), 2226175
[CLEANUP], 99thPercentileLatency(us), 2226175
[UPDATE], Operations, 2967
[UPDATE], AverageLatency(us), 10268.476912706437
[UPDATE], MinLatency(us), 1437
[UPDATE], MaxLatency(us), 12075007
[UPDATE], 95thPercentileLatency(us), 8319
[UPDATE], 99thPercentileLatency(us), 11143
[UPDATE], Return=OK, 2967
