[OVERALL], RunTime(ms), 9185
[OVERALL], Throughput(ops/sec), 217.74632553075668
[TOTAL_GCS_Copy], Count, 7
[TOTAL_GC_TIME_Copy], Time(ms), 37
[TOTAL_GC_TIME_%_Copy], Time(%), 0.4028307022318998
[TOTAL_GCS_MarkSweepCompact], Count, 1
[TOTAL_GC_TIME_MarkSweepCompact], Time(ms), 11
[TOTAL_GC_TIME_%_MarkSweepCompact], Time(%), 0.11976047904191617
[TOTAL_GCs], Count, 8
[TOTAL_GC_TIME], Time(ms), 48
[TOTAL_GC_TIME_%], Time(%), 0.522591181273816
[CLEANUP], Operations, 16
[CLEANUP], AverageLatency(us), 139330.5
[CLEANUP], MinLatency(us), 1
[CLEANUP], MaxLatency(us), 2230271
[CLEANUP], 95thPercentileLatency(us), 8
[CLEANUP], 99thPercentileLatency(us), 2230271
[INSERT], Operations, 2000
[INSERT], AverageLatency(us), 42354.6305
[INSERT], MinLatency(us), 3888
[INSERT], MaxLatency(us), 156159
[INSERT], 95thPercentileLatency(us), 84095
[INSERT], 99thPercentileLatency(us), 116415
[INSERT], Return=OK, 2000
