[OVERALL], RunTime(ms), 5800
[OVERALL], Throughput(ops/sec), 689.6551724137931
[TOTAL_GCS_Copy], Count, 8
[TOTAL_GC_TIME_Copy], Time(ms), 38
[TOTAL_GC_TIME_%_Copy], Time(%), 0.6551724137931034
[TOTAL_GCS_MarkSweepCompact], Count, 1
[TOTAL_GC_TIME_MarkSweepCompact], Time(ms), 11
[TOTAL_GC_TIME_%_MarkSweepCompact], Time(%), 0.1896551724137931
[TOTAL_GCs], Count, 9
[TOTAL_GC_TIME], Time(ms), 49
[TOTAL_GC_TIME_%], Time(%), 0.8448275862068965
[READ], Operations, 4000
[READ], AverageLatency(us), 16531.54775
[READ], MinLatency(us), 1414
[READ], MaxLatency(us), 260863
[READ], 95thPercentileLatency(us), 40223
[READ], 99thPercentileLatency(us), 71103
[READ], Return=OK, 4000
[CLEANUP], Operations, 32
[CLEANUP], AverageLatency(us), 69538.09375
[CLEANUP], MinLatency(us), 1
[CLEANUP], MaxLatency(us), 2226175
[CLEANUP], 95thPercentileLatency(us), 7
[CLEANUP], 99thPercentileLatency(us), 2226175
