[OVERALL], RunTime(ms), 5910
[OVERALL], Throughput(ops/sec), 338.40947546531305
[TOTAL_GCS_Copy], Count, 5
[TOTAL_GC_TIME_Copy], Time(ms), 37
[TOTAL_GC_TIME_%_Copy], Time(%), 0.626057529610829
[TOTAL_GCS_MarkSweepCompact], Count, 1
[TOTAL_GC_TIME_MarkSweepCompact], Time(ms), 11
[TOTAL_GC_TIME_%_MarkSweepCompact], Time(%), 0.18612521150592215
[TOTAL_GCs], Count, 6
[TOTAL_GC_TIME], Time(ms), 48
[TOTAL_GC_TIME_%], Time(%), 0.8121827411167513
[READ], Operations, 1013
[READ], AverageLatency(us), 944.3672260612043
[READ], MinLatency(us), 542
[READ], MaxLatency(us), 41567
[READ], 95thPercentileLatency(us), 1621
[READ], 99thPercentileLatency(us), 4255
[READ], Return=OK, 1013
[CLEANUP], Operations, 1
[CLEANUP], AverageLatency(us), 2233344.0
[CLEANUP], MinLatency(us), 2232320
[CLEANUP], MaxLatency(us), 2234367
[CLEANUP], 95thPercentileLatency(us), 2234367
[CLEANUP], 99thPercentileLatency(us), 2234367
[UPDATE], Operations, 987
[UPDATE], AverageLatency(us), 1193.0263424518744
[UPDATE], MinLatency(us), 714
[UPDATE], MaxLatency(us), 11015
[UPDATE], 95thPercentileLatency(us), 2223
[UPDATE], 99thPercentileLatency(us), 6207
[UPDATE], Return=OK, 987
