[OVERALL], RunTime(ms), 5650
[OVERALL], Throughput(ops/sec), 176.99115044247787
[TOTAL_GCS_Copy], Count, 19
[TOTAL_GC_TIME_Copy], Time(ms), 120
[TOTAL_GC_TIME_%_Copy], Time(%), 2.1238938053097343
[TOTAL_GCS_MarkSweepCompact], Count, 2
[TOTAL_GC_TIME_MarkSweepCompact], Time(ms), 34
[TOTAL_GC_TIME_%_MarkSweepCompact], Time(%), 0.6017699115044248
[TOTAL_GCs], Count, 21
[TOTAL_GC_TIME], Time(ms), 154
[TOTAL_GC_TIME_%], Time(%), 2.7256637168141595
[CLEANUP], Operations, 128
[CLEANUP], AverageLatency(us), 17417.3515625
[CLEANUP], MinLatency(us), 1
[CLEANUP], MaxLatency(us), 2230271
[CLEANUP], 95thPercentileLatency(us), 2
[CLEANUP], 99thPercentileLatency(us), 19
[INSERT], Operations, 46
[INSERT], AverageLatency(us), 201779.91304347827
[INSERT], MinLatency(us), 11488
[INSERT], MaxLatency(us), 848895
[INSERT], 95thPercentileLatency(us), 620031
[INSERT], 99thPercentileLatency(us), 848895
[INSERT], Return=OK, 46
[SCAN], Operations, 954
[SCAN], AverageLatency(us), 219986.03144654087
[SCAN], MinLatency(us), 6284
[SCAN], MaxLatency(us), 1014783
[SCAN], 95thPercentileLatency(us), 739839
[SCAN], 99thPercentileLatency(us), 953343
[SCAN], Return=OK, 954
