[OVERALL], RunTime(ms), 6754
[OVERALL], Throughput(ops/sec), 592.2416345869115
[TOTAL_GCS_Copy], Count, 6
[TOTAL_GC_TIME_Copy], Time(ms), 32
[TOTAL_GC_TIME_%_Copy], Time(%), 0.47379330766952915
[TOTAL_GCS_MarkSweepCompact], Count, 1
[TOTAL_GC_TIME_MarkSweepCompact], Time(ms), 11
[TOTAL_GC_TIME_%_MarkSweepCompact], Time(%), 0.16286644951140067
[TOTAL_GCs], Count, 7
[TOTAL_GC_TIME], Time(ms), 43
[TOTAL_GC_TIME_%], Time(%), 0.6366597571809298
[READ], Operations, 1980
[READ], AverageLatency(us), 4006.1848484848483
[READ], MinLatency(us), 977
[READ], MaxLatency(us), 89407
[READ], 95thPercentileLatency(us), 8187
[READ], 99thPercentileLatency(us), 12559
[READ], Return=OK, 1980
[CLEANUP], Operations, 8
[CLEANUP], AverageLatency(us), 277634.5
[CLEANUP], MinLatency(us), 1
[CLEANUP], MaxLatency(us), 2222079
[CLEANUP], 95thPercentileLatency(us), 2222079
[CLEANUP], 99thPercentileLatency(us), 2222079
[UPDATE], Operations, 2020
[UPDATE], AverageLatency(us), 8025.821782178218
[UPDATE], MinLatency(us), 4332
[UPDATE], MaxLatency(us), 97215
[UPDATE], 95thPercentileLatency(us), 11687
[UPDATE], 99thPercentileLatency(us), 19455
[UPDATE], Return=OK, 2020
