[OVERALL], RunTime(ms), 24910
[OVERALL], Throughput(ops/sec), 80.28904054596548
[TOTAL_GCS_Copy], Count, 6
[TOTAL_GC_TIME_Copy], Time(ms), 33
[TOTAL_GC_TIME_%_Copy], Time(%), 0.132476916900843
[TOTAL_GCS_MarkSweepCompact], Count, 1
[TOTAL_GC_TIME_MarkSweepCompact], Time(ms), 11
[TOTAL_GC_TIME_%_MarkSweepCompact], Time(%), 0.04415897230028101
[TOTAL_GCs], Count, 7
[TOTAL_GC_TIME], Time(ms), 44
[TOTAL_GC_TIME_%], Time(%), 0.17663588920112405
[CLEANUP], Operations, 4
[CLEANUP], AverageLatency(us), 556291.25
[CLEANUP], MinLatency(us), 2
[CLEANUP], MaxLatency(us), 2226175
[CLEANUP], 95thPercentileLatency(us), 2226175
[CLEANUP], 99thPercentileLatency(us), 2226175
[INSERT], Operations, 2000
[INSERT], AverageLatency(us), 41368.642
[INSERT], MinLatency(us), 6088
[INSERT], MaxLatency(us), 116031
[INSERT], 95thPercentileLatency(us), 77503
[INSERT], 99thPercentileLatency(us), 95615
[INSERT], Return=OK, 2000
