[OVERALL], RunTime(ms), 5426
[OVERALL], Throughput(ops/sec), 368.59565057132323
[TOTAL_GCS_Copy], Count, 11
[TOTAL_GC_TIME_Copy], Time(ms), 45
[TOTAL_GC_TIME_%_Copy], Time(%), 0.8293402137854773
[TOTAL_GCS_MarkSweepCompact], Count, 1
[TOTAL_GC_TIME_MarkSweepCompact], Time(ms), 12
[TOTAL_GC_TIME_%_MarkSweepCompact], Time(%), 0.22115739034279397
[TOTAL_GCs], Count, 12
[TOTAL_GC_TIME], Time(ms), 57
[TOTAL_GC_TIME_%], Time(%), 1.0504976041282712
[CLEANUP], Operations, 128
[CLEANUP], AverageLatency(us), 17369.3125
[CLEANUP], MinLatency(us), 1
[CLEANUP], MaxLatency(us), 2224127
[CLEANUP], 95thPercentileLatency(us), 2
[CLEANUP], 99thPercentileLatency(us), 6
[INSERT], Operations, 2000
[INSERT], AverageLatency(us), 99002.132
[INSERT], MinLatency(us), 17632
[INSERT], MaxLatency(us), 717823
[INSERT], 95thPercentileLatency(us), 575999
[INSERT], 99thPercentileLatency(us), 687615
[INSERT], Return=OK, 2000
