[OVERALL], RunTime(ms), 5990
[OVERALL], Throughput(ops/sec), 333.889816360601
[TOTAL_GCS_Copy], Count, 6
[TOTAL_GC_TIME_Copy], Time(ms), 32
[TOTAL_GC_TIME_%_Copy], Time(%), 0.5342237061769616
[TOTAL_GCS_MarkSweepCompact], Count, 1
[TOTAL_GC_TIME_MarkSweepCompact], Time(ms), 12
[TOTAL_GC_TIME_%_MarkSweepCompact], Time(%), 0.20033388981636058
[TOTAL_GCs], Count, 7
[TOTAL_GC_TIME], Time(ms), 44
[TOTAL_GC_TIME_%], Time(%), 0.7345575959933223
[CLEANUP], Operations, 1
[CLEANUP], AverageLatency(us), 2227200.0
[CLEANUP], MinLatency(us), 2226176
[CLEANUP], MaxLatency(us), 2228223
[CLEANUP], 95thPercentileLatency(us), 2228223
[CLEANUP], 99thPercentileLatency(us), 2228223
[INSERT], Operations, 2000
[INSERT], AverageLatency(us), 1105.861
[INSERT], MinLatency(us), 711
[INSERT], MaxLatency(us), 33919
[INSERT], 95thPercentileLatency(us), 1514
[INSERT], 99thPercentileLatency(us), 3973
[INSERT], Return=OK, 2000
