[OVERALL], RunTime(ms), 36386
[OVERALL], Throughput(ops/sec), 164.8985873687682
[TOTAL_GCS_Copy], Count, 78
[TOTAL_GC_TIME_Copy], Time(ms), 103
[TOTAL_GC_TIME_%_Copy], Time(%), 0.2830759083163854
[TOTAL_GCS_MarkSweepCompact], Count, 1
[TOTAL_GC_TIME_MarkSweepCompact], Time(ms), 11
[TOTAL_GC_TIME_%_MarkSweepCompact], Time(%), 0.030231407684274174
[TOTAL_GCs], Count, 79
[TOTAL_GC_TIME], Time(ms), 114
[TOTAL_GC_TIME_%], Time(%), 0.3133073160006596
[CLEANUP], Operations, 4
[CLEANUP], AverageLatency(us), 555779.75
[CLEANUP], MinLatency(us), 3
[CLEANUP], MaxLatency(us), 2224127
[CLEANUP], 95thPercentileLatency(us), 2224127
[CLEANUP], 99thPercentileLatency(us), 2224127
[INSERT], Operations, 284
[INSERT], AverageLatency(us), 33197.09507042253
[INSERT], MinLatency(us), 2045
[INSERT], MaxLatency(us), 68927
[INSERT], 95thPercentileLatency(us), 44383
[INSERT], 99thPercentileLatency(us), 47615
[INSERT], Return=OK, 284
[SCAN], Operations, 5716
[SCAN], AverageLatency(us), 21087.114065780264
[SCAN], MinLatency(us), 1283
[SCAN], MaxLatency(us), 99903
[SCAN], 95thPercentileLatency(us), 42623
[SCAN], 99thPercentileLatency(us), 45855
[SCAN], Return=OK, 5716
