[OVERALL], RunTime(ms), 4616
[OVERALL], Throughput(ops/sec), 216.63778162911612
[TOTAL_GCS_Copy], Count, 6
[TOTAL_GC_TIME_Copy], Time(ms), 31
[TOTAL_GC_TIME_%_Copy], Time(%), 0.67157712305026
[TOTAL_GCS_MarkSweepCompact], Count, 1
[TOTAL_GC_TIME_MarkSweepCompact], Time(ms), 12
[TOTAL_GC_TIME_%_MarkSweepCompact], Time(%), 0.25996533795493937
[TOTAL_GCs], Count, 7
[TOTAL_GC_TIME], Time(ms), 43
[TOTAL_GC_TIME_%], Time(%), 0.9315424610051992
[READ], Operations, 1000
[READ], AverageLatency(us), 28211.07
[READ], MinLatency(us), 1205
[READ], MaxLatency(us), 257791
[READ], 95thPercentileLatency(us), 58911
[READ], 99thPercentileLatency(us), 198527
[READ], Return=OK, 1000
[CLEANUP], Operations, 32
[CLEANUP], AverageLatency(us), 69793.34375
[CLEANUP], MinLatency(us), 1
[CLEANUP], MaxLatency(us), 2234367
[CLEANUP], 95thPercentileLatency(us), 5
[CLEANUP], 99thPercentileLatency(us), 2234367
