[OVERALL], RunTime(ms), 52315
[OVERALL], Throughput(ops/sec), 38.22995316830737
[TOTAL_GCS_Copy], Count, 6
[TOTAL_GC_TIME_Copy], Time(ms), 40
[TOTAL_GC_TIME_%_Copy], Time(%), 0.07645990633661474
[TOTAL_GCS_MarkSweepCompact], Count, 1
[TOTAL_GC_TIME_MarkSweepCompact], Time(ms), 11
[TOTAL_GC_TIME_%_MarkSweepCompact], Time(%), 0.02102647424256905
[TOTAL_GCs], Count, 7
[TOTAL_GC_TIME], Time(ms), 51
[TOTAL_GC_TIME_%], Time(%), 0.0974863805791838
[CLEANUP], Operations, 2
[CLEANUP], AverageLatency(us), 1111556.0
[CLEANUP], MinLatency(us), 8
[CLEANUP], MaxLatency(us), 2224127
[CLEANUP], 95thPercentileLatency(us), 2224127
[CLEANUP], 99thPercentileLatency(us), 2224127
[INSERT], Operations, 2000
[INSERT], AverageLatency(us), 48321.097
[INSERT], MinLatency(us), 3820
[INSERT], MaxLatency(us), 12173311
[INSERT], 95thPercentileLatency(us), 67903
[INSERT], 99thPercentileLatency(us), 80511
[INSERT], Return=OK, 2000
