[OVERALL], RunTime(ms), 40775
[OVERALL], Throughput(ops/sec), 122.6241569589209
[TOTAL_GCS_Copy], Count, 7
[TOTAL_GC_TIME_Copy], Time(ms), 34
[TOTAL_GC_TIME_%_Copy], Time(%), 0.08338442673206621
[TOTAL_GCS_MarkSweepCompact], Count, 1
[TOTAL_GC_TIME_MarkSweepCompact], Time(ms), 11
[TOTAL_GC_TIME_%_MarkSweepCompact], Time(%), 0.0269773145309626
[TOTAL_GCs], Count, 8
[TOTAL_GC_TIME], Time(ms), 45
[TOTAL_GC_TIME_%], Time(%), 0.1103617412630288
[READ], Operations, 2483
[READ], AverageLatency(us), 8809.745871929117
[READ], MinLatency(us), 829
[READ], MaxLatency(us), 12050431
[READ], 95thPercentileLatency(us), 7395
[READ], 99thPercentileLatency(us), 7943
[READ], Return=OK, 2483
[CLEANUP], Operations, 1
[CLEANUP], AverageLatency(us), 2225152.0
[CLEANUP], MinLatency(us), 2224128
[CLEANUP], MaxLatency(us), 2226175
[CLEANUP], 95thPercentileLatency(us), 2226175
[CLEANUP], 99thPercentileLatency(us), 2226175
[UPDATE], Operations, 2517
[UPDATE], AverageLatency(us), 6010.871672626142
[UPDATE], MinLatency(us), 1598
[UPDATE], MaxLatency(us), 19807
[UPDATE], 95thPercentileLatency(us), 8015
[UPDATE], 99thPercentileLatency(us), 11071
[UPDATE], Return=OK, 2517
