[OVERALL], RunTime(ms), 5939
[OVERALL], Throughput(ops/sec), 841.8925745074929
[TOTAL_GCS_Copy], Count, 9
[TOTAL_GC_TIME_Copy], Time(ms), 39
[TOTAL_GC_TIME_%_Copy], Time(%), 0.6566762081158444
[TOTAL_GCS_MarkSweepCompact], Count, 1
[TOTAL_GC_TIME_MarkSweepCompact], Time(ms), 11
[TOTAL_GC_TIME_%_MarkSweepCompact], Time(%), 0.18521636639164843
[TOTAL_GCs], Count, 10
[TOTAL_GC_TIME], Time(ms), 50
[TOTAL_GC_TIME_%], Time(%), 0.8418925745074928
[READ], Operations, 2492
[READ], AverageLatency(us), 23938.70264847512
[READ], MinLatency(us), 1030
[READ], MaxLatency(us), 430591
[READ], 95thPercentileLatency(us), 61151
[READ], 99thPercentileLatency(us), 240767
[READ], Return=OK, 2492
[CLEANUP], Operations, 64
[CLEANUP], AverageLatency(us), 34801.59375
[CLEANUP], MinLatency(us), 1
[CLEANUP], MaxLatency(us), 2228223
[CLEANUP], 95thPercentileLatency(us), 2
[CLEANUP], 99thPercentileLatency(us), 7
[UPDATE], Operations, 2508
[UPDATE], AverageLatency(us), 31941.173444976077
[UPDATE], MinLatency(us), 3608
[UPDATE], MaxLatency(us), 447999
[UPDATE], 95thPercentileLatency(us), 78783
[UPDATE], 99thPercentileLatency(us), 315647
[UPDATE], Return=OK, 2508
