[OVERALL], RunTime(ms), 53477
[OVERALL], Throughput(ops/sec), 37.39925575481048
[TOTAL_GCS_Copy], Count, 12
[TOTAL_GC_TIME_Copy], Time(ms), 49
[TOTAL_GC_TIME_%_Copy], Time(%), 0.09162817659928567
[TOTAL_GCS_MarkSweepCompact], Count, 1
[TOTAL_GC_TIME_MarkSweepCompact], Time(ms), 13
[TOTAL_GC_TIME_%_MarkSweepCompact], Time(%), 0.024309516240626813
[TOTAL_GCs], Count, 13
[TOTAL_GC_TIME], Time(ms), 62
[TOTAL_GC_TIME_%], Time(%), 0.11593769283991248
[CLEANUP], Operations, 128
[CLEANUP], AverageLatency(us), 17353.3671875
[CLEANUP], MinLatency(us), 1
[CLEANUP], MaxLatency(us), 2222079
[CLEANUP], 95thPercentileLatency(us), 2
[CLEANUP], 99thPercentileLatency(us), 22
[INSERT], Operations, 2000
[INSERT], AverageLatency(us), 3178995.931
[INSERT], MinLatency(us), 6180
[INSERT], MaxLatency(us), 48988159
[INSERT], 95thPercentileLatency(us), 48824319
[INSERT], 99thPercentileLatency(us), 48955391
[INSERT], Return=OK, 2000
