[OVERALL], RunTime(ms), 5970
[OVERALL], Throughput(ops/sec), 335.00837520938023
[TOTAL_GCS_Copy], Count, 6
[TOTAL_GC_TIME_Copy], Time(ms), 32
[TOTAL_GC_TIME_%_Copy], Time(%), 0.5360134003350084
[TOTAL_GCS_MarkSweepCompact], Count, 1
[TOTAL_GC_TIME_MarkSweepCompact], Time(ms), 11
[TOTAL_GC_TIME_%_MarkSweepCompact], Time(%), 0.1842546063651591
[TOTAL_GCs], Count, 7
[TOTAL_GC_TIME], Time(ms), 43
[TOTAL_GC_TIME_%], Time(%), 0.7202680067001676
[CLEANUP], Operations, 1
[CLEANUP], AverageLatency(us), 2233344.0
[CLEANUP], MinLatency(us), 2232320
[CLEANUP], MaxLatency(us), 2234367
[CLEANUP], 95thPercentileLatency(us), 2234367
[CLEANUP], 99thPercentileLatency(us), 2234367
[INSERT], Operations, 2000
[INSERT], AverageLatency(us), 1116.6585
[INSERT], MinLatency(us), 717
[INSERT], MaxLatency(us), 28623
[INSERT], 95thPercentileLatency(us), 1596
[INSERT], 99thPercentileLatency(us), 4033
[INSERT], Return=OK, 2000
