[OVERALL], RunTime(ms), 8311
[OVERALL], Throughput(ops/sec), 601.6123210203345
[TOTAL_GCS_Copy], Count, 46
[TOTAL_GC_TIME_Copy], Time(ms), 270
[TOTAL_GC_TIME_%_Copy], Time(%), 3.2487065335098064
[TOTAL_GCS_MarkSweepCompact], Count, 3
[TOTAL_GC_TIME_MarkSweepCompact], Time(ms), 82
[TOTAL_GC_TIME_%_MarkSweepCompact], Time(%), 0.9866442064733485
[TOTAL_GCs], Count, 49
[TOTAL_GC_TIME], Time(ms), 352
[TOTAL_GC_TIME_%], Time(%), 4.235350739983155
[CLEANUP], Operations, 128
[CLEANUP], AverageLatency(us), 17386.2890625
[CLEANUP], MinLatency(us), 1
[CLEANUP], MaxLatency(us), 2226175
[CLEANUP], 95thPercentileLatency(us), 3
[CLEANUP], 99thPercentileLatency(us), 28
[INSERT], Operations, 234
[INSERT], AverageLatency(us), 118224.99572649572
[INSERT], MinLatency(us), 3404
[INSERT], MaxLatency(us), 1005055
[INSERT], 95thPercentileLatency(us), 215039
[INSERT], 99thPercentileLatency(us), 646655
[INSERT], Return=OK, 234
[SCAN], Operations, 4766
[SCAN], AverageLatency(us), 109080.55895929501
[SCAN], MinLatency(us), 3252
[SCAN], MaxLatency(us), 1031679
[SCAN], 95thPercentileLatency(us), 279807
[SCAN], 99thPercentileLatency(us), 766463
[SCAN], Return=OK, 4766
