[OVERALL], RunTime(ms), 4650
[OVERALL], Throughput(ops/sec), 215.05376344086022
[TOTAL_GCS_Copy], Count, 5
[TOTAL_GC_TIME_Copy], Time(ms), 26
[TOTAL_GC_TIME_%_Copy], Time(%), 0.5591397849462365
[TOTAL_GCS_MarkSweepCompact], Count, 1
[TOTAL_GC_TIME_MarkSweepCompact], Time(ms), 11
[TOTAL_GC_TIME_%_MarkSweepCompact], Time(%), 0.23655913978494625
[TOTAL_GCs], Count, 6
[TOTAL_GC_TIME], Time(ms), 37
[TOTAL_GC_TIME_%], Time(%), 0.7956989247311829
[READ], Operations, 954
[READ], AverageLatency(us), 14609.716981132075
[READ], MinLatency(us), 1066
[READ], MaxLatency(us), 172287
[READ], 95thPercentileLatency(us), 29455
[READ], 99thPercentileLatency(us), 100735
[READ], Return=OK, 954
[CLEANUP], Operations, 16
[CLEANUP], AverageLatency(us), 138817.25
[CLEANUP], MinLatency(us), 1
[CLEANUP], MaxLatency(us), 2222079
[CLEANUP], 95thPercentileLatency(us), 6
[CLEANUP], 99thPercentileLatency(us), 2222079
[UPDATE], Operations, 46
[UPDATE], AverageLatency(us), 25850.934782608696
[UPDATE], MinLatency(us), 2798
[UPDATE], MaxLatency(us), 149119
[UPDATE], 95thPercentileLatency(us), 81087
[UPDATE], 99thPercentileLatency(us), 149119
[UPDATE], Return=OK, 46
