[OVERALL], RunTime(ms), 15861
[OVERALL], Throughput(ops/sec), 126.09545425887397
[TOTAL_GCS_Copy], Count, 6
[TOTAL_GC_TIME_Copy], Time(ms), 32
[TOTAL_GC_TIME_%_Copy], Time(%), 0.20175272681419834
[TOTAL_GCS_MarkSweepCompact], Count, 1
[TOTAL_GC_TIME_MarkSweepCompact], Time(ms), 11
[TOTAL_GC_TIME_%_MarkSweepCompact], Time(%), 0.06935249984238068
[TOTAL_GCs], Count, 7
[TOTAL_GC_TIME], Time(ms), 43
[TOTAL_GC_TIME_%], Time(%), 0.271105226656579
[CLEANUP], Operations, 8
[CLEANUP], AverageLatency(us), 277379.25
[CLEANUP], MinLatency(us), 2
[CLEANUP], MaxLatency(us), 2220031
[CLEANUP], 95thPercentileLatency(us), 2220031
[CLEANUP], 99thPercentileLatency(us), 2220031
[INSERT], Operations, 2000
[INSERT], AverageLatency(us), 47350.545
[INSERT], MinLatency(us), 6828
[INSERT], MaxLatency(us), 130047
[INSERT], 95thPercentileLatency(us), 84799
[INSERT], 99thPercentileLatency(us), 100095
[INSERT], Return=OK, 2000
