[OVERALL], RunTime(ms), 9094
[OVERALL], Throughput(ops/sec), 219.92522542335607
[TOTAL_GCS_Copy], Count, 6
[TOTAL_GC_TIME_Copy], Time(ms), 31
[TOTAL_GC_TIME_%_Copy], Time(%), 0.3408840994062019
[TOTAL_GCS_MarkSweepCompact], Count, 1
[TOTAL_GC_TIME_MarkSweepCompact], Time(ms), 11
[TOTAL_GC_TIME_%_MarkSweepCompact], Time(%), 0.12095887398284584
[TOTAL_GCs], Count, 7
[TOTAL_GC_TIME], Time(ms), 42
[TOTAL_GC_TIME_%], Time(%), 0.46184297338904773
[CLEANUP], Operations, 8
[CLEANUP], AverageLatency(us), 278403.125
[CLEANUP], MinLatency(us), 2
[CLEANUP], MaxLatency(us), 2228223
[CLEANUP], 95thPercentileLatency(us), 2228223
[CLEANUP], 99thPercentileLatency(us), 2228223
[INSERT], Operations, 2000
[INSERT], AverageLatency(us), 21023.037
[INSERT], MinLatency(us), 2092
[INSERT], MaxLatency(us), 96063
[INSERT], 95thPercentileLatency(us), 48479
[INSERT], 99thPercentileLatency(us), 67903
[INSERT], Return=OK, 2000
