[OVERALL], RunTime(ms), 22855
[OVERALL], Throughput(ops/sec), 175.01640778823014
[TOTAL_GCS_Copy], Count, 6
[TOTAL_GC_TIME_Copy], Time(ms), 40
[TOTAL_GC_TIME_%_Copy], Time(%), 0.17501640778823016
[TOTAL_GCS_MarkSweepCompact], Count, 1
[TOTAL_GC_TIME_MarkSweepCompact], Time(ms), 18
[TOTAL_GC_TIME_%_MarkSweepCompact], Time(%), 0.07875738350470357
[TOTAL_GCs], Count, 7
[TOTAL_GC_TIME], Time(ms), 58
[TOTAL_GC_TIME_%], Time(%), 0.2537737912929337
[READ], Operations, 3804
[READ], AverageLatency(us), 1703.801261829653
[READ], MinLatency(us), 605
[READ], MaxLatency(us), 22399
[READ], 95thPercentileLatency(us), 2951
[READ], 99thPercentileLatency(us), 5087
[READ], Return=OK, 3804
[CLEANUP], Operations, 1
[CLEANUP], AverageLatency(us), 2225152.0
[CLEANUP], MinLatency(us), 2224128
[CLEANUP], MaxLatency(us), 2226175
[CLEANUP], 95thPercentileLatency(us), 2226175
[CLEANUP], 99thPercentileLatency(us), 2226175
[UPDATE], Operations, 196
[UPDATE], AverageLatency(us), 64533.0306122449
[UPDATE], MinLatency(us), 1965
[UPDATE], MaxLatency(us), 12042239
[UPDATE], 95thPercentileLatency(us), 5891
[UPDATE], 99thPercentileLatency(us), 10663
[UPDATE], Return=OK, 196
