[OVERALL], RunTime(ms), 23723
[OVERALL], Throughput(ops/sec), 84.30636934620411
[TOTAL_GCS_Copy], Count, 6
[TOTAL_GC_TIME_Copy], Time(ms), 32
[TOTAL_GC_TIME_%_Copy], Time(%), 0.13489019095392657
[TOTAL_GCS_MarkSweepCompact], Count, 1
[TOTAL_GC_TIME_MarkSweepCompact], Time(ms), 11
[TOTAL_GC_TIME_%_MarkSweepCompact], Time(%), 0.046368503140412264
[TOTAL_GCs], Count, 7
[TOTAL_GC_TIME], Time(ms), 43
[TOTAL_GC_TIME_%], Time(%), 0.1812586940943388
[CLEANUP], Operations, 4
[CLEANUP], AverageLatency(us), 556290.75
[CLEANUP], MinLatency(us), 1
[CLEANUP], MaxLatency(us), 2226175
[CLEANUP], 95thPercentileLatency(us), 2226175
[CLEANUP], 99thPercentileLatency(us), 2226175
[INSERT], Operations, 2000
[INSERT], AverageLatency(us), 39824.4295
[INSERT], MinLatency(us), 3492
[INSERT], MaxLatency(us), 116415
[INSERT], 95thPercentileLatency(us), 66751
[INSERT], 99thPercentileLatency(us), 87551
[INSERT], Return=OK, 2000
