[OVERALL], RunTime(ms), 9739
[OVERALL], Throughput(ops/sec), 205.35989321285552
[TOTAL_GCS_Copy], Count, 7
[TOTAL_GC_TIME_Copy], Time(ms), 37
[TOTAL_GC_TIME_%_Copy], Time(%), 0.3799158024437827
[TOTAL_GCS_MarkSweepCompact], Count, 1
[TOTAL_GC_TIME_MarkSweepCompact], Time(ms), 11
[TOTAL_GC_TIME_%_MarkSweepCompact], Time(%), 0.11294794126707054
[TOTAL_GCs], Count, 8
[TOTAL_GC_TIME], Time(ms), 48
[TOTAL_GC_TIME_%], Time(%), 0.4928637437108533
[CLEANUP], Operations, 16
[CLEANUP], AverageLatency(us), 139586.375
[CLEANUP], MinLatency(us), 1
[CLEANUP], MaxLatency(us), 2234367
[CLEANUP], 95thPercentileLatency(us), 7
[CLEANUP], 99thPercentileLatency(us), 2234367
[INSERT], Operations, 2000
[INSERT], AverageLatency(us), 46542.332
[INSERT], MinLatency(us), 18960
[INSERT], MaxLatency(us), 174719
[INSERT], 95thPercentileLatency(us), 87423
[INSERT], 99thPercentileLatency(us), 112895
[INSERT], Return=OK, 2000
