[OVERALL], RunTime(ms), 5187
[OVERALL], Throughput(ops/sec), 385.579332947754
[TOTAL_GCS_Copy], Count, 6
[TOTAL_GC_TIME_Copy], Time(ms), 34
[TOTAL_GC_TIME_%_Copy], Time(%), 0.6554848660111818
[TOTAL_GCS_MarkSweepCompact], Count, 1
[TOTAL_GC_TIME_MarkSweepCompact], Time(ms), 14
[TOTAL_GC_TIME_%_MarkSweepCompact], Time(%), 0.2699055330634278
[TOTAL_GCs], Count, 7
[TOTAL_GC_TIME], Time(ms), 48
[TOTAL_GC_TIME_%], Time(%), 0.9253903990746095
[READ], Operations, 2000
[READ], AverageLatency(us), 11515.1705
[READ], MinLatency(us), 819
[READ], MaxLatency(us), 137727
[READ], 95thPercentileLatency(us), 22911
[READ], 99thPercentileLatency(us), 36191
[READ], Return=OK, 2000
[CLEANUP], Operations, 16
[CLEANUP], AverageLatency(us), 138561.375
[CLEANUP], MinLatency(us), 1
[CLEANUP], MaxLatency(us), 2217983
[CLEANUP], 95thPercentileLatency(us), 5
[CLEANUP], 99thPercentileLatency(us), 2217983
