[OVERALL], RunTime(ms), 5502
[OVERALL], Throughput(ops/sec), 363.50418029807344
[TOTAL_GCS_Copy], Count, 11
[TOTAL_GC_TIME_Copy], Time(ms), 44
[TOTAL_GC_TIME_%_Copy], Time(%), 0.7997091966557615
[TOTAL_GCS_MarkSweepCompact], Count, 1
[TOTAL_GC_TIME_MarkSweepCompact], Time(ms), 14
[TOTAL_GC_TIME_%_MarkSweepCompact], Time(%), 0.2544529262086514
[TOTAL_GCs], Count, 12
[TOTAL_GC_TIME], Time(ms), 58
[TOTAL_GC_TIME_%], Time(%), 1.054162122864413
[CLEANUP], Operations, 128
[CLEANUP], AverageLatency(us), 17433.4375
[CLEANUP], MinLatency(us), 1
[CLEANUP], MaxLatency(us), 2232319
[CLEANUP], 95thPercentileLatency(us), 2
[CLEANUP], 99thPercentileLatency(us), 9
[INSERT], Operations, 2000
[INSERT], AverageLatency(us), 97950.138
[INSERT], MinLatency(us), 14872
[INSERT], MaxLatency(us), 747007
[INSERT], 95thPercentileLatency(us), 489215
[INSERT], 99thPercentileLatency(us), 676863
[INSERT], Return=OK, 2000
