[OVERALL], RunTime(ms), 21529
[OVERALL], Throughput(ops/sec), 278.69385480050164
[TOTAL_GCS_Copy], Count, 8
[TOTAL_GC_TIME_Copy], Time(ms), 37
[TOTAL_GC_TIME_%_Copy], Time(%), 0.17186121046030936
[TOTAL_GCS_MarkSweepCompact], Count, 1
[TOTAL_GC_TIME_MarkSweepCompact], Time(ms), 11
[TOTAL_GC_TIME_%_MarkSweepCompact], Time(%), 0.05109387338009197
[TOTAL_GCs], Count, 9
[TOTAL_GC_TIME], Time(ms), 48
[TOTAL_GC_TIME_%], Time(%), 0.2229550838404013
[READ], Operations, 5700
[READ], AverageLatency(us), 3934.4778947368422
[READ], MinLatency(us), 595
[READ], MaxLatency(us), 12075007
[READ], 95thPercentileLatency(us), 3183
[READ], 99thPercentileLatency(us), 4623
[READ], Return=OK, 5700
[CLEANUP], Operations, 2
[CLEANUP], AverageLatency(us), 1115651.5
[CLEANUP], MinLatency(us), 7
[CLEANUP], MaxLatency(us), 2232319
[CLEANUP], 95thPercentileLatency(us), 2232319
[CLEANUP], 99thPercentileLatency(us), 2232319
[UPDATE], Operations, 300
[UPDATE], AverageLatency(us), 43454.79666666667
[UPDATE], MinLatency(us), 1482
[UPDATE], MaxLatency(us), 12083199
[UPDATE], 95thPercentileLatency(us), 5367
[UPDATE], 99thPercentileLatency(us), 11359
[UPDATE], Return=OK, 300
