[OVERALL], RunTime(ms), 5233
[OVERALL], Throughput(ops/sec), 191.0949742021785
[TOTAL_GCS_Copy], Count, 4
[TOTAL_GC_TIME_Copy], Time(ms), 24
[TOTAL_GC_TIME_%_Copy], Time(%), 0.45862793808522834
[TOTAL_GCS_MarkSweepCompact], Count, 1
[TOTAL_GC_TIME_MarkSweepCompact], Time(ms), 11
[TOTAL_GC_TIME_%_MarkSweepCompact], Time(%), 0.21020447162239633
[TOTAL_GCs], Count, 5
[TOTAL_GC_TIME], Time(ms), 35
[TOTAL_GC_TIME_%], Time(%), 0.6688324097076247
[READ], Operations, 1000
[READ], AverageLatency(us), 5965.332
[READ], MinLatency(us), 896
[READ], MaxLatency(us), 58879
[READ], 95thPercentileLatency(us), 11527
[READ], 99thPercentileLatency(us), 13367
[READ], Return=OK, 1000
[CLEANUP], Operations, 4
[CLEANUP], AverageLatency(us), 555778.5
[CLEANUP], MinLatency(us), 2
[CLEANUP], MaxLatency(us), 2224127
[CLEANUP], 95thPercentileLatency(us), 2224127
[CLEANUP], 99thPercentileLatency(us), 2224127
