[OVERALL], RunTime(ms), 24381
[OVERALL], Throughput(ops/sec), 82.03108978302777
[TOTAL_GCS_Copy], Count, 6
[TOTAL_GC_TIME_Copy], Time(ms), 32
[TOTAL_GC_TIME_%_Copy], Time(%), 0.13124974365284442
[TOTAL_GCS_MarkSweepCompact], Count, 1
[TOTAL_GC_TIME_MarkSweepCompact], Time(ms), 12
[TOTAL_GC_TIME_%_MarkSweepCompact], Time(%), 0.049218653869816664
[TOTAL_GCs], Count, 7
[TOTAL_GC_TIME], Time(ms), 44
[TOTAL_GC_TIME_%], Time(%), 0.18046839752266108
[CLEANUP], Operations, 2
[CLEANUP], AverageLatency(us), 1113604.0
[CLEANUP], MinLatency(us), 8
[CLEANUP], MaxLatency(us), 2228223
[CLEANUP], 95thPercentileLatency(us), 2228223
[CLEANUP], 99thPercentileLatency(us), 2228223
[INSERT], Operations, 2000
[INSERT], AverageLatency(us), 20539.429
[INSERT], MinLatency(us), 2818
[INSERT], MaxLatency(us), 86591
[INSERT], 95thPercentileLatency(us), 46623
[INSERT], 99thPercentileLatency(us), 54975
[INSERT], Return=OK, 2000
