[OVERALL], RunTime(ms), 5909
[OVERALL], Throughput(ops/sec), 676.9334912844813
[TOTAL_GCS_Copy], Count, 12
[TOTAL_GC_TIME_Copy], Time(ms), 44
[TOTAL_GC_TIME_%_Copy], Time(%), 0.7446268404129294
[TOTAL_GCS_MarkSweepCompact], Count, 1
[TOTAL_GC_TIME_MarkSweepCompact], Time(ms), 12
[TOTAL_GC_TIME_%_MarkSweepCompact], Time(%), 0.2030800473853444
[TOTAL_GCs], Count, 13
[TOTAL_GC_TIME], Time(ms), 56
[TOTAL_GC_TIME_%], Time(%), 0.9477068877982738
[READ], Operations, 4000
[READ], AverageLatency(us), 65867.00725
[READ], MinLatency(us), 1621
[READ], MaxLatency(us), 695807
[READ], 95thPercentileLatency(us), 145023
[READ], 99thPercentileLatency(us), 607231
[READ], Return=OK, 4000
[CLEANUP], Operations, 128
[CLEANUP], AverageLatency(us), 17401.90625
[CLEANUP], MinLatency(us), 1
[CLEANUP], MaxLatency(us), 2228223
[CLEANUP], 95thPercentileLatency(us), 2
[CLEANUP], 99thPercentileLatency(us), 19
