[OVERALL], RunTime(ms), 6364
[OVERALL], Throughput(ops/sec), 314.26775612822127
[TOTAL_GCS_Copy], Count, 30
[TOTAL_GC_TIME_Copy], Time(ms), 67
[TOTAL_GC_TIME_%_Copy], Time(%), 1.0527969830295412
[TOTAL_GCS_MarkSweepCompact], Count, 1
[TOTAL_GC_TIME_MarkSweepCompact], Time(ms), 12
[TOTAL_GC_TIME_%_MarkSweepCompact], Time(%), 0.18856065367693275
[TOTAL_GCs], Count, 31
[TOTAL_GC_TIME], Time(ms), 79
[TOTAL_GC_TIME_%], Time(%), 1.2413576367064738
[CLEANUP], Operations, 32
[CLEANUP], AverageLatency(us), 69474.40625
[CLEANUP], MinLatency(us), 1
[CLEANUP], MaxLatency(us), 2224127
[CLEANUP], 95thPercentileLatency(us), 7
[CLEANUP], 99thPercentileLatency(us), 2224127
[INSERT], Operations, 109
[INSERT], AverageLatency(us), 52985.321100917434
[INSERT], MinLatency(us), 12864
[INSERT], MaxLatency(us), 269567
[INSERT], 95thPercentileLatency(us), 96383
[INSERT], 99thPercentileLatency(us), 174207
[INSERT], Return=OK, 109
[SCAN], Operations, 1891
[SCAN], AverageLatency(us), 38749.88577472237
[SCAN], MinLatency(us), 2636
[SCAN], MaxLatency(us), 332543
[SCAN], 95thPercentileLatency(us), 84991
[SCAN], 99thPercentileLatency(us), 223487
[SCAN], Return=OK, 1891
