[OVERALL], RunTime(ms), 6367
[OVERALL], Throughput(ops/sec), 314.1196795979268
[TOTAL_GCS_Copy], Count, 7
[TOTAL_GC_TIME_Copy], Time(ms), 35
[TOTAL_GC_TIME_%_Copy], Time(%), 0.549709439296372
[TOTAL_GCS_MarkSweepCompact], Count, 1
[TOTAL_GC_TIME_MarkSweepCompact], Time(ms), 11
[TOTAL_GC_TIME_%_MarkSweepCompact], Time(%), 0.17276582377885974
[TOTAL_GCs], Count, 8
[TOTAL_GC_TIME], Time(ms), 46
[TOTAL_GC_TIME_%], Time(%), 0.7224752630752317
[CLEANUP], Operations, 32
[CLEANUP], AverageLatency(us), 69473.90625
[CLEANUP], MinLatency(us), 1
[CLEANUP], MaxLatency(us), 2224127
[CLEANUP], 95thPercentileLatency(us), 3
[CLEANUP], 99thPercentileLatency(us), 2224127
[INSERT], Operations, 2000
[INSERT], AverageLatency(us), 40759.382
[INSERT], MinLatency(us), 9160
[INSERT], MaxLatency(us), 255231
[INSERT], 95thPercentileLatency(us), 58303
[INSERT], 99thPercentileLatency(us), 214271
[INSERT], Return=OK, 2000
