[OVERALL], RunTime(ms), 13698
[OVERALL], Throughput(ops/sec), 146.00671630895022
[TOTAL_GCS_Copy], Count, 6
[TOTAL_GC_TIME_Copy], Time(ms), 39
[TOTAL_GC_TIME_%_Copy], Time(%), 0.28471309680245294
[TOTAL_GCS_MarkSweepCompact], Count, 1
[TOTAL_GC_TIME_MarkSweepCompact], Time(ms), 14
[TOTAL_GC_TIME_%_MarkSweepCompact], Time(%), 0.10220470141626514
[TOTAL_GCs], Count, 7
[TOTAL_GC_TIME], Time(ms), 53
[TOTAL_GC_TIME_%], Time(%), 0.3869177982187181
[CLEANUP], Operations, 4
[CLEANUP], AverageLatency(us), 554755.5
[CLEANUP], MinLatency(us), 3
[CLEANUP], MaxLatency(us), 2220031
[CLEANUP], 95thPercentileLatency(us), 2220031
[CLEANUP], 99thPercentileLatency(us), 2220031
[INSERT], Operations, 2000
[INSERT], AverageLatency(us), 19844.654
[INSERT], MinLatency(us), 1859
[INSERT], MaxLatency(us), 83007
[INSERT], 95thPercentileLatency(us), 47231
[INSERT], 99thPercentileLatency(us), 58975
[INSERT], Return=OK, 2000
