[OVERALL], RunTime(ms), 29261
[OVERALL], Throughput(ops/sec), 102.52554594853217
[TOTAL_GCS_Copy], Count, 41
[TOTAL_GC_TIME_Copy], Time(ms), 67
[TOTAL_GC_TIME_%_Copy], Time(%), 0.2289737192850552
[TOTAL_GCS_MarkSweepCompact], Count, 1
[TOTAL_GC_TIME_MarkSweepCompact], Time(ms), 11
[TOTAL_GC_TIME_%_MarkSweepCompact], Time(%), 0.037592700181128466
[TOTAL_GCs], Count, 42
[TOTAL_GC_TIME], Time(ms), 78
[TOTAL_GC_TIME_%], Time(%), 0.26656641946618365
[CLEANUP], Operations, 2
[CLEANUP], AverageLatency(us), 1113604.5
[CLEANUP], MinLatency(us), 9
[CLEANUP], MaxLatency(us), 2228223
[CLEANUP], 95thPercentileLatency(us), 2228223
[CLEANUP], 99thPercentileLatency(us), 2228223
[INSERT], Operations, 155
[INSERT], AverageLatency(us), 33504.903225806454
[INSERT], MinLatency(us), 9528
[INSERT], MaxLatency(us), 68927
[INSERT], 95thPercentileLatency(us), 43423
[INSERT], 99thPercentileLatency(us), 45919
[INSERT], Return=OK, 155
[SCAN], Operations, 2845
[SCAN], AverageLatency(us), 15873.749736379614
[SCAN], MinLatency(us), 1295
[SCAN], MaxLatency(us), 95295
[SCAN], 95thPercentileLatency(us), 25423
[SCAN], 99thPercentileLatency(us), 38655
[SCAN], Return=OK, 2845
