[OVERALL], RunTime(ms), 7540
[OVERALL], Throughput(ops/sec), 530.5039787798408
[TOTAL_GCS_Copy], Count, 59
[TOTAL_GC_TIME_Copy], Time(ms), 128
[TOTAL_GC_TIME_%_Copy], Time(%), 1.6976127320954906
[TOTAL_GCS_MarkSweepCompact], Count, 1
[TOTAL_GC_TIME_MarkSweepCompact], Time(ms), 12
[TOTAL_GC_TIME_%_MarkSweepCompact], Time(%), 0.15915119363395225
[TOTAL_GCs], Count, 60
[TOTAL_GC_TIME], Time(ms), 140
[TOTAL_GC_TIME_%], Time(%), 1.8567639257294428
[CLEANUP], Operations, 64
[CLEANUP], AverageLatency(us), 34834.328125
[CLEANUP], MinLatency(us), 1
[CLEANUP], MaxLatency(us), 2230271
[CLEANUP], 95thPercentileLatency(us), 7
[CLEANUP], 99thPercentileLatency(us), 18
[INSERT], Operations, 191
[INSERT], AverageLatency(us), 69675.51832460733
[INSERT], MinLatency(us), 13448
[INSERT], MaxLatency(us), 502271
[INSERT], 95thPercentileLatency(us), 136447
[INSERT], 99thPercentileLatency(us), 311551
[INSERT], Return=OK, 191
[SCAN], Operations, 3809
[SCAN], AverageLatency(us), 57387.15804673143
[SCAN], MinLatency(us), 2800
[SCAN], MaxLatency(us), 588287
[SCAN], 95thPercentileLatency(us), 142079
[SCAN], 99thPercentileLatency(us), 389631
[SCAN], Return=OK, 3809
