[OVERALL], RunTime(ms), 5576
[OVERALL], Throughput(ops/sec), 358.6800573888092
[TOTAL_GCS_Copy], Count, 8
[TOTAL_GC_TIME_Copy], Time(ms), 39
[TOTAL_GC_TIME_%_Copy], Time(%), 0.6994261119081779
[TOTAL_GCS_MarkSweepCompact], Count, 1
[TOTAL_GC_TIME_MarkSweepCompact], Time(ms), 15
[TOTAL_GC_TIME_%_MarkSweepCompact], Time(%), 0.2690100430416069
[TOTAL_GCs], Count, 9
[TOTAL_GC_TIME], Time(ms), 54
[TOTAL_GC_TIME_%], Time(%), 0.9684361549497847
[CLEANUP], Operations, 64
[CLEANUP], AverageLatency(us), 34737.65625
[CLEANUP], MinLatency(us), 1
[CLEANUP], MaxLatency(us), 2224127
[CLEANUP], 95thPercentileLatency(us), 3
[CLEANUP], 99thPercentileLatency(us), 8
[INSERT], Operations, 2000
[INSERT], AverageLatency(us), 56243.328
[INSERT], MinLatency(us), 20096
[INSERT], MaxLatency(us), 415743
[INSERT], 95thPercentileLatency(us), 84927
[INSERT], 99thPercentileLatency(us), 347903
[INSERT], Return=OK, 2000
