[OVERALL], RunTime(ms), 5498
[OVERALL], Throughput(ops/sec), 363.7686431429611
[TOTAL_GCS_Copy], Count, 7
[TOTAL_GC_TIME_Copy], Time(ms), 35
[TOTAL_GC_TIME_%_Copy], Time(%), 0.6365951255001819
[TOTAL_GCS_MarkSweepCompact], Count, 1
[TOTAL_GC_TIME_MarkSweepCompact], Time(ms), 12
[TOTAL_GC_TIME_%_MarkSweepCompact], Time(%), 0.21826118588577662
[TOTAL_GCs], Count, 8
[TOTAL_GC_TIME], Time(ms), 47
[TOTAL_GC_TIME_%], Time(%), 0.8548563113859585
[CLEANUP], Operations, 16
[CLEANUP], AverageLatency(us), 139201.6875
[CLEANUP], MinLatency(us), 1
[CLEANUP], MaxLatency(us), 2228223
[CLEANUP], 95thPercentileLatency(us), 6
[CLEANUP], 99thPercentileLatency(us), 2228223
[INSERT], Operations, 2000
[INSERT], AverageLatency(us), 13236.961
[INSERT], MinLatency(us), 4732
[INSERT], MaxLatency(us), 160895
[INSERT], 95thPercentileLatency(us), 26191
[INSERT], 99thPercentileLatency(us), 45183
[INSERT], Return=OK, 2000
