[OVERALL], RunTime(ms), 9885
[OVERALL], Throughput(ops/sec), 606.9802731411229
[TOTAL_GCS_Copy], Count, 8
[TOTAL_GC_TIME_Copy], Time(ms), 37
[TOTAL_GC_TIME_%_Copy], Time(%), 0.3743045017703591
[TOTAL_GCS_MarkSweepCompact], Count, 1
[TOTAL_GC_TIME_MarkSweepCompact], Time(ms), 11
[TOTAL_GC_TIME_%_MarkSweepCompact], Time(%), 0.1112797167425392
[TOTAL_GCs], Count, 9
[TOTAL_GC_TIME], Time(ms), 48
[TOTAL_GC_TIME_%], Time(%), 0.48558421851289835
[READ], Operations, 5711
[READ], AverageLatency(us), 14497.91770267904
[READ], MinLatency(us), 780
[READ], MaxLatency(us), 172415
[READ], 95thPercentileLatency(us), 21567
[READ], 99thPercentileLatency(us), 29439
[READ], Return=OK, 5711
[CLEANUP], Operations, 16
[CLEANUP], AverageLatency(us), 139202.6875
[CLEANUP], MinLatency(us), 1
[CLEANUP], MaxLatency(us), 2228223
[CLEANUP], 95thPercentileLatency(us), 8
[CLEANUP], 99thPercentileLatency(us), 2228223
[INSERT], Operations, 289
[INSERT], AverageLatency(us), 39552.94117647059
[INSERT], MinLatency(us), 21312
[INSERT], MaxLatency(us), 151679
[INSERT], 95thPercentileLatency(us), 69503
[INSERT], 99thPercentileLatency(us), 81279
[INSERT], Return=OK, 289
