[OVERALL], RunTime(ms), 5290
[OVERALL], Throughput(ops/sec), 378.0718336483932
[TOTAL_GCS_Copy], Count, 7
[TOTAL_GC_TIME_Copy], Time(ms), 40
[TOTAL_GC_TIME_%_Copy], Time(%), 0.7561436672967864
[TOTAL_GCS_MarkSweepCompact], Count, 1
[TOTAL_GC_TIME_MarkSweepCompact], Time(ms), 11
[TOTAL_GC_TIME_%_MarkSweepCompact], Time(%), 0.20793950850661624
[TOTAL_GCs], Count, 8
[TOTAL_GC_TIME], Time(ms), 51
[TOTAL_GC_TIME_%], Time(%), 0.9640831758034027
[CLEANUP], Operations, 32
[CLEANUP], AverageLatency(us), 69729.34375
[CLEANUP], MinLatency(us), 1
[CLEANUP], MaxLatency(us), 2232319
[CLEANUP], 95thPercentileLatency(us), 2
[CLEANUP], 99thPercentileLatency(us), 2232319
[INSERT], Operations, 2000
[INSERT], AverageLatency(us), 24226.0335
[INSERT], MinLatency(us), 3892
[INSERT], MaxLatency(us), 274687
[INSERT], 95thPercentileLatency(us), 47103
[INSERT], 99thPercentileLatency(us), 205183
[INSERT], Return=OK, 2000
