[OVERALL], RunTime(ms), 10818
[OVERALL], Throughput(ops/sec), 462.19264189314106
[TOTAL_GCS_Copy], Count, 7
[TOTAL_GC_TIME_Copy], Time(ms), 33
[TOTAL_GC_TIME_%_Copy], Time(%), 0.3050471436494731
[TOTAL_GCS_MarkSweepCompact], Count, 1
[TOTAL_GC_TIME_MarkSweepCompact], Time(ms), 14
[TOTAL_GC_TIME_%_MarkSweepCompact], Time(%), 0.1294139397300795
[TOTAL_GCs], Count, 8
[TOTAL_GC_TIME], Time(ms), 47
[TOTAL_GC_TIME_%], Time(%), 0.43446108337955264
[READ], Operations, 5000
[READ], AverageLatency(us), 5621.361
[READ], MinLatency(us), 787
[READ], MaxLatency(us), 53439
[READ], 95thPercentileLatency(us), 11207
[READ], 99thPercentileLatency(us), 14519
[READ], Return=OK, 5000
[CLEANUP], Operations, 4
[CLEANUP], AverageLatency(us), 556291.5
[CLEANUP], MinLatency(us), 3
[CLEANUP], MaxLatency(us), 2226175
[CLEANUP], 95thPercentileLatency(us), 2226175
[CLEANUP], 99thPercentileLatency(us), 2226175
