[OVERALL], RunTime(ms), 14019
[OVERALL], Throughput(ops/sec), 142.66352806904914
[TOTAL_GCS_Copy], Count, 6
[TOTAL_GC_TIME_Copy], Time(ms), 32
[TOTAL_GC_TIME_%_Copy], Time(%), 0.22826164491047862
[TOTAL_GCS_MarkSweepCompact], Count, 1
[TOTAL_GC_TIME_MarkSweepCompact], Time(ms), 11
[TOTAL_GC_TIME_%_MarkSweepCompact], Time(%), 0.07846494043797704
[TOTAL_GCs], Count, 7
[TOTAL_GC_TIME], Time(ms), 43
[TOTAL_GC_TIME_%], Time(%), 0.30672658534845565
[CLEANUP], Operations, 4
[CLEANUP], AverageLatency(us), 557315.5
[CLEANUP], MinLatency(us), 3
[CLEANUP], MaxLatency(us), 2230271
[CLEANUP], 95thPercentileLatency(us), 2230271
[CLEANUP], 99thPercentileLatency(us), 2230271
[INSERT], Operations, 2000
[INSERT], AverageLatency(us), 20409.524
[INSERT], MinLatency(us), 1445
[INSERT], MaxLatency(us), 87423
[INSERT], 95thPercentileLatency(us), 46079
[INSERT], 99thPercentileLatency(us), 53663
[INSERT], Return=OK, 2000
