[OVERALL], RunTime(ms), 6325
[OVERALL], Throughput(ops/sec), 790.5138339920949
[TOTAL_GCS_Copy], Count, 10
[TOTAL_GC_TIME_Copy], Time(ms), 40
[TOTAL_GC_TIME_%_Copy], Time(%), 0.6324110671936759
[TOTAL_GCS_MarkSweepCompact], Count, 1
[TOTAL_GC_TIME_MarkSweepCompact], Time(ms), 11
[TOTAL_GC_TIME_%_MarkSweepCompact], Time(%), 0.17391304347826086
[TOTAL_GCs], Count, 11
[TOTAL_GC_TIME], Time(ms), 51
[TOTAL_GC_TIME_%], Time(%), 0.8063241106719368
[READ], Operations, 4722
[READ], AverageLatency(us), 29366.64548919949
[READ], MinLatency(us), 869
[READ], MaxLatency(us), 387839
[READ], 95thPercentileLatency(us), 63071
[READ], 99thPercentileLatency(us), 281343
[READ], Return=OK, 4722
[CLEANUP], Operations, 64
[CLEANUP], AverageLatency(us), 34801.6875
[CLEANUP], MinLatency(us), 1
[CLEANUP], MaxLatency(us), 2228223
[CLEANUP], 95thPercentileLatency(us), 3
[CLEANUP], 99thPercentileLatency(us), 8
[INSERT], Operations, 278
[INSERT], AverageLatency(us), 62031.22302158274
[INSERT], MinLatency(us), 23120
[INSERT], MaxLatency(us), 366847
[INSERT], 95thPercentileLatency(us), 101055
[INSERT], 99thPercentileLatency(us), 296703
[INSERT], Return=OK, 278
