[OVERALL], RunTime(ms), 6016
[OVERALL], Throughput(ops/sec), 831.1170212765958
[TOTAL_GCS_Copy], Count, 9
[TOTAL_GC_TIME_Copy], Time(ms), 40
[TOTAL_GC_TIME_%_Copy], Time(%), 0.6648936170212766
[TOTAL_GCS_MarkSweepCompact], Count, 1
[TOTAL_GC_TIME_MarkSweepCompact], Time(ms), 12
[TOTAL_GC_TIME_%_MarkSweepCompact], Time(%), 0.19946808510638298
[TOTAL_GCs], Count, 10
[TOTAL_GC_TIME], Time(ms), 52
[TOTAL_GC_TIME_%], Time(%), 0.8643617021276596
[READ], Operations, 4728
[READ], AverageLatency(us), 28136.649957698817
[READ], MinLatency(us), 932
[READ], MaxLatency(us), 430591
[READ], 95thPercentileLatency(us), 73855
[READ], 99thPercentileLatency(us), 269567
[READ], Return=OK, 4728
[CLEANUP], Operations, 64
[CLEANUP], AverageLatency(us), 34801.578125
[CLEANUP], MinLatency(us), 1
[CLEANUP], MaxLatency(us), 2228223
[CLEANUP], 95thPercentileLatency(us), 2
[CLEANUP], 99thPercentileLatency(us), 6
[UPDATE], Operations, 272
[UPDATE], AverageLatency(us), 42393.10294117647
[UPDATE], MinLatency(us), 3034
[UPDATE], MaxLatency(us), 430079
[UPDATE], 95thPercentileLatency(us), 183039
[UPDATE], 99thPercentileLatency(us), 337919
[UPDATE], Return=OK, 272
