[OVERALL], RunTime(ms), 5581
[OVERALL], Throughput(ops/sec), 537.5380756136893
[TOTAL_GCS_Copy], Count, 11
[TOTAL_GC_TIME_Copy], Time(ms), 42
[TOTAL_GC_TIME_%_Copy], Time(%), 0.752553305859165
[TOTAL_GCS_MarkSweepCompact], Count, 1
[TOTAL_GC_TIME_MarkSweepCompact], Time(ms), 12
[TOTAL_GC_TIME_%_MarkSweepCompact], Time(%), 0.21501523024547572
[TOTAL_GCs], Count, 12
[TOTAL_GC_TIME], Time(ms), 54
[TOTAL_GC_TIME_%], Time(%), 0.9675685361046408
[READ], Operations, 2836
[READ], AverageLatency(us), 75536.18300423131
[READ], MinLatency(us), 946
[READ], MaxLatency(us), 745983
[READ], 95thPercentileLatency(us), 164223
[READ], 99thPercentileLatency(us), 646143
[READ], Return=OK, 2836
[CLEANUP], Operations, 128
[CLEANUP], AverageLatency(us), 17433.1640625
[CLEANUP], MinLatency(us), 1
[CLEANUP], MaxLatency(us), 2232319
[CLEANUP], 95thPercentileLatency(us), 2
[CLEANUP], 99thPercentileLatency(us), 6
[UPDATE], Operations, 164
[UPDATE], AverageLatency(us), 88292.84756097561
[UPDATE], MinLatency(us), 2744
[UPDATE], MaxLatency(us), 712703
[UPDATE], 95thPercentileLatency(us), 333055
[UPDATE], 99thPercentileLatency(us), 665599
[UPDATE], Return=OK, 164
