[OVERALL], RunTime(ms), 5267
[OVERALL], Throughput(ops/sec), 379.7228023542814
[TOTAL_GCS_Copy], Count, 7
[TOTAL_GC_TIME_Copy], Time(ms), 36
[TOTAL_GC_TIME_%_Copy], Time(%), 0.6835010442377064
[TOTAL_GCS_MarkSweepCompact], Count, 1
[TOTAL_GC_TIME_MarkSweepCompact], Time(ms), 12
[TOTAL_GC_TIME_%_MarkSweepCompact], Time(%), 0.2278336814125688
[TOTAL_GCs], Count, 8
[TOTAL_GC_TIME], Time(ms), 48
[TOTAL_GC_TIME_%], Time(%), 0.9113347256502752
[CLEANUP], Operations, 32
[CLEANUP], AverageLatency(us), 69921.28125
[CLEANUP], MinLatency(us), 1
[CLEANUP], MaxLatency(us), 2238463
[CLEANUP], 95thPercentileLatency(us), 2
[CLEANUP], 99thPercentileLatency(us), 2238463
[INSERT], Operations, 2000
[INSERT], AverageLatency(us), 23909.612
[INSERT], MinLatency(us), 2578
[INSERT], MaxLatency(us), 244479
[INSERT], 95thPercentileLatency(us), 49631
[INSERT], 99thPercentileLatency(us), 208639
[INSERT], Return=OK, 2000
