[OVERALL], RunTime(ms), 5722
[OVERALL], Throughput(ops/sec), 349.5281370150297
[TOTAL_GCS_Copy], Count, 7
[TOTAL_GC_TIME_Copy], Time(ms), 35
[TOTAL_GC_TIME_%_Copy], Time(%), 0.611674239776302
[TOTAL_GCS_MarkSweepCompact], Count, 1
[TOTAL_GC_TIME_MarkSweepCompact], Time(ms), 14
[TOTAL_GC_TIME_%_MarkSweepCompact], Time(%), 0.2446696959105208
[TOTAL_GCs], Count, 8
[TOTAL_GC_TIME], Time(ms), 49
[TOTAL_GC_TIME_%], Time(%), 0.8563439356868229
[CLEANUP], Operations, 16
[CLEANUP], AverageLatency(us), 139714.25
[CLEANUP], MinLatency(us), 1
[CLEANUP], MaxLatency(us), 2236415
[CLEANUP], 95thPercentileLatency(us), 6
[CLEANUP], 99thPercentileLatency(us), 2236415
[INSERT], Operations, 2000
[INSERT], AverageLatency(us), 14455.553
[INSERT], MinLatency(us), 2282
[INSERT], MaxLatency(us), 132735
[INSERT], 95thPercentileLatency(us), 38303
[INSERT], 99thPercentileLatency(us), 50911
[INSERT], Return=OK, 2000
