[OVERALL], RunTime(ms), 5921
[OVERALL], Throughput(ops/sec), 675.5615605472049
[TOTAL_GCS_Copy], Count, 7
[TOTAL_GC_TIME_Copy], Time(ms), 33
[TOTAL_GC_TIME_%_Copy], Time(%), 0.557338287451444
[TOTAL_GCS_MarkSweepCompact], Count, 1
[TOTAL_GC_TIME_MarkSweepCompact], Time(ms), 11
[TOTAL_GC_TIME_%_MarkSweepCompact], Time(%), 0.18577942915048135
[TOTAL_GCs], Count, 8
[TOTAL_GC_TIME], Time(ms), 44
[TOTAL_GC_TIME_%], Time(%), 0.7431177166019254
[READ], Operations, 4000
[READ], AverageLatency(us), 8919.3325
[READ], MinLatency(us), 912
[READ], MaxLatency(us), 149887
[READ], 95thPercentileLatency(us), 20223
[READ], 99thPercentileLatency(us), 30799
[READ], Return=OK, 4000
[CLEANUP], Operations, 16
[CLEANUP], AverageLatency(us), 139202.375
[CLEANUP], MinLatency(us), 1
[CLEANUP], MaxLatency(us), 2228223
[CLEANUP], 95thPercentileLatency(us), 8
[CLEANUP], 99thPercentileLatency(us), 2228223
