[OVERALL], RunTime(ms), 34471
[OVERALL], Throughput(ops/sec), 58.01978474659859
[TOTAL_GCS_Copy], Count, 6
[TOTAL_GC_TIME_Copy], Time(ms), 36
[TOTAL_GC_TIME_%_Copy], Time(%), 0.10443561254387745
[TOTAL_GCS_MarkSweepCompact], Count, 1
[TOTAL_GC_TIME_MarkSweepCompact], Time(ms), 11
[TOTAL_GC_TIME_%_MarkSweepCompact], Time(%), 0.03191088161062923
[TOTAL_GCs], Count, 7
[TOTAL_GC_TIME], Time(ms), 47
[TOTAL_GC_TIME_%], Time(%), 0.1363464941545067
[CLEANUP], Operations, 1
[CLEANUP], AverageLatency(us), 2223104.0
[CLEANUP], MinLatency(us), 2222080
[CLEANUP], MaxLatency(us), 2224127
[CLEANUP], 95thPercentileLatency(us), 2224127
[CLEANUP], 99thPercentileLatency(us), 2224127
[INSERT], Operations, 2000
[INSERT], AverageLatency(us), 15380.48
[INSERT], MinLatency(us), 1424
[INSERT], MaxLatency(us), 48383
[INSERT], 95thPercentileLatency(us), 42239
[INSERT], 99thPercentileLatency(us), 43967
[INSERT], Return=OK, 2000
