[OVERALL], RunTime(ms), 8857
[OVERALL], Throughput(ops/sec), 451.6201874223778
[TOTAL_GCS_Copy], Count, 6
[TOTAL_GC_TIME_Copy], Time(ms), 40
[TOTAL_GC_TIME_%_Copy], Time(%), 0.45162018742237775
[TOTAL_GCS_MarkSweepCompact], Count, 1
[TOTAL_GC_TIME_MarkSweepCompact], Time(ms), 11
[TOTAL_GC_TIME_%_MarkSweepCompact], Time(%), 0.12419555154115389
[TOTAL_GCs], Count, 7
[TOTAL_GC_TIME], Time(ms), 51
[TOTAL_GC_TIME_%], Time(%), 0.5758157389635317
[READ], Operations, 2011
[READ], AverageLatency(us), 3444.1944306315268
[READ], MinLatency(us), 729
[READ], MaxLatency(us), 60255
[READ], 95thPercentileLatency(us), 5427
[READ], 99thPercentileLatency(us), 8103
[READ], Return=OK, 2011
[CLEANUP], Operations, 4
[CLEANUP], AverageLatency(us), 557316.5
[CLEANUP], MinLatency(us), 2
[CLEANUP], MaxLatency(us), 2230271
[CLEANUP], 95thPercentileLatency(us), 2230271
[CLEANUP], 99thPercentileLatency(us), 2230271
[UPDATE], Operations, 1989
[UPDATE], AverageLatency(us), 6760.749622926093
[UPDATE], MinLatency(us), 1990
[UPDATE], MaxLatency(us), 59903
[UPDATE], 95thPercentileLatency(us), 8871
[UPDATE], 99thPercentileLatency(us), 11839
[UPDATE], Return=OK, 1989
