[OVERALL], RunTime(ms), 4686
[OVERALL], Throughput(ops/sec), 213.4016218523261
[TOTAL_GCS_Copy], Count, 7
[TOTAL_GC_TIME_Copy], Time(ms), 33
[TOTAL_GC_TIME_%_Copy], Time(%), 0.7042253521126761
[TOTAL_GCS_MarkSweepCompact], Count, 1
[TOTAL_GC_TIME_MarkSweepCompact], Time(ms), 11
[TOTAL_GC_TIME_%_MarkSweepCompact], Time(%), 0.2347417840375587
[TOTAL_GCs], Count, 8
[TOTAL_GC_TIME], Time(ms), 44
[TOTAL_GC_TIME_%], Time(%), 0.9389671361502347
[READ], Operations, 506
[READ], AverageLatency(us), 57634.44664031621
[READ], MinLatency(us), 1659
[READ], MaxLatency(us), 419071
[READ], 95thPercentileLatency(us), 283903
[READ], 99thPercentileLatency(us), 410623
[READ], Return=OK, 506
[CLEANUP], Operations, 64
[CLEANUP], AverageLatency(us), 34769.203125
[CLEANUP], MinLatency(us), 1
[CLEANUP], MaxLatency(us), 2226175
[CLEANUP], 95thPercentileLatency(us), 2
[CLEANUP], 99thPercentileLatency(us), 7
[UPDATE], Operations, 494
[UPDATE], AverageLatency(us), 64518.3036437247
[UPDATE], MinLatency(us), 5284
[UPDATE], MaxLatency(us), 435455
[UPDATE], 95thPercentileLatency(us), 269567
[UPDATE], 99thPercentileLatency(us), 416511
[UPDATE], Return=OK, 494
