[OVERALL], RunTime(ms), 8091
[OVERALL], Throughput(ops/sec), 617.9705846001731
[TOTAL_GCS_Copy], Count, 7
[TOTAL_GC_TIME_Copy], Time(ms), 34
[TOTAL_GC_TIME_%_Copy], Time(%), 0.4202199975281176
[TOTAL_GCS_MarkSweepCompact], Count, 1
[TOTAL_GC_TIME_MarkSweepCompact], Time(ms), 11
[TOTAL_GC_TIME_%_MarkSweepCompact], Time(%), 0.13595352861203808
[TOTAL_GCs], Count, 8
[TOTAL_GC_TIME], Time(ms), 45
[TOTAL_GC_TIME_%], Time(%), 0.5561735261401557
[READ], Operations, 2476
[READ], AverageLatency(us), 765.252423263328
[READ], MinLatency(us), 480
[READ], MaxLatency(us), 32207
[READ], 95thPercentileLatency(us), 1231
[READ], 99thPercentileLatency(us), 3185
[READ], Return=OK, 2476
[CLEANUP], Operations, 1
[CLEANUP], AverageLatency(us), 2231296.0
[CLEANUP], MinLatency(us), 2230272
[CLEANUP], MaxLatency(us), 2232319
[CLEANUP], 95thPercentileLatency(us), 2232319
[CLEANUP], 99thPercentileLatency(us), 2232319
[UPDATE], Operations, 2524
[UPDATE], AverageLatency(us), 949.1604595879556
[UPDATE], MinLatency(us), 631
[UPDATE], MaxLatency(us), 8743
[UPDATE], 95thPercentileLatency(us), 1319
[UPDATE], 99thPercentileLatency(us), 3919
[UPDATE], Return=OK, 2524
