[OVERALL], RunTime(ms), 66466
[OVERALL], Throughput(ops/sec), 90.27171787079108
[TOTAL_GCS_Copy], Count, 79
[TOTAL_GC_TIME_Copy], Time(ms), 102
[TOTAL_GC_TIME_%_Copy], Time(%), 0.15346192038034484
[TOTAL_GCS_MarkSweepCompact], Count, 1
[TOTAL_GC_TIME_MarkSweepCompact], Time(ms), 11
[TOTAL_GC_TIME_%_MarkSweepCompact], Time(%), 0.016549814942978365
[TOTAL_GCs], Count, 80
[TOTAL_GC_TIME], Time(ms), 113
[TOTAL_GC_TIME_%], Time(%), 0.1700117353233232
[CLEANUP], Operations, 2
[CLEANUP], AverageLatency(us), 1110531.5
[CLEANUP], MinLatency(us), 7
[CLEANUP], MaxLatency(us), 2222079
[CLEANUP], 95thPercentileLatency(us), 2222079
[CLEANUP], 99thPercentileLatency(us), 2222079
[INSERT], Operations, 306
[INSERT], AverageLatency(us), 33615.751633986925
[INSERT], MinLatency(us), 10600
[INSERT], MaxLatency(us), 44575
[INSERT], 95thPercentileLatency(us), 43391
[INSERT], 99thPercentileLatency(us), 44159
[INSERT], Return=OK, 306
[SCAN], Operations, 5694
[SCAN], AverageLatency(us), 20113.026343519494
[SCAN], MinLatency(us), 1328
[SCAN], MaxLatency(us), 12148735
[SCAN], 95thPercentileLatency(us), 25615
[SCAN], 99thPercentileLatency(us), 38783
[SCAN], Return=OK, 5694
