[OVERALL], RunTime(ms), 4866
[OVERALL], Throughput(ops/sec), 205.5076037813399
[TOTAL_GCS_Copy], Count, 6
[TOTAL_GC_TIME_Copy], Time(ms), 32
[TOTAL_GC_TIME_%_Copy], Time(%), 0.6576243321002877
[TOTAL_GCS_MarkSweepCompact], Count, 1
[TOTAL_GC_TIME_MarkSweepCompact], Time(ms), 12
[TOTAL_GC_TIME_%_MarkSweepCompact], Time(%), 0.2466091245376079
[TOTAL_GCs], Count, 7
[TOTAL_GC_TIME], Time(ms), 44
[TOTAL_GC_TIME_%], Time(%), 0.9042334566378957
[READ], Operations, 940
[READ], AverageLatency(us), 30089.66063829787
[READ], MinLatency(us), 2694
[READ], MaxLatency(us), 226303
[READ], 95thPercentileLatency(us), 53695
[READ], 99thPercentileLatency(us), 203263
[READ], Return=OK, 940
[CLEANUP], Operations, 32
[CLEANUP], AverageLatency(us), 69537.4375
[CLEANUP], MinLatency(us), 1
[CLEANUP], MaxLatency(us), 2226175
[CLEANUP], 95thPercentileLatency(us), 2
[CLEANUP], 99thPercentileLatency(us), 2226175
[INSERT], Operations, 60
[INSERT], AverageLatency(us), 52659.333333333336
[INSERT], MinLatency(us), 24336
[INSERT], MaxLatency(us), 175999
[INSERT], 95thPercentileLatency(us), 123135
[INSERT], 99thPercentileLatency(us), 157055
[INSERT], Return=OK, 60
