[OVERALL], RunTime(ms), 17823
[OVERALL], Throughput(ops/sec), 56.10727711384167
[TOTAL_GCS_Copy], Count, 5
[TOTAL_GC_TIME_Copy], Time(ms), 29
[TOTAL_GC_TIME_%_Copy], Time(%), 0.16271110363014082
[TOTAL_GCS_MarkSweepCompact], Count, 1
[TOTAL_GC_TIME_MarkSweepCompact], Time(ms), 11
[TOTAL_GC_TIME_%_MarkSweepCompact], Time(%), 0.06171800482522584
[TOTAL_GCs], Count, 6
[TOTAL_GC_TIME], Time(ms), 40
[TOTAL_GC_TIME_%], Time(%), 0.22442910845536665
[READ], Operations, 960
[READ], AverageLatency(us), 102731.7125
[READ], MinLatency(us), 1544
[READ], MaxLatency(us), 12214271
[READ], 95thPercentileLatency(us), 21903
[READ], 99thPercentileLatency(us), 32511
[READ], Return=OK, 960
[CLEANUP], Operations, 8
[CLEANUP], AverageLatency(us), 278914.75
[CLEANUP], MinLatency(us), 1
[CLEANUP], MaxLatency(us), 2232319
[CLEANUP], 95thPercentileLatency(us), 2232319
[CLEANUP], 99thPercentileLatency(us), 2232319
[INSERT], Operations, 40
[INSERT], AverageLatency(us), 338086.2
[INSERT], MinLatency(us), 23632
[INSERT], MaxLatency(us), 12165119
[INSERT], 95thPercentileLatency(us), 51199
[INSERT], 99thPercentileLatency(us), 12165119
[INSERT], Return=OK, 40
