[OVERALL], RunTime(ms), 4997
[OVERALL], Throughput(ops/sec), 200.12007204322595
[TOTAL_GCS_Copy], Count, 5
[TOTAL_GC_TIME_Copy], Time(ms), 26
[TOTAL_GC_TIME_%_Copy], Time(%), 0.5203121873123874
[TOTAL_GCS_MarkSweepCompact], Count, 1
[TOTAL_GC_TIME_MarkSweepCompact], Time(ms), 11
[TOTAL_GC_TIME_%_MarkSweepCompact], Time(%), 0.22013207924754855
[TOTAL_GCs], Count, 6
[TOTAL_GC_TIME], Time(ms), 37
[TOTAL_GC_TIME_%], Time(%), 0.7404442665599359
[READ], Operations, 951
[READ], AverageLatency(us), 18522.650893796002
[READ], MinLatency(us), 1709
[READ], MaxLatency(us), 147839
[READ], 95thPercentileLatency(us), 26079
[READ], 99thPercentileLatency(us), 107007
[READ], Return=OK, 951
[CLEANUP], Operations, 16
[CLEANUP], AverageLatency(us), 139330.0
[CLEANUP], MinLatency(us), 1
[CLEANUP], MaxLatency(us), 2230271
[CLEANUP], 95thPercentileLatency(us), 6
[CLEANUP], 99thPercentileLatency(us), 2230271
[INSERT], Operations, 49
[INSERT], AverageLatency(us), 36941.87755102041
[INSERT], MinLatency(us), 22832
[INSERT], MaxLatency(us), 102335
[INSERT], 95thPercentileLatency(us), 51711
[INSERT], 99thPercentileLatency(us), 102335
[INSERT], Return=OK, 49
