[OVERALL], RunTime(ms), 5535
[OVERALL], Throughput(ops/sec), 361.3369467028004
[TOTAL_GCS_Copy], Count, 8
[TOTAL_GC_TIME_Copy], Time(ms), 36
[TOTAL_GC_TIME_%_Copy], Time(%), 0.6504065040650406
[TOTAL_GCS_MarkSweepCompact], Count, 1
[TOTAL_GC_TIME_MarkSweepCompact], Time(ms), 11
[TOTAL_GC_TIME_%_MarkSweepCompact], Time(%), 0.19873532068654018
[TOTAL_GCs], Count, 9
[TOTAL_GC_TIME], Time(ms), 47
[TOTAL_GC_TIME_%], Time(%), 0.8491418247515808
[CLEANUP], Operations, 64
[CLEANUP], AverageLatency(us), 34833.40625
[CLEANUP], MinLatency(us), 1
[CLEANUP], MaxLatency(us), 2230271
[CLEANUP], 95thPercentileLatency(us), 2
[CLEANUP], 99thPercentileLatency(us), 6
[INSERT], Operations, 2000
[INSERT], AverageLatency(us), 54508.208
[INSERT], MinLatency(us), 24528
[INSERT], MaxLatency(us), 425215
[INSERT], 95thPercentileLatency(us), 76991
[INSERT], 99thPercentileLatency(us), 395263
[INSERT], Return=OK, 2000
