[OVERALL], RunTime(ms), 5286
[OVERALL], Throughput(ops/sec), 378.35792659856224
[TOTAL_GCS_Copy], Count, 7
[TOTAL_GC_TIME_Copy], Time(ms), 35
[TOTAL_GC_TIME_%_Copy], Time(%), 0.662126371547484
[TOTAL_GCS_MarkSweepCompact], Count, 1
[TOTAL_GC_TIME_MarkSweepCompact], Time(ms), 11
[TOTAL_GC_TIME_%_MarkSweepCompact], Time(%), 0.20809685962920924
[TOTAL_GCs], Count, 8
[TOTAL_GC_TIME], Time(ms), 46
[TOTAL_GC_TIME_%], Time(%), 0.8702232311766931
[CLEANUP], Operations, 32
[CLEANUP], AverageLatency(us), 69537.375
[CLEANUP], MinLatency(us), 1
[CLEANUP], MaxLatency(us), 2226175
[CLEANUP], 95thPercentileLatency(us), 2
[CLEANUP], 99thPercentileLatency(us), 2226175
[INSERT], Operations, 2000
[INSERT], AverageLatency(us), 24056.1135
[INSERT], MinLatency(us), 2426
[INSERT], MaxLatency(us), 258431
[INSERT], 95thPercentileLatency(us), 50463
[INSERT], 99thPercentileLatency(us), 217087
[INSERT], Return=OK, 2000
