[OVERALL], RunTime(ms), 6266
[OVERALL], Throughput(ops/sec), 478.7743376954995
[TOTAL_GCS_Copy], Count, 5
[TOTAL_GC_TIME_Copy], Time(ms), 30
[TOTAL_GC_TIME_%_Copy], Time(%), 0.47877433769549954
[TOTAL_GCS_MarkSweepCompact], Count, 1
[TOTAL_GC_TIME_MarkSweepCompact], Time(ms), 12
[TOTAL_GC_TIME_%_MarkSweepCompact], Time(%), 0.1915097350781998
[TOTAL_GCs], Count, 6
[TOTAL_GC_TIME], Time(ms), 42
[TOTAL_GC_TIME_%], Time(%), 0.6702840727736993
[READ], Operations, 1478
[READ], AverageLatency(us), 4600.510148849797
[READ], MinLatency(us), 1153
[READ], MaxLatency(us), 67647
[READ], 95thPercentileLatency(us), 9679
[READ], 99thPercentileLatency(us), 13591
[READ], Return=OK, 1478
[CLEANUP], Operations, 8
[CLEANUP], AverageLatency(us), 278402.25
[CLEANUP], MinLatency(us), 2
[CLEANUP], MaxLatency(us), 2228223
[CLEANUP], 95thPercentileLatency(us), 2228223
[CLEANUP], 99thPercentileLatency(us), 2228223
[UPDATE], Operations, 1522
[UPDATE], AverageLatency(us), 8740.423784494087
[UPDATE], MinLatency(us), 2308
[UPDATE], MaxLatency(us), 91071
[UPDATE], 95thPercentileLatency(us), 13271
[UPDATE], 99thPercentileLatency(us), 30287
[UPDATE], Return=OK, 1522
